,btc_usd,btc_eur,btc_aud
0,-2.65137565018631,-2.6757319984990318,-2.6863988836557837
1,-2.449078340190681,-2.4288134323051054,-2.442226606177428
2,-0.628168908346197,-0.6535236045674537,-0.617206360815544
3,1.2858276669539919,1.3066203949529154,1.3025447163290664
4,-2.303700401007518,-2.2877072998326184,-2.3091794387164555
5,-0.8690050439745391,-0.8728860346909642,-0.8701825642419863
6,0.3596798887811019,0.3637951146065461,0.36648495531517256
7,-2.160022440051762,-2.1847585429804894,-2.1779758027751086
8,-0.9915717222920648,-0.9847007487987867,-0.9873822545250732
9,-0.12025735087627254,-0.10947107237734599,-0.11487518823560094
10,2.3424137561141833,2.332787644374548,2.3408465272004833
11,0.3298993836815498,0.327612255630811,0.3208654226291401
12,1.9172589079007594,1.927098132975516,1.923033490222224
13,-0.538857634879605,-0.5450284458092938,-0.5490608909185539
14,0.02994415415378171,0.036344472919154214,0.04576659039776132
15,4.0938962585187255,4.098440715004472,4.087650272107567
16,0.26835631916401326,0.253334058499604,0.27343572152494744
17,-1.5216388895132695,-1.5209679183280969,-1.5276403212556033
18,2.683684816800451,2.6782498817829037,2.6889087388863118
19,-0.26804461614119646,-0.2530410120689339,-0.27311833021485654
20,-0.208528829865827,-0.21694327018667536,-0.2276556035867543
21,-0.6854724812801578,-0.6872976811991975,-0.6832779384858441
22,3.5415122651629645,3.539954570826012,3.547957962291548
23,-1.9924175797877979,-1.9851660523145256,-1.9998643121907662
24,-0.595521694589479,-0.6143949306915601,-0.5916352058975463
25,0.38712944007420447,0.3975927618212154,0.3868780130851519
26,-0.8042057412894792,-0.7953436665247864,-0.7966767621055624
27,0.059592979963781545,0.03616571129350632,0.06831145472096978
28,-1.1030454112278676,-1.0855407058170385,-1.0935436456766183
29,-2.419030879931597,-2.428637351411453,-2.4420036555529805
30,0.9264932894257072,0.9431567427491245,0.9364258909408818
31,-1.315278341051453,-1.306146328934119,-1.302098389587627
32,2.2110681889480475,2.1759637221330195,2.192031931499514
33,-0.8957898478965944,-0.8698173931989004,-0.889933541911887
34,-4.011020703199392,-4.0327762696997524,-4.003070549828408
35,-0.17997480401209032,-0.14562930087231507,-0.18338108934040065
36,0.17997480401209032,0.14562930087231507,0.18338108934040065
37,0.9593189571642142,0.9824434520742216,0.9621993869495782
38,3.3205229666091327,3.3041077206489717,3.29195825718125
39,9.659326436363699,9.667836204598643,9.653132706265751
40,6.309727267129347,6.2985571289045765,6.331630755916194
41,-0.23516270427899144,-0.21407164346055652,-0.22463833322944993
42,-1.000058910338339,-0.9996073803686158,-1.011497439489176
43,-2.9471595998129487,-2.96900649140116,-2.950419365306516
44,-0.177106087008724,-0.1433075382228708,-0.15790126692263584
45,0.8557223260795581,0.8595373353491595,0.8568787589938438
46,-0.7966834785001993,-0.8237085253986152,-0.8117615670798841
47,-4.734156843203891,-4.740536800125483,-4.748454371660046
48,-0.35596689883641375,-0.360048970547723,-0.3627130979184585
49,0.11866971265953907,0.144035144823647,0.15870316872678814
50,-0.9794465426439274,-1.0086819544667378,-0.9979814387243096
51,0.2672169372035569,0.2522658895832137,0.24958874711410317
52,-2.139737509905899,-2.092126434925376,-2.112125059860773
53,-0.863133824439501,-0.8669894336871948,-0.8643042888979835
54,-0.2084543120363378,-0.21686485790087318,-0.22757271046248206
55,-0.9236774936780421,-0.9402915596419916,-0.9335899486050039
56,-0.44724720097838144,-0.4342791035251139,-0.41014423980413994
57,1.3113583377180476,1.3022719247492205,1.298213430936812
58,-0.17872036268454394,-0.18076971795017016,-0.20486905524558097
59,-1.0133524949160346,-1.0129147485422436,-1.002186672803873
60,-1.5518222100145067,-1.5212984678437351,-1.5279887119431805
61,0.7762121239975386,0.7609385275227396,0.7756890332348121
62,-0.9255527852565137,-0.9421997435583762,-0.9582915764822246
63,-1.6741408992384095,-1.6691465829608205,-1.644925092748963
64,2.092238560995611,2.1041183166580595,2.078551701393735
65,0.2089832970232237,0.18118239681280102,0.20533646733747446
66,-4.517787090841011,-4.503039892970264,-4.50425464008913
67,2.1567226188817585,2.1451043510678574,2.128902359525455
68,-3.7172535159697873,-3.711389480133221,-3.688392630634553
69,-0.06006907945993589,-0.036454441065870924,-0.06885708714253269
70,1.7405400066763832,1.7119237822025752,1.7429198311929213
71,-0.8098745137231163,-0.8009611962042982,-0.802283111421275
72,-4.7524603675828985,-4.7460933892543835,-4.758137446417095
73,-4.593402050655641,-4.584892584267436,-4.618839185264733
74,2.1482285382899136,2.166688936356877,2.17351176946795
75,-3.6031710519273474,-3.6014885865115502,-3.586513938755161
76,0.3983026233399869,0.40906640461980714,0.42145684203387646
77,4.889238158244552,4.895789023667021,4.880621516094834
78,1.188137049701254,1.1832570527149073,1.1873582676616934
79,0.8521517345670873,0.8496020310485619,0.8605352129434323
80,-3.748804317176109,-3.7362477570659394,-3.749902494779235
81,3.1401986140117515,3.108350637689,3.1220174003738066
82,-0.33489108741559903,-0.29561747314619424,-0.30245570999613847
83,0.6392402391102223,0.6280827058853902,0.6048199681936239
84,2.249309437964257,2.250466722438432,2.276423747282024
85,-0.6074227241369954,-0.6266703734709154,-0.6266609621252428
86,-3.225514770456357,-3.213239824031916,-3.2090811903653957
87,2.3136883190236404,2.2909517465577665,2.30321038920556
88,1.7317599916514155,1.7331985531673126,1.718133694077551
89,-0.7287966069143295,-0.7002930459602794,-0.719399448544209
90,-0.18226556142508343,-0.14748174940177705,-0.1625015963545593
91,-6.155740907133804,-6.176854658318916,-6.171349682828804
92,3.295901421102826,3.2966045226912684,3.2883642631331895
93,-2.1349933385026816,-2.1471151772184385,-2.1443730101382243
94,2.2263912699254433,2.2580475640424993,2.260783380103021
95,1.4612319565530925,1.4410023000091314,1.4423638652751833
96,0.7906100271957257,0.8119579704252828,0.8133199002950278
97,-5.455750438062751,-5.475006277747525,-5.473594901908655
98,-1.988528379924901,-2.0051248781092,-2.010614849830745
99,0.21433929993145284,0.2229903008446854,0.23400023506837897
100,-8.05389985626789,-8.059143686852622,-8.057644873304525
101,-4.2683557426880725,-4.242146202175718,-4.254621493533705
102,3.8052855792848277,3.7550267546030227,3.7827787027963495
103,0.8950756010472105,0.9365576573836734,0.9198873197110515
104,-0.6480781623886287,-0.6742330854358443,-0.6839380948895268
105,2.312638825389513,2.32044716567907,2.33289844590945
106,-0.5237295826664194,-0.48609943560040847,-0.5179517478936759
107,0.0613177177747275,0.07442414322576951,0.07028806394555431
108,0.7661544022575981,0.743936948460032,0.7494321060839866
109,-0.5515719941249699,-0.5206977467296383,-0.5385975518638588
110,-1.8714819311280735,-1.8991236227939226,-1.899113145957017
111,-2.4289393792350893,-2.425691111584456,-2.4201423953109042
112,7.055243989205337,7.074008426397995,7.056067345314659
113,1.252463086240823,1.2606134182115056,1.2606220737507101
114,-0.8551707808455831,-0.8525939759874746,-0.8402381168853026
115,-0.12222697564357077,-0.14835144484459306,-0.14010835068802407
116,-0.4890573517222947,-0.4822942459340993,-0.49053387419189676
117,-0.7646312556171324,-0.7795824060722225,-0.7479431911870051
118,-0.8877053401392914,-0.8916961393351812,-0.9123127760049101
119,0.6122949003420217,0.6317002235227847,0.6316897911401611
120,2.598078884127972,2.5969222533840366,2.592762743244748
121,1.0373444913639105,1.036883517577735,1.0492079443247349
122,0.8534764440410072,0.8509221919684933,0.8385744726201665
123,-1.8297708743339172,-1.8137069358454028,-1.8178009620023658
124,-4.803803317303391,-4.93956548348433,-3.083826385614884
125,-0.6749915882337518,-0.6703910865599028,-0.5851306763706816
126,0.06138170213307603,-0.18629953292838763,0.538332819705829
127,0.7056189030481619,0.9683787862431927,0.6783546651386132
128,2.664585579856066,2.751033371889207,2.732146433152593
129,3.7855705239435338,3.8905508806856233,3.4918675050448655
130,0.48741851936756575,0.5915191122221586,0.5807943106028688
131,0.7915487367954483,1.1819895735825412,0.7197167876984167
132,0.0,0.0,0.046415558503213106
133,-1.3399112790975778,-1.329836552229608,-1.3469266568044986
134,0.8833250144125486,0.48042278128014004,1.0451870094075275
135,-0.5177165769709973,-0.18475067948384094,-0.6966699459717347
136,-0.7923206265477347,-0.8502930326158094,-0.7901464505903277
137,-0.3354016466128087,-0.3699182522868796,-0.3255359745999158
138,-1.2511254130458838,-1.110576503291668,-1.210062279689737
139,-0.977576909279378,-0.9634983143005229,-0.838594006609128
140,-2.141787068476333,-1.9297860958067758,-2.1229201613532496
141,0.7960565008124831,0.7797850416463916,0.817041189309748
142,0.12241400431594229,0.11134824174223468,0.1866585786701762
143,-0.3979003159183776,-0.40833751518584904,-0.49005309889071214
144,0.5202993368784519,0.5938903704482072,0.6066970201263757
145,-2.60420803132547,-2.6380827903067257,-2.522540693906194
146,1.900208981727701,1.8956647005979903,2.079221391755709
147,-1.0722547478944762,-1.4864917821359995,-1.1442049608504021
148,-0.1532731483785028,-0.14877078169411107,-0.7479431911870051
149,1.4398409472269122,1.4495718868274707,1.4252838376687578
150,0.2142671307119599,0.29708853456759243,0.256802345315009
151,2.2623060703499505,2.3735361981252936,2.261679502613333
152,2.409529477732576,2.3309602636290947,2.697989774744201
153,0.6395322496537119,0.8127078393390548,0.5572971234450961
154,0.7303935319687298,0.7382525897282903,0.76577677869318
155,2.8555824738978117,2.7268054334163025,2.9647494732307678
156,0.8187152692862583,0.9930670032881608,0.9246845173165639
157,-1.0007430593650497,-1.0298662084314856,-1.2022566878622456
158,-2.2781474852963584,-2.3948577295413997,-2.3161025732533744
159,0.7903456653602916,0.8480670112458029,0.510003024708567
160,4.910439984163531,5.366673420849111,5.961613885610859
161,1.9031226007791702,2.08741584227937,2.3011792187171523
162,-3.8098739843062503,-3.9220767612587224,-3.661362937926242
163,2.7832418511370633,2.970462605557259,3.8911898792521242
164,0.030210111326596234,-0.18310658685550152,-0.5976599492896639
165,-1.3906105811201996,-1.6127853360194422,-1.3115057733903086
166,0.9071392475962057,0.916674369809698,0.2302131784181256
167,0.2719813860621798,0.3664345955239696,-0.6677642810045654
168,-1.7540680720685486,-1.686712045533568,-1.729047264878318
169,1.6331965885256068,1.5767957649914024,1.6369068428102764
170,-0.7860209607169963,-0.7697524343220721,-0.6221700107380457
171,-0.756372473848387,-0.5868760026114614,-0.6225573472602264
172,-10.680318779170193,-10.697261727053046,-11.132873124230173
173,-4.537797147417223,-4.609159555622682,-4.628663849842269
174,1.5967086636082968,1.749521189236475,1.6154525023284805
175,-5.2294938914801605,-5.4821222904483875,-5.677301412437373
176,-2.5013523425677704,-2.7711222047091724,-2.591285313355911
177,0.6799987898430118,0.6747638582601212,0.3065929295371461
178,3.269892169160812,3.5163884804369445,3.71878885510705
179,1.9691102295055316,2.1262714342956315,2.463720053774523
180,0.7693610067271948,0.8584172061273421,0.4227138290352741
181,1.1682962652103015,0.9694981742304662,1.0090936614578823
182,0.15362163022837194,-0.0372710161973373,-0.44575303674173483
183,1.1053796261840034,1.2664358976508083,1.5709817175174976
184,0.30683317721195635,0.4093861126420961,0.21083949336025398
185,0.3374077911848872,-0.14884828665890382,-0.6092131965924636
186,9.158411848147807,9.297568504585797,9.563870425447021
187,1.4272485379333375,1.2159848210540076,1.020952823209882
188,-3.587175149221366,-3.615439635126677,-3.5779044720184174
189,11.656731594046505,12.122696399372217,11.984226347733056
190,4.235321651798586,4.335714441464006,4.543167834566702
191,2.305355731274176,2.324062343188416,2.3552288941318693
192,-1.466429507574503,-1.633542426961867,-1.5542860271907557
193,0.2994460270911077,0.32692203200895165,0.2973297523185465
194,-4.2004262178725185,-3.9665984794592077,-4.400346293141411
195,4.110601824500918,4.2207973006170505,4.080141359248955
196,3.049512049925397,2.8281382157147164,2.46750108060769
197,4.8837237116295,4.876032271195072,4.848687494695696
198,-0.8618512502798694,-0.720876617146132,-0.9769508552872139
199,-3.1267241053410544,-3.2142175417775434,-3.050587440648087
200,-0.7160545700844523,-0.5065489651697135,-0.3192556809008238
201,0.2685805534001702,0.3256680747417704,0.7751584903198818
202,-0.5969436662453518,-0.8324737618113431,-1.2998713361503178
203,1.908966755217989,2.0256834562896984,2.188284438310802
204,0.35752592443714093,0.32517388056294294,0.43253088147866947
205,0.3276198447802017,0.32506817688408773,0.34133964763896074
206,-2.206058609923275,-2.205311716068536,-2.5286767543293536
207,0.9247520981189155,0.9767215492411196,0.6840569402102119
208,-1.014289636792455,-1.0129147485422436,-0.9578107915840519
209,0.2685885686951224,0.18095289845223306,-0.045632928728082334
210,-2.2703519834249164,-2.282402947163064,-2.5130233457493887
211,0.4783973779394728,0.5076510370799951,0.48024699339293875
212,1.6129035754638608,1.340409931342947,1.3251995450482354
213,3.7533556127655174,3.866240295013995,4.033320191596431
214,-2.3814496415525355,-2.5637799082833226,-2.960738247351401
215,-2.357260106566173,-2.3166592566249165,-2.2148909030765935
216,-0.2390200190639007,-0.25371051766160235,-0.1828905862166721
217,0.2390200190639007,0.21747009871796763,0.22860800684793503
218,0.418147612197572,0.4347983691095578,0.25140846007707296
219,2.8030434336342296,2.8215906434998033,2.8069072867019713
220,0.35727045753264974,0.18059995353542035,0.5012188836626592
221,2.319151873458395,2.344836124248104,2.4341705700499006
222,0.2672486764822679,0.28821558725394425,0.18175621996851987
223,-2.437575523248597,-2.308053965569343,-2.1604911579706823
224,-1.668106788161822,-1.5898829003926949,-1.7089541944187658
225,-1.1335164082083793,-1.2664871154247521,-1.1180961586487683
226,0.41776080817908223,0.5429766110501077,0.5021570030894509
227,1.0138359647007746,1.0127681988378754,0.8667686042517744
228,-1.2226945532784157,-1.1213399377211317,-1.2091210251746816
229,-0.4477010625596449,-0.3619909541794186,-0.6622138736038323
230,-0.5076369608996174,-0.543232245137915,-0.6626526914242277
231,1.1045271806669916,1.01379493820059,1.302038902465938
232,-0.8058859958291578,-0.7602498329797527,-0.8678375404797407
233,-1.404389694915153,-1.304631626664559,-1.5777382170017518
234,0.8966466020065127,0.8337109680905996,0.8234783272946515
235,0.44675433722659363,0.3973486063805467,0.5014587997120543
236,2.6763427417918138,2.849056149367243,2.7308120650232013
237,0.5937713561033888,0.46805523906186863,0.22723141344795295
238,-0.029680195890250616,-0.14399366452926188,-0.4999772841747472
239,-0.5343942175095435,-0.57618208947315,-0.431999824824743
240,1.928412031606058,1.9432854827118717,2.1127488350066415
241,1.865534068821944,1.760089536443047,1.5873019205737364
242,-0.7694812300705962,-0.861697597481907,-0.906721132052553
243,0.3256220149251021,0.43094161408225773,0.2947745562887576
244,-0.08879548924778646,-0.14362657116180344,-0.31745312164275674
245,0.5326547043932806,0.5743825545614527,0.6801333323455765
246,1.0940111379295558,1.0760788728020998,1.268345884835071
247,2.7150673311352875,2.8281473018523684,2.7350521677763027
248,-2.8628367519995663,-2.7922979408631363,-2.8935074554210587
249,-13.030081721348324,-13.171142142975441,-12.98778737700377
250,-0.6889425005520025,-0.5813531157127727,-0.5964670972898602
251,2.782808241181556,2.794666549867543,2.818613871511843
252,-1.6747417037167907,-1.559694906220102,-1.4197717010847555
253,6.860578736082971,7.233827840604135,7.670219771309348
254,1.277423936760897,1.3685312036141113,1.5678792536637047
255,-4.373770342932403,-4.6534362421025435,-5.2815020212819945
256,-2.35845645421432,-2.2805026987243764,-2.49105975947532
257,-0.5381487812246633,-0.5800043662911776,-0.5722198853763985
258,8.190297894978357,7.981695407039297,8.094994551580385
259,-1.3653500087875727,-1.1877982139794767,-0.9770396478270413
260,0.3266663726026309,0.1800601405720954,0.477278159947673
261,1.157321671676982,1.1156498017171543,0.9084715591889108
262,-5.17380952514759,-5.084481681853504,-4.664665150869041
263,4.402410584656536,4.400843983195955,4.3922103312725085
264,1.9570058136196167,1.8339721414195083,1.9736176908681955
265,-2.7587042694940465,-2.4100297631121066,-2.995984900591793
266,0.3860831908750697,-0.07203054097954009,0.2045570778191177
267,0.3265693914745498,0.7560620330987149,0.6815548801914701
268,-3.240722930198899,-3.063783101972149,-2.729011063291182
269,0.41682794541702606,1.1905837069771223,1.433659376032665
270,-0.506170828570248,-0.4688486245850072,-0.13645046869169164
271,3.567503857977499,3.7805867125971417,3.632322548000957
272,5.002748618931946,5.090164053439366,4.4768095028030075
273,4.919080892101192,5.313376145020811,5.646491578268979
274,3.607623910109396,3.7274400174228504,3.538082827342805
275,11.237708876366014,12.395397807396876,12.307710956778465
276,0.4643468754547939,0.6668187728428165,0.31014621427311795
277,-1.2774731000135944,-1.8260355532220274,-1.8845131894977385
278,-1.453657658003067,-1.230942529740787,-1.1768495102078305
279,-3.6142159485771117,-4.090562160565241,-4.007218345621368
280,2.7992436998410994,2.893336763152547,2.22821456303609
281,-2.011164092205945,-2.045639622818271,-1.7375811901256384
282,-0.4377453267625242,-0.28248587758389476,-0.40140939836965117
283,-0.11676445703233185,-0.07063393963835551,-0.04461099215404829
284,-0.02919324468530249,0.3531198172222503,0.4906114901496039
285,-0.6424670956603222,-0.7063643720975961,-0.9591471018484299
286,-2.1347846273238247,-1.9804787913435575,-1.7198445211724902
287,-0.029275290193254477,0.10619656995004334,0.0670623344649357
288,-2.520886576086923,-2.5163487255031214,-2.5291254430667323
289,3.5450121355988813,3.7544761277749785,3.5121900023295893
290,3.649053106917563,3.7052109365395154,4.411870165686196
291,-2.5383316084171383,-2.6098625239319517,-2.872189624094972
292,-2.9256040293239494,-2.2626843664584158,-2.209846991334416
293,-3.081123965741426,-2.622626963968287,-2.931667442295293
294,-0.47033924084098544,-0.4614429046305304,-0.3586559407194727
295,0.05880450444055896,-0.17753475289464404,-0.0672623118316551
296,0.9404020911679254,0.8163990159719106,0.9860607674490893
297,1.702227981244505,1.6308012264616991,1.5667318945997977
298,0.26387932072429976,0.28334632193582365,0.17889887788805936
299,-2.847708346462241,-2.801569291670603,-3.000786038577644
300,-1.588843127074142,-1.6704878509208356,-1.8856917543853342
301,-1.7683470567426411,-1.7801834729361872,-1.7766987322756904
302,1.9450098961751792,2.100280216016472,1.889041873282622
303,0.9416750739983399,0.817559807379439,0.44924639673808997
304,1.3790475022688042,1.3822682028621784,1.3879563454938761
305,1.289301904505919,1.4510965401750582,1.1626088460470783
306,0.9366311236462934,0.4950145069615246,0.40212680940567225
307,0.4679867879167432,0.4594370210343186,0.44661799272944336
308,-3.926169707940062,-3.8587533498739504,-3.825037377737317
309,0.8803334097501647,0.673699165627113,0.5825286387917004
310,0.05866134805364709,-0.2126980758839636,-0.4480688308667595
311,-0.5016007068552426,-0.2852354994902271,-0.02252176165347919
312,1.9165284278824402,1.674594658519709,1.9350199539694586
313,-2.8318602995714173,-2.5664803422296245,-2.7236013370002183
314,-3.462207728471185,-3.7188056874692847,-3.725997061928865
315,-1.6910688912703336,-1.6851620129600633,-1.8568845915178827
316,-0.5940358972366084,-0.5025125733882305,-0.18134421448485227
317,0.38616347076458624,1.0765036205375509,0.8837425938581873
318,0.35632627986342413,0.10758665218600072,0.022649800117505947
319,0.8902606083865976,0.5019180544913979,0.11324130602042715
320,0.4448332690008101,0.3583587209104735,0.656546813861496
321,0.17787791692717292,-0.035830093698677956,-0.02263237108309113
322,-1.0380675082815287,-0.7168716031574149,-0.24898989455869014
323,-0.3264724679174833,-0.21516173073177924,0.31688547118938004
324,1.275604972805013,1.290276513187564,0.8596118703335378
325,1.3628016566726728,1.3959234151061537,0.926647974005391
326,1.5974444291568943,1.3939775289181853,1.3545243176286021
327,-3.968729294041623,-4.3312580015808635,-3.978485287514559
328,-2.4066685215730104,-2.4423544932924415,-1.813648196071881
329,-3.27761683130484,-2.953147966796678,-2.954211897433197
330,3.0098513327775436,2.73735943871543,2.9995932139518118
331,2.7041098120753304,2.5146401151923783,2.967999913116728
332,-11.941153293533716,-12.019418849462454,-12.085495604076641
333,2.5794081665917474,2.321280647704043,2.332869342437334
334,2.632525153207098,2.677280904545114,2.3730216949770693
335,5.690042908379837,5.297214239048117,5.25078774675967
336,-0.6834762460894126,-0.5752085289459501,-0.13603591369064816
337,0.0,0.14383315379018313,-0.06802489713845716
338,0.05945126484220964,-0.03595634899647848,0.18138944363272458
339,-2.410607836687632,-1.8715139527703286,-0.9980493501880119
340,-3.073757623815254,-2.994500298438652,-2.8635732392576756
341,-0.2690301479433401,-0.1445400016982603,-1.0019128263211314
342,-1.5558151718614681,-2.0257567338503577,-1.9840145160997054
343,-0.9586292337135092,-0.5795421779130265,-0.5251681229492533
344,0.2697073691415426,0.0,-0.4568922270736948
345,0.08988629389750713,-0.25365535620585433,-0.25137973326127394
346,4.87171637645406,4.880615606352876,4.537947471635562
347,-2.2685222551644983,-2.1300800515600713,-1.9585968136852898
348,0.41827254052986973,0.2529587148746941,0.31910286779566377
349,-0.5079251367806137,-0.03613304186546884,0.4556846740979381
350,0.6273994499460969,0.6140842210788833,0.3643982913599757
351,-5.750929406660362,-5.395142986106293,-5.159475409142033
352,-4.60656873141852,-4.038204669053812,-3.691860325545349
353,-0.21126654371073528,-0.25520899932598695,-0.22975829528513714
354,2.080538675079879,2.03985063264372,1.676022938283495
355,-0.03012184285580588,-0.14556570497734356,-0.367107199423117
356,2.3768345149746892,2.762131503519413,2.3837913552761165
357,2.37119856573554,2.3925190851459774,2.3781224049671437
358,-1.169888993987115,-1.6306419281881972,-2.1263226073660917
359,-0.5103802443518362,-0.39900611734083213,-0.45786498361849226
360,-3.369032184360549,-2.906661930914197,-2.843451662436564
361,3.69930796763947,3.55949816474822,2.912144775978959
362,2.5784028196048894,2.462431083115007,2.332762635909603
363,-0.20962163371950737,-0.1085089068801608,-0.2513108156836097
364,1.6159443322467268,1.6625107736144855,1.6894209762231185
365,-0.47852614861949405,-0.50568901204133,-0.5019622264735517
366,-2.995987620575761,-2.3149833097759256,-2.4907182256520173
367,3.414710521861707,3.5426418860624835,3.699563469624991
368,-0.8376212048897287,-0.4331191867313464,-0.935016430908945
369,0.41889830360378255,0.21658304239463178,0.3877958417597256
370,0.3888199364046159,0.360867529447205,0.3648469963391108
371,2.8367966229816375,2.990185061455122,2.732117723342526
372,0.23852116988382477,-0.14390042115701362,0.11367640885691799
373,-0.1788855435424921,-0.10793890668537642,0.27277066975329944
374,1.072833575302866,1.1148072718006006,1.27194693142701
375,2.439388387998406,2.441039371282386,2.131423418133636
376,9.198118766886182,9.314343877453211,9.109214980091565
377,-2.446538485801284,-2.8101396883175767,-2.809590412045509
378,-3.0444123122488236,-2.3537814005539985,-2.6820846171558514
379,-0.029602877400975558,-0.357117352557907,-0.1579939288476453
380,-1.1255591958724835,-1.6086081861521961,-1.4230697785642406
381,-0.1481942532973335,-0.5367782697921939,-1.1761248047896515
382,-0.978633253769658,-1.0027576673783187,-0.9509578219694959
383,0.29665668140114576,0.5373166536246572,0.3850204448117438
384,-0.6230807091087627,-0.1790734743262874,-0.6568888621732185
385,0.5340929448684619,0.7161015738001879,0.860663216742978
386,-0.6528190142835228,-0.9310320804306684,-0.7926891827974032
387,1.6016138196464453,1.8611981463509437,1.7204694785796164
388,0.3259404150539922,0.3217790835624328,0.2713826964954933
389,-5.4959067676754785,-5.628162765689922,-5.669077973436288
390,2.9151070676180098,2.9076570786201046,3.0652930918604397
391,5.686713781924482,5.540576451376182,5.3361195647867135
392,-4.528979842332774,-4.68066955496397,-4.882800125486028
393,0.11866619214197272,0.0,-0.09064744946954306
394,0.20763195827021264,0.143245953546284,0.1133080279942078
395,3.582270132365011,3.4317614290393976,3.3255315862934367
396,0.26593780167058867,0.24977252988719556,0.29356306735826365
397,1.682632387668491,1.7110473643006117,1.398885632330348
398,-4.049007319828888,-3.8539818605622713,-3.8403372474440403
399,1.6570502386093722,1.8574750830830453,1.6282965287464322
400,-0.17740981714268855,0.03568688329141878,-0.09039139480046288
401,-2.961473423341886,-2.8231949422679463,-2.806193567759692
402,1.9555561787583429,1.9306405710813124,2.3315046496136347
403,1.922196034767694,1.6416848797780403,1.8297026756044943
404,-0.7388689730414626,-0.46368128093672567,-0.06770709911324957
405,1.0047282169107348,1.176617538987557,1.0376720985241263
406,-1.5370521189943247,-1.6762071721877874,-1.1505274519386148
407,-0.7398091629856935,-0.46412825053448614,-0.045145707779738586
408,-1.8964092444184644,-1.7871189258530649,-1.8979625201282033
409,-1.0683127611118834,-0.9305655646458035,-0.5655660901593365
410,-0.326656671895762,-0.2865021686320688,0.09051207210904977
411,-0.1782213513906754,-0.2507567493557872,-0.27156079734231753
412,2.7884918691652274,2.683412762458829,2.351080544945944
413,-4.39391497530778,-3.9740130706595664,-4.095352640508281
414,0.9799700854036928,0.7519470410716167,0.6336848987666599
415,0.05936127272252634,0.07158452345538535,0.0
416,-0.14840978938264016,-0.07158452345538535,-0.20364064284876804
417,-1.2772342193438817,-1.289398459442964,-1.2680299686053331
418,-3.3940725686970836,-3.626379573253871,-3.6090879138373566
419,-0.6563246058994991,-0.5396945459942799,-0.5459012054416235
420,0.35804863876364834,0.4317789358974551,0.6141179071910301
421,0.7455231681142322,0.7192175223717641,0.522840170579002
422,0.20864692545001162,0.1437814524415444,0.2953974821812153
423,-2.3273866207764513,-2.3750416000766563,-2.046850839707986
424,0.9823037298829149,0.9335057406333362,1.0665457413124386
425,0.5651314080896555,0.6816266026526137,0.7255084545231512
426,-2.9183189765681163,-2.9091190807575913,-3.064318998491217
427,-0.17894956652344263,-0.2518030913142866,-0.1591469725663046
428,0.029827151658537332,-0.1079350232212164,-0.2728823211928102
429,-1.492448489070739,-1.584386921764235,-1.479408051509381
430,-0.17924359252174327,-0.07207726686101523,-0.22779562275354692
431,0.4779115357250703,0.5404529126826674,0.4555393664777512
432,-1.913018069588361,-1.9830903035799565,-1.9374770999293105
433,-0.8081534135362745,-0.7220998977863928,-0.8217114885665069
434,3.765807373312782,3.749238322414385,3.578636872536663
435,0.9243384929468448,0.899167431596652,0.5231850715899782
436,-0.35770710131873784,-0.3595699582110683,-0.2956796673552162
437,-0.23854250642216357,-0.32372354292238015,-0.5460999498591264
438,2.4126182641030027,2.15618008572892,2.023624796709555
439,-0.11900511735984765,-0.10769865925612976,-0.1135782839555759
440,-5.579355991725606,-5.6524785519250145,-5.558354098229756
441,-1.377245726680485,-1.3006252059294638,-1.5088131248612626
442,-0.44951228674472077,-0.6147726438994141,-0.6407909410045249
443,1.3778645283091464,1.409800150360752,1.4412026240079285
444,-0.059867692418265506,-0.03612390499802132,0.2057166374870576
445,0.5087611775343248,0.5056159593423217,0.5255281107129122
446,2.331003386474549,2.5962801256337116,2.669071174239434
447,1.044199566813404,0.6480181671831815,1.2067259350751556
448,8.107550535596602,8.564672231554141,8.564489544529351
449,3.041894816162312,3.099562486519062,2.9285896128312743
450,-0.8260074810314109,-0.8184908198800258,-0.8326488840848469
451,-0.8562276316970383,-0.9973286668173387,-0.8558751845703227
452,-0.11815791819390142,-0.07127583752117062,0.02253241851940402
453,-3.996038884177324,-4.106928615992729,-4.3129307803174015
454,-1.7811558470166347,-1.8984513627001434,-2.1294437514552556
455,0.0,0.0,0.15873195874519297
456,-0.8620305811509752,-0.5738263615476171,-0.36285293515175
457,-1.4582250928633584,-1.8312721683560085,-2.0207760750690795
458,-1.0130807457444462,-1.11476718306767,-1.22808229939983
459,-2.11886615525691,-2.125093097185527,-2.4835109997693507
460,0.4778829875012889,0.3244587875669822,-0.04562668249127455
461,0.08957764147999114,-0.036045778142579366,-0.6389922397302144
462,1.55140552627563,1.4408186340988323,1.4599541795250843
463,-2.1786175893084874,-2.342385618479966,-2.2135767416548333
464,2.4170818804104783,2.594315583282878,2.669375651070368
465,3.2137146030963777,3.1975883676950616,3.207500560394692
466,-7.1257438407974405,-7.70591836676067,-7.7748655991108535
467,2.3012906344174553,2.5992794417870755,2.697267796014785
468,0.2984807352841017,-0.25241143197126803,-0.2511329533881508
469,1.8485947003791807,1.8375403754489525,1.8477757815144287
470,1.5180607460588362,1.4747938861273724,1.5258312476253195
471,-2.2034310963517783,-2.231019277322048,-2.232601451343726
472,-0.20868424658692675,0.0,0.31924840076680994
473,4.106048793055379,3.990729558850944,3.8457647325867583
474,-1.4857519150682492,-1.4003341546103911,-1.6138751272465015
475,-3.724066212784237,-3.7438396441521036,-3.7378108975317446
476,4.140299309325201,4.067167771125241,3.806055531824313
477,-0.41623309654096374,-0.5030000465321791,-0.5233279223866703
478,-2.2327750750373525,-2.01453410097929,-2.1416699535093358
479,-0.9243384929468448,-1.080886432020634,-1.2780721111666935
480,0.2087962901514402,0.18022889117855811,-0.15987392832903424
481,-0.11930682747515675,-0.036043179732587305,-0.09136800755550212
482,-1.3133154142688,-1.2262417232450389,-1.16567445173132
483,0.08959904433686461,0.1443418016351643,0.13720871754412656
484,1.2237163699319353,1.2621028305729851,1.2568701022701134
485,0.5665807007189869,0.43235453745000996,0.43382462749468687
486,-0.20870291216306214,-0.2161539024200465,-0.31964200368202
487,0.32794216586808034,0.32421333521233464,0.29681382000489975
488,-0.7454787063797994,-0.6124912371033133,1.4143628601032106
489,0.715670225863505,0.6124912371033133,0.5013902288374084
490,3.1844791126040946,3.3081655484947987,4.138250562320536
491,-1.66537836623138,-1.832522386304845,-2.1351997935853433
492,-4.235398701744998,-4.288990373985143,-3.622078109976428
493,-0.9868569409882184,-0.794941324607862,-0.7533988918385148
494,1.4351065338632907,1.37268381197282,2.167342432840087
495,1.1048240124109725,1.1184271031452226,1.275394178532224
496,0.1790456869694026,0.25237503063362965,-0.09104565946108778
497,4.73306731437151,4.747185783406167,4.519499420392094
498,1.2465128936419205,1.1832835703044111,1.8337621022183157
499,0.9486822922517604,1.0387006431828922,0.9043227239544649
500,0.8293593674643489,0.8230305880479136,0.9712356913314579
501,-0.7108373370429035,-0.7514358144362632,-0.7678757322064484
502,-0.5631047968236089,-0.2506041362776159,0.06777746401894547
503,-0.20753961857735703,-0.2864816492310638,-0.2485398297867505
504,0.6817542095614044,0.7160502973238181,0.29372225383303885
505,0.8293348025854357,1.0373630448630138,1.0611997067171615
506,-1.9856270879026852,-2.0041521274160914,-2.146141723544133
507,-0.20768123971174646,-0.3224708460566035,-0.2487984180206695
508,1.1565323116428772,1.2176779672336124,1.13040344827823
509,-0.35571365426221746,-0.2505772238419013,-0.27118031397185405
510,-1.2756806595371017,-1.361373047286179,-1.8323931424220063
511,1.1274292842335853,1.218157866233014,0.9957906041709066
512,0.7706672581116436,0.6085229189266101,0.022620084371737903
513,0.5924170789348864,0.6081528439717658,0.6105489476794901
514,1.8638231509758043,2.0364059126495704,2.6865047594383213
515,-0.8871016017310467,-0.8569286774272769,-0.9022217821893719
516,4.250928910543735,4.028310529096416,3.9412246275878715
517,-1.7100069029202132,-1.8517204920754011,-1.8898493745655287
518,-1.5651535125743976,-1.1769112790552754,-1.1040637422684085
519,0.17731020466635528,0.1784089494667569,0.33810817529592896
520,2.567471272115654,2.5299780095610913,2.5883717846299987
521,2.8548323413961043,2.8785179526839784,3.410904727405068
522,-4.77243504132457,-4.552575795869416,-4.310448269745393
523,-1.507159290569689,-1.3555454578090576,-1.0354764116291335
524,1.5957450194673584,1.6406894574611215,1.8900619896576245
525,2.1531708585607703,2.2782296625991876,2.1781364220096293
526,2.324932255769454,2.0956549485090363,1.9495586056327738
527,0.32329645096433524,0.283818783613242,0.31336735863987997
528,4.485955949112395,4.530179398580003,4.777861288199347
529,0.204759189282413,0.21184944645210635,0.2004387387969473
530,0.14623089885026275,0.49414091080325306,0.4675342108694167
531,1.0522317049526464,0.7760141482904146,0.5563034890183189
532,-4.773138976177506,-4.594297026618733,-4.392083486995034
533,-1.7333318087403313,-1.6307434130067122,-1.6324343663382024
534,0.5585196435440594,0.5675167747122032,1.0736814881929604
535,-0.7643686981009523,-0.7094463069370249,-0.40249547735948
536,0.23525260356836952,-0.10646037022888777,-0.5816685101017356
537,5.0445907072080445,4.708890076222815,4.198308980290676
538,-0.9073215613734646,-0.7420363938308583,-0.6464628676203574
539,-1.4944838754690863,-1.5919345362508466,-1.5844857642750867
540,2.869778536929516,3.00486306519997,3.3000386709136365
541,-1.082520329822728,-0.9181764249951812,-1.113660270568289
542,2.0762366179387755,1.9060398979363526,1.313987472332883
543,0.9635459232704306,0.7754944165299094,0.9120942091449251
544,0.7876657787219301,1.0565241341992078,0.6446378581185854
545,-1.7512117019923608,-2.7492879747187544,-3.985621432235348
546,-2.45685996645625,-2.3676177641227696,-1.9876060365168087
547,-1.670599312908962,-1.2744717978130211,-1.0288526964377525
548,-0.7336003967648139,-1.5953772905049846,-1.3211668495096092
549,-1.821654683275483,-1.8111765165594989,-1.8166531488986948
550,0.5879931962226692,0.8882415179596137,0.987233358919184
551,2.495121133610155,2.6245803326328314,2.396712948278946
552,4.358834990849573,4.805662958882749,4.753995718247097
553,4.63051428036124,4.71251091916929,4.797983393043978
554,23.404132184114133,22.960811693163123,23.17433304404949
555,-0.7382379164882877,-0.7546393525226449,-0.9964907024495915
556,-1.9048978679329593,-2.0610065003675118,-2.2348802358774265
557,5.958478643466151,6.409509355145929,6.8623157301444735
558,-8.095140282805005,-7.992496023845888,-8.2099955341655
559,-2.0522767514466977,-1.8919528871538205,-2.3464499001111108
560,0.9696555630835064,0.8604223483453097,0.9131626498783589
561,0.2850139676138497,0.4471272151404264,0.4779907100073615
562,-0.2565089150903077,-0.171948347140642,0.06516285285579215
563,1.4242176332827512,1.3060665200810035,1.5626359634279652
564,0.4837722949741874,0.48075273066206137,0.3469210789353383
565,0.5972781360451336,0.5148358645401458,0.3684718214935856
566,-4.274119628184053,-3.7471896984352497,-3.995401923210011
567,0.22724044977803715,1.0262024571638904,0.8002855499744328
568,-0.4545325495146244,-0.17096062818382052,0.12971570659101417
569,0.9088585930512636,0.44443685454825754,0.5619070407847175
570,-3.6404010511705565,-3.6982543948815874,-3.614683430576406
571,0.28488405411735584,0.37730024972006504,-0.06505404909512436
572,-1.9388139395250619,-2.094097814642737,-1.8884107151898206
573,1.8533572446540347,2.368408610493134,2.3003482366002572
574,0.9396222271298029,0.7539669297166256,1.2347953866828902
575,1.3083050785371597,1.164104626957851,0.973762587087549
576,0.4262514095316874,0.7867148222630931,0.7134904035538057
577,-0.4546746313062613,-0.4445888481441216,-0.43235765298049955
578,-5.472281797116011,-5.556903813285317,-5.181190254557805
579,-1.9739389339156332,-1.6868925594135362,-1.6314459313944099
580,-1.4901851160011574,-1.2756642940767051,-1.0891111752007419
581,1.1178469713850063,1.1722926557176834,1.1544201410579262
582,0.0,-0.48254231798455294,-0.47903149459489214
583,-0.5444360207275167,-0.24135850474885956,-0.3485307286900934
584,-4.5677265243557486,-4.596914687936078,-4.4982170353177935
585,-5.6595207657446736,-5.697625196633453,-5.684389860447482
586,1.012980709749172,1.114283839788186,0.989957512678302
587,7.694008130507427,7.661810089226492,7.950020518466772
588,-2.788359693784514,-2.9745456353812187,-3.0586408534691145
589,3.0466797537719685,2.940008689478418,2.9277479454958666
590,-1.6084100316675176,-1.762967772585398,-1.6813148782948701
591,-1.8989532694540685,-1.9393945472729683,-1.6403664975459833
592,0.9211549630908848,0.9355347956297919,0.9845427594536886
593,-2.275641546057159,-1.8719456362468918,-1.838597930769538
594,0.8647776619181968,0.7977386268412374,1.2261074817852204
595,0.7200772233882162,0.831744979503128,1.1808958685123798
596,-3.3166569691165932,-3.3311387894063955,-3.086388423384051
597,0.4909818290943804,-0.10427709910436533,0.021922853480646154
598,2.422495777344011,2.673009419644586,2.3867143660936563
599,0.08640926312909869,0.03466745246259961,-0.3062318198790308
600,2.473895919833012,1.8702599570697203,1.8578225112978544
601,4.78654950186683,5.039185067225844,5.509415850005098
602,-4.068540366666639,-4.485705047562078,-4.52725829847077
603,-1.6116966592417157,-1.4898743292633299,-1.6829685410539241
604,-1.181641466117071,-1.2143292324017239,-1.6419825698249042
605,0.057673452925882884,0.03471559251374856,0.06573109411692712
606,-0.6057372151117306,-1.2157633885453833,-1.425141933179475
607,1.7585083159956412,1.5975553859625506,1.9727330934092606
608,3.3929528208227566,3.6024840650898113,3.148300551860302
609,-4.60339737463255,-4.609341193809087,-4.572661747652091
610,0.2595043481542234,0.5903495387883595,0.7014775157222175
611,-6.217756486450526,-6.163723307992768,-5.846042011651662
612,0.23205221278658428,0.10478702047475963,-0.15430567985640664
613,-0.11601937536579499,-0.2794564590076334,-0.22047799718893657
614,1.0147134305461805,1.3965019900388143,1.47627520779497
615,2.2865753316400514,3.0306748155016976,3.4727599356174323
616,1.5022391962775146,1.6681730427171715,2.0603650188131724
617,3.285494914622177,3.2241876463194785,4.217064578240752
618,-3.112304751390184,-2.703453746926243,-1.8769101974412479
619,-0.11545677599860937,-0.10412508903391426,-0.10923112223827047
620,4.03307665043576,3.741689509497519,3.7071809035733168
621,-5.188378168186318,-5.165820075484589,-5.1939099368810275
622,5.820671113318895,5.753516495351505,5.433313605251897
623,6.472329141057344,6.373288302684159,5.5770898547634715
624,-6.84590846635183,-6.615239118720638,-6.665750474390734
625,-1.3805800628160796,-1.6606701851396792,-2.421071033744738
626,-8.265704122304669,-8.0307754869973,-8.244937505614871
627,1.5079459996959486,2.0224569276069815,2.0895891114232654
628,0.7531211432651617,0.4527487147879583,0.8346145883115241
629,0.0,-0.10446228050750506,-0.702787018582967
630,0.057908909302568645,0.17409773891267832,0.7466948122237227
631,0.8103728158221202,0.6265010124516266,1.3163381379035854
632,0.34710170428297715,0.0,-0.08770198869933665
633,4.760471187766598,4.755549861696636,4.550334906170974
634,-6.815910863437239,-6.671092458742351,-7.294905127939273
635,0.2028368184746796,0.20914668230216193,-0.065962335529548
636,0.897783115369748,1.1495255119334615,1.1427316923109174
637,5.283456056535215,5.000704961956217,5.191744320209182
638,5.198397622007178,5.389358722699399,5.512657087652769
639,5.655865168391756,5.634591970649126,5.3095360249972146
640,-2.3670000071833783,-2.2294259032660193,-2.228738656389396
641,-1.5143941747028293,-1.2025220050400094,-0.9535988239149447
642,-1.4880529287547688,-1.5137964770674444,-1.5189656596448913
643,0.7156864453882008,0.9979869025210064,0.41251886773170554
644,-1.804511767857548,-2.0659030175847874,-2.194818070189285
645,-1.0900121554241196,-1.0345541994556697,-1.0447729657680611
646,-0.37317182124752435,-0.5176787401414913,-0.8496825095335225
647,-1.0053860810967308,-0.48340873148845276,0.06538583091423789
648,1.0053860810967308,1.0700910598443443,1.0020477464622672
649,1.2051305581826455,1.1034103391848475,0.892283979590502
650,-0.11471178676401905,-0.03446315027940727,0.08700948408841214
651,-1.4924519158503244,-1.1034483878247556,-1.305937848845133
652,-0.8045515059602621,-0.9665171618817112,-1.1768040236202069
653,-1.8702081381579774,-1.8320404716287157,-1.0908695311081829
654,2.7322028471680824,2.4879932665480737,2.289453166833482
655,-2.098455674828074,-2.2113200912044704,-2.005887514389542
656,1.0354051947488188,0.968054286635379,0.9598395187294955
657,-0.5750927495555516,-0.44933723514986923,-0.436176483917734
658,-0.4603124451932672,-0.4495392298686056,-0.5673140016879188
659,2.87348262427804,2.9011555887591385,2.8768844897040253
660,1.4909541999804787,1.2752246295513032,1.1745259745912335
661,2.2036841910266958,2.1332240404499316,1.997872496720447
662,1.1714119709267834,1.270888247037874,1.322479081862184
663,-1.342953269913778,-1.3740040633765602,-1.3658686770450004
664,5.133481499238769,5.382162766960391,5.430739138948411
665,2.471767719152922,2.526805960957063,2.478369424778066
666,-0.4259246177825844,-0.4095563197188312,-0.34468644646403845
667,5.974731426120343,6.024012090814722,6.186251068033016
668,-1.4125892279971595,-1.5620758405875677,-1.6073211565599195
669,-0.7636286873239442,-0.7479431911888241,-0.7509682478812465
670,3.8123254735182854,3.6324789996961044,3.5781279806124076
671,-1.9467060274673713,-2.1371516182625783,-2.055323152242636
672,0.7339864259738533,0.9164814544856199,0.5570672695648682
673,4.252150078606064,4.3334078239258815,4.360099238649127
674,2.3576311125470966,2.3956148108154594,2.30061451165966
675,1.2887321781399805,1.4144273928122857,1.148325485039095
676,3.939928254156257,3.8291058474205784,3.860599156763783
677,-2.9427859972493025,-2.863256297334374,-2.744303042354659
678,-0.05613719932989625,-0.03373420817661099,-0.21305153797220555
679,-1.6855830488239008,-1.6881630047464569,-1.770081821930944
680,0.8150532343679515,0.7093756103367923,0.7681311321412068
681,-1.1243852203569986,-1.3854395917387592,-1.2591906562865915
682,1.8264845260346192,1.452972936353035,1.8562183291942347
683,0.9260169309054618,0.2700877801707975,0.38361536636875826
684,0.9812030335433519,0.7760962748889142,0.8732415919694176
685,2.9657837692539033,3.0647493888300232,2.9336132091157197
686,-2.321517020543979,-2.457789564423365,-2.3589678239841305
687,-0.7563555231354258,-0.6406906189386063,-0.595934890470744
688,-1.851280997723734,-2.025932621623724,-2.5793813130640046
689,-1.0112360412313137,-1.2852168035533396,-1.153279499076234
690,0.25290489505823643,0.3045427652341459,0.2563993005805969
691,2.3573664552586706,2.7029782987210638,2.688231014468329
692,1.7923661224340321,1.7530261037918535,1.5967132396090165
693,1.733296492096997,1.6827088846312108,1.7215915154502
694,-0.9221870457513432,-1.2112649103819422,-1.0623606650915463
695,1.005980077012282,0.9085862015199382,0.17005356728441257
696,-1.117818135619018,-1.144280406217149,-1.084587272038334
697,-4.146825779938808,-4.150573709002856,-4.157832832397617
698,-0.16847780344869534,-0.16908743551357475,0.1495550739364262
699,0.028081605147235678,-0.03382091824278177,0.17089270115866384
700,0.19654915898172476,0.13527681038067385,0.1495071606041165
701,-0.9269273025802249,-0.8119354957379983,-0.6622729019945837
702,0.7584589601901826,0.6766586853573244,0.5554843538975547
703,5.991227081485704,6.00217609883839,5.962665933655444
704,-7.0307428169944615,-6.98348063575213,-7.116709487963817
705,0.36535840660508256,0.3384896623738314,0.4062042407986155
706,0.617994907164757,0.6428148745399085,0.4060393059098715
707,1.4311573769118695,1.3857205428230372,1.643841835533749
708,0.4205391373634484,0.5064915439779725,0.5118143931576924
709,-2.0763777487190964,-2.128990547831563,-2.1556562286914414
710,0.786163562501315,0.8115785647678422,0.5340111842033366
711,-1.3480876051598898,-1.3191498471314844,-1.4959505279457517
712,-2.363535146429058,-2.372078374202829,-2.505381453765949
713,1.3231425152935117,1.2883978184236184,1.3070076745698316
714,-0.9851524264504405,-0.8474433143910574,-0.8354308845573541
715,1.0414175477162644,0.8813261137911468,0.3642479926293163
716,-0.11253340847542859,0.16939677847767598,0.3855297869504284
717,0.8999128816776647,0.9819358467557322,0.8989919054056372
718,0.9833533137698396,0.845723228296265,0.9195599591566861
719,-2.2490872567504994,-2.0987076960573177,-2.1826594302419835
720,-1.239157531548699,-1.1867022939768503,-0.7500509314741066
721,-0.2254664346382924,-0.03392648131921305,0.17148981821264897
722,-2.6530455007232376,-2.6838357568103675,-2.5754403212631587
723,-0.19784909831105324,-0.3062109817565215,-0.5373859527662717
724,2.9354504693765193,3.023973219886102,3.370005872531692
725,8.727062810683492,8.681167187927713,8.620007288183842
726,5.266616606842945,5.366799182691466,5.33944823085767
727,1.0000278618899756,0.8025414241146791,0.3803004419296485
728,0.9990288051667449,0.9688790160398639,1.034530172812083
729,1.1642735694513249,0.9345795072767942,0.5063184429182002
730,0.6646910816089076,0.6003402108053706,0.9275851829843305
731,0.9132294362443645,0.8332084002868214,0.8214590838215372
732,0.19360816533844627,0.2664801321498089,0.5262216356422869
733,-2.38121720667732,-2.367496395841954,-2.3596345089408715
734,0.9143934468283987,0.9009761183424416,1.24371570781841
735,-0.554078028360891,-0.8008275645715912,-1.5601613925573474
736,-4.555057314837541,-4.717857947018274,-4.970767376500589
737,1.696683530592054,1.5750937420853006,1.504412874190166
738,0.8889136394645902,0.9037203768057225,1.1003894795794622
739,-2.4464163879129046,-2.2776001271322457,-2.138404210907538
740,-0.2505393568681029,0.0670623344649357,1.122703078261111
741,0.6401425231470057,0.4693104574762401,0.1905225616228563
742,0.9455476537386858,1.071883267361045,0.5713499885641795
743,-3.6201654685955873,-3.655820677129668,-3.921365843119929
744,0.08369017900622566,0.06719978498767887,0.25482576426475134
745,0.6135140603491891,0.6381728321375704,0.6367804596211499
746,-0.11152001795744582,-0.23506892664954648,-0.06365980203918298
747,1.6158242824712943,1.5101940952281439,1.3783891996099555
748,0.25049751720871427,0.26824034495621163,0.4661017033540702
749,0.612063228543775,0.603277827727652,0.23296940793443355
750,-1.4472990920112352,-1.3075622535870934,-1.3138100256019243
751,0.38986355269480555,0.23481659255048726,-0.23327572235575644
752,-1.3094294709499081,-1.3425523933747172,-1.3158455143639003
753,1.1702099354406528,1.174831882439321,1.1461562574058917
754,0.6124210307498288,0.6371883442443504,0.9329347834409418
755,2.223829236932943,2.2436926513200888,1.842108570077471
756,-1.194693480989372,-1.1044732283971825,-0.7618403043379658
757,-1.6415567866933998,-1.6757720850237092,-1.6738533248244494
758,1.196655074825685,1.2738428191642015,1.7585309149490058
759,2.4722578183336736,2.442575620907519,2.4314193489044555
760,0.6933562880913087,0.7683442560082767,0.7177235805847886
761,1.3852720118520665,1.2014418745966395,0.9280547374673915
762,0.8302430321364227,0.8334861873754562,1.074623195170716
763,0.3319043039737153,0.3665139566237485,0.35795125928234484
764,-2.4088057608350937,-2.2011014389408956,-2.3606291919204523
765,1.8279009160742135,1.9012363759720756,1.8973737614433048
766,0.7191657987041253,0.699545324085193,0.4422030205023475
767,4.359228864796023,4.319661144516431,4.516102828622024
768,3.023724781054625,3.078809973441821,2.971583821452441
769,2.302885105902533,2.410077265551081,2.5460174861746054
770,5.5707407854552,5.59009709304155,5.487324363153675
771,1.0886724715765013,1.0160104441529256,0.6838032156538247
772,-0.516971646095044,-0.557039187366172,-0.5594405740321235
773,-1.5252624501335958,-1.4431910140683613,-1.4518607105001138
774,0.8990968769467145,0.9186352352062386,0.995788726144383
775,-2.6178025420795166,-2.6926755835247604,-2.6368530855488643
776,-1.913143877960465,-1.8430758245231118,-1.7478884137035493
777,1.3122643908409373,1.4484168705093907,1.4151927439961582
778,-0.6285784768533631,-0.7239461963490612,-0.8114097127763671
779,0.40998729613602336,0.3291314251473523,0.3121585790904646
780,-1.284978236493771,-1.4487984094957937,-1.5821799907171226
781,-0.6020469778468396,-0.6262669749994529,-0.45846706092197564
782,0.5746890679911303,0.5274087869911455,0.5209690141273313
783,-1.040155569653507,-0.9891197641245526,-1.1882056368103804
784,-1.8640356274536316,-1.8489786361824372,-2.359747578875613
785,-0.5214551460903749,-0.5289081475984858,-0.5437396875695413
786,0.5763293469990458,0.8262960923602805,1.1289750524902047
787,0.3291819857440714,0.19820950809844362,0.5848930648025998
788,-0.7408119088195235,-0.7269603465902037,-0.7311697997502051
789,-0.21960526042857964,-0.16529198867283412,-0.3553326055043726
790,-0.2745744113908586,-0.2645240236306563,-0.22998839705360297
791,1.289844711396654,1.2888942082063295,1.274724069502554
792,2.000082861906776,2.045597730701047,2.7112156589828373
793,1.2309377195379057,1.2516882954405446,1.2904570424379926
794,0.7378359879476193,0.9870694711189572,0.8524529328078643
795,-1.5856529102875356,-1.5797791595159651,-1.6639977215563704
796,1.9407132059841388,1.8428332186431362,1.7886860010203236
797,0.05461347315940657,0.06575270410394296,0.04155930513479689
798,0.4095060049858148,0.3286986848779634,0.29086678506246244
799,0.7912364163257735,0.854111283486418,0.7475549074188166
800,0.9813543476484483,1.247005707484277,1.2239522734489583
801,-0.5723396583198337,-0.45924225835733523,-0.35251060488917574
802,-3.058022860906931,-3.0889577977377485,-3.344658421130589
803,-0.5197007734677754,-0.6584579154095991,-1.0201639392835204
804,-1.4785206537544582,-1.1533456536926678,-1.2714559881951573
805,0.9585496509462246,0.8239540370250324,0.6255082458264951
806,-2.027731280633816,-2.242745003390155,-2.441697879237836
807,1.2609650793619949,1.451762166025219,1.4824251845693652
808,0.4382241038601933,0.164839693772592,0.29204998434579466
809,0.13690565852630243,0.1648125261253881,0.14599301344969717
810,-0.27383006277705135,0.29659411313332384,-0.020854839887761045
811,-2.412943314966469,-2.342191843834371,-2.3803072228856763
812,-0.6316165473799629,-0.7599161154012108,-0.5018400908265903
813,-0.6045284862066183,-0.1983339950966183,-0.502092060756695
814,-2.228919071958444,-2.6482189663256577,-2.6401272538059857
815,-1.7646414637638372,-1.758315124987348,-1.7639651780973509
816,-6.4786073385294,-6.897153539170176,-7.404706582283325
817,-0.08333217599101772,-0.20062863706698408,-0.23294474020804046
818,-1.8350669666087924,-1.907982302362143,-1.7382092346797435
819,2.3627201718481956,2.9441305976797594,2.965852525701848
820,-0.97220879589986,-1.1030334535262227,-1.0370481040317827
821,-1.1678995821694116,-1.5730904423817265,-1.6318230232500355
822,-2.9815417419868027,-2.817659183361684,-2.6334806877621304
823,2.2578721490590397,2.113988338236595,1.933311982156738
824,0.0835270697807573,0.13407072250629426,0.7213782880953659
825,0.027840806271342444,0.13405274995784566,0.08483383178281656
826,2.030288136054878,2.1089638748198922,1.9280279710037576
827,-3.311768142046276,-3.3496380217256956,-3.3287073171504744
828,-2.9033269047195063,-1.578214259514425,-1.913184546832781
829,-4.0058881218119495,-3.568546744150808,-3.324882109867758
830,-3.965636393346358,-4.156885960117506,-4.407555596922975
831,-0.4509964278622647,-0.44035703504414414,-0.45040698248885747
832,5.791087813815466,5.338932733158799,5.327526320643301
833,-0.1121296219607757,-0.10110712308232905,-0.12804097328444186
834,1.3447263547604962,0.7075352799329266,0.8959427196004981
835,2.404788363202897,2.6236140175515175,2.4278059458920325
836,-0.0837906909036974,-0.06718624028326303,-0.021270938581437804
837,-3.357397815487275,-3.1965571726414055,-3.6653495410901087
838,4.808776880136065,4.5058753393095685,4.367051729210289
839,0.5019100571007584,0.5031277882990253,0.5100197743231547
840,-9.241951126454296,-8.824577306451829,-8.984556313196663
841,0.4500703310859535,1.0144046315199375,1.3496290569291887
842,2.5839807659249345,2.464094679804475,2.1812591514917585
843,0.7290469436557032,0.9772042628919735,0.7260303543334885
844,2.715225114248824,2.7243849150017923,2.7072846712235332
845,2.010668386625184,2.1473635952515906,1.9991074478512019
846,0.36260686840068956,0.06703086773995892,-0.2974862434566603
847,0.7526867087981373,0.7370431503877626,0.8072568577226775
848,-4.599503557976277,-4.456439883842904,-4.015088510373971
849,0.11118523471486697,-0.13365856938435172,-0.04235224361582368
850,1.6107982487010304,1.602724974953162,1.7138327389839105
851,0.7766990681720927,0.6670446833741153,0.8874990017084201
852,-0.8877053401411104,-0.9673600167279801,-0.7818030465932679
853,0.7490533149048133,0.8673316752810933,0.40154277498368174
854,-0.13819598977170244,-0.09968598921659577,-0.12632376798501355
855,-2.851094619507421,-2.5286987355611927,-2.5720504133623763
856,-3.0260569169295195,-3.036220072668584,-3.023226158646139
857,-1.2798043090060673,-1.237148030399112,-1.1864156812098372
858,-2.787846801433261,-2.4453575538718724,-2.6533378617368726
859,5.956540560942813,5.818830583961244,6.16612291968886
860,7.134394113872986,7.209692840669959,6.757991593252882
861,-2.0687094497843646,-1.4245252611872274,-1.5118430563179572
862,-0.9945026925379352,-1.4929584910660196,-1.1984988661133684
863,-0.6358949052373646,-0.8968461513595685,-1.0103775040188339
864,1.2161416645376448,1.1292305826482334,0.9893383817707218
865,0.8559398603629234,0.5309617168604746,0.4837878579473909
866,-1.9614620557604212,-1.7598915402159037,-1.683750108393724
867,-0.719245376660183,-0.7314316437532398,-0.46352872600982664
868,1.1616009271401708,1.163389916655433,1.3057581569682952
869,-0.16586040120819234,0.4649772577049589,0.21044656839330855
870,-3.3229981840704568,-3.592579208288953,-3.5625110140153993
871,3.9862747947227035,4.057340362624018,4.025337630599097
872,2.9793125485994096,2.5854368208802043,2.730520495077144
873,4.836237168645312,5.216771496905494,5.3553252270612575
874,3.8576811496423034,3.615927150767675,3.3949524927320454
875,0.027306363748721196,0.19685685289550747,-0.062379788967518834
876,-2.5153119123315264,-2.364843774385008,-2.540080482935082
877,1.4224753465423419,0.9531792534198757,0.7918646742018609
878,0.6285269448726467,0.9194497084863542,0.999354666671934
879,-1.6678290650615963,-1.9055134223581263,-1.9163079454647232
880,-0.6021952937007882,-0.8882894433500041,-0.8551911664762883
881,0.9852217545685562,1.2828316151626495,1.5429849388347066
882,2.9225810513507895,2.8885626518240315,3.3073009106847167
883,-1.5285097279520414,-1.640205065263217,-1.600282988838444
884,-2.4888221032706497,-2.7945376791176386,-2.6450358546535426
885,1.3682513149033184,1.3818064379956922,1.7086185186926741
886,1.1478861027026142,0.8544481114022346,0.6243756446601765
887,-0.6284410770113027,-0.492861729408105,-0.39539264044469746
888,-3.7789628190603253,-4.380699023233319,-4.652384128306949
889,-0.4390658943775634,-0.03301038176869042,-0.1882195482012321
890,-0.6314951543554344,-0.6274043826924753,-0.2719352392541623
891,2.1947882610147644,2.0129030538882944,2.0272748465704353
892,0.8491871598216676,1.087261033255345,0.8556552023110271
893,1.2861034212655795,1.3820792617570987,0.8340805788284342
894,0.27342575294096605,0.2630367609035602,0.2084114883964503
895,1.8293270722388115,1.9040121305934008,2.143043733058221
896,1.4174733189774997,1.9658602052040806,1.951787334999608
897,3.3720424631355854,3.757130708090699,3.8715202131061233
898,-1.224573253239214,-1.2746141116131184,-1.5738577251104289
899,1.8465721472475707,1.9897258460405283,2.1917590396278683
900,4.925585059923833,4.389465843776634,4.245765771251172
901,1.4993937081144395,1.5733065620370326,1.8485253412618476
902,5.270891950958685,5.454588671336751,5.236210028671849
903,3.300511599105448,2.829868364340655,2.659329313921262
904,-1.75711338038127,-1.4952544718034915,-1.6896072592826386
905,3.8294591174144443,3.858942770113572,3.5764241031538404
906,-2.938205496780938,-2.9171549275069992,-2.6296882128972356
907,1.7801277761536767,1.6540991365673108,1.8497210140776588
908,-1.86111801687548,-1.8164130845598265,-1.746868925574745
909,0.9714502356091543,0.9734887357371917,0.9662929030328087
910,0.45841255235245626,0.45397062941083277,0.4930662657661742
911,-2.8888099032556056,-2.8894716790437087,-2.7972621542940033
912,0.783773232378735,0.8449789258029341,0.8029565702527179
913,1.1340318744223623,0.9740893035959743,0.843439224663598
914,-2.1341265613245923,-2.3394103660884866,-2.718008468304106
915,1.2702189457031636,1.2678599250448315,1.2157805674487463
916,2.589487056442522,2.563313592247141,2.5709334303646756
917,0.8616743942693574,1.0040649275088072,0.9649636834292323
918,-3.2891219127104705,-3.1451155085942446,-2.938851442653686
919,-2.4874962130197673,-2.5688147183955152,-2.1634103772175877
920,0.27067994968092535,0.5207994388929365,0.41243917107021844
921,-4.149439813614663,-4.0759818393598835,-3.92505720101326
922,4.988082344067152,4.986728714698984,5.099576452877955
923,0.35147959752612223,0.29256400046142517,0.20591384637373267
924,0.9456776484603324,1.0395349017871922,1.028933703981238
925,2.750884984023287,2.626503236593635,2.218890233010825
926,-4.048042230009742,-4.153692368692646,-4.174770333171182
927,2.9432037339211092,3.0520495135406236,3.1892046824832505
928,1.0779057337294944,1.036873918312267,1.2728394245677919
929,-2.5619258110036753,-2.7890402382909087,-2.7324386023610714
930,-1.0028052281559212,-0.8800952374713233,-0.7643759862312436
931,-1.8184537302131503,-1.9258709091027413,-1.8410306694513565
932,2.333533375624029,2.414908330210892,2.274937386317106
933,-1.0304247345920885,-1.0109410764944187,-0.9300307580488152
934,1.0033218928565475,0.8479551744130731,0.9713453896329156
935,-0.6235681856942392,-0.6522093823241448,-0.702580980692801
936,0.0271197472447966,0.09785852926688676,0.08268221097023343
937,0.5693448621314019,0.6521455820002302,0.5992416672925174
938,-2.0620242268487345,-2.1210299837930506,-1.881584807711988
939,0.5973391434745281,0.6204588328691898,0.6206939557469013
940,-3.5893988231564435,-3.564716390277681,-3.813001967235323
941,1.8778837148638559,2.0291949098118494,1.9704848581532133
942,0.5980048562232696,0.5229954683982214,0.6421609973240265
943,0.5433306300456024,0.588043140107402,0.6624436130132381
944,1.1942892684946855,1.0771818051234732,1.1995616834174143
945,-0.16277366358190193,-0.19576495217188494,0.020669484607424238
946,0.40688449110894,0.16314012141265266,0.06200589057880279
947,0.3524993596602144,0.3914277376516111,0.6198475373566907
948,0.5962544556950888,0.2282621111116896,0.2065304949610436
949,0.5958991481638805,0.7170561892580736,0.8669625891379837
950,0.9202371613209834,0.5863001373109,0.5363147058124014
951,0.8383023517217225,0.8462715734713129,0.8451430546865595
952,1.1076442082849098,1.3655430154594796,1.1120264737382968
953,-1.2428067414366524,-1.3655430154594796,-1.3180930751932465
954,1.7287022834570962,1.6903976458688703,1.9970565504099795
955,-1.9450003430265497,-2.0483482199706486,-1.9558398329045303
956,1.891023606985982,1.82096105986966,1.6061283413164347
957,2.9913112650665425,3.17872470056318,2.917370684845082
958,3.9209417512010987,3.81408439614097,4.094590632159452
959,-0.13402490202861372,-0.03226170696871122,-0.22476731569258845
960,1.0449181761778163,0.9996292530649953,1.1641563735011005
961,-2.0640948769760143,-2.1617444332423474,-2.3705894656723103
962,-1.1276682628740673,-1.0341262555521098,-0.7368442931165191
963,1.1276682628740673,1.1633168764910806,1.514035807673281
964,1.92869256969243,1.9343612969496462,1.5104201430494868
965,1.8181337058304052,1.8020342114232335,1.5285069465953711
966,-1.4970462870242045,-1.254644762371754,-1.4469275698174897
967,-1.3385449340203195,-1.3529186447085522,-1.3469114911513316
968,2.782163855534236,2.639713096034029,3.201046640657296
969,-2.916116945361864,-2.639713096034029,-2.9151865059884585
970,0.8034495196388889,0.5800464199746784,0.9998674478320027
971,-0.13386343272759404,-0.1288701313023921,-0.16317539351257437
972,-1.3128108089185844,-1.3541400057383726,-1.6127883292083425
973,0.6166964038275182,0.387359183640001,0.12267179177615617
974,3.8791364739063283,4.026094495477082,3.8768438036622683
975,1.6807399210483709,1.7663593512661464,1.607537456884529
976,1.5714688474145078,1.4749265210684825,0.9754710469296697
977,-2.0780612247017416,-2.309543929557549,-1.9518945668060041
978,0.13333866707762354,0.2889848624163278,0.10175527864339529
979,1.9979494372109912,1.956477042127517,1.545406790146444
980,-2.71818954837363,-2.695159971995963,-2.6245399234667275
981,-2.752356604254601,-2.670228555878566,-2.284270129108336
982,3.3125881812866282,3.280484079161397,3.119173196493648
983,6.11541390056118,5.954494655945382,5.541529876873028
984,0.47619048518936324,0.15926863874847186,-0.06059810329861648
985,2.1664473466898926,2.1953207143305917,2.159065378606101
986,-0.7128242662074626,-0.6994341227473342,-0.4838709771829599
987,2.927255877890275,3.0167851272453845,3.2213928155942995
988,-0.4741084216711897,-0.25369442642659124,-0.34178068065557454
989,-2.7437030798537307,-2.7630907008187933,-2.6981330801481818
990,-2.3010100209266966,-2.388117866119501,-2.240546742337756
991,2.8820368701472034,3.0239872799720615,3.2884480130869633
992,-0.4753604906491091,-0.44506613145676965,-0.7253531377227773
993,3.664987689051486,3.8084402882377617,4.143541208730312
994,5.066625001512875,4.866343421283091,4.126443097349693
995,-2.3332338967920805,-2.303821257881282,-2.421720604350412
996,-0.44629379998514196,-0.3476117527770839,-0.5612347311089252
997,-3.788381579595807,-3.7682718477299204,-4.420696022987613
998,-0.02635844854376046,-0.031726391602205695,0.040276295392686734
999,0.6060686097061989,0.6026293853192328,0.46306084037496476
