,emojitracker-twitter-pouting_cat_face,emojitracker-twitter-smiling_cat_face_with_heart-shaped_eyes,emojitracker-twitter-cat_face_with_wry_smile,emojitracker-twitter-smiling_cat_face_with_open_mouth,emojitracker-twitter-crying_cat_face,emojitracker-twitter-kissing_cat_face_with_closed_eyes,emojitracker-twitter-grinning_cat_face_with_smiling_eyes,emojitracker-twitter-cat_face,emojitracker-twitter-cat_face_with_tears_of_joy
0,7.0,10.0,11.0,3.0,11.0,3.0,4.0,7.0,14.0
1,7.0,13.0,7.0,5.0,8.0,10.0,3.0,10.0,10.0
2,9.0,13.0,10.0,1.0,9.0,7.0,4.0,5.0,11.0
3,6.0,12.0,7.0,5.0,12.0,5.0,8.0,7.0,10.0
4,3.0,14.0,16.0,5.0,7.0,9.0,7.0,2.0,10.0
5,7.0,18.0,13.0,3.0,11.0,5.0,0.0,3.0,12.0
6,2.0,17.0,6.0,2.0,9.0,4.0,3.0,3.0,10.0
7,1.0,15.0,9.0,3.0,4.0,8.0,7.0,2.0,10.0
8,5.0,14.0,7.0,3.0,5.0,8.0,4.0,3.0,18.0
9,9.0,12.0,10.0,4.0,5.0,4.0,2.0,4.0,16.0
10,6.0,12.0,13.0,3.0,7.0,4.0,5.0,8.0,11.0
11,4.0,19.0,2.0,4.0,7.0,7.0,6.0,8.0,9.0
12,4.0,9.0,11.0,2.0,2.0,2.0,5.0,6.0,17.0
13,4.0,12.0,14.0,2.0,8.0,4.0,7.0,4.0,13.0
14,4.0,17.0,12.0,0.0,6.0,6.0,1.0,2.0,15.0
15,4.0,23.0,9.0,2.0,11.0,3.0,2.0,3.0,6.0
16,8.0,10.0,6.0,5.0,8.0,2.0,3.0,5.0,13.0
17,9.0,15.0,4.0,2.0,7.0,3.0,2.0,6.0,5.0
18,6.0,16.0,8.0,1.0,4.0,8.0,5.0,10.0,11.0
19,3.0,10.0,11.0,2.0,9.0,4.0,1.0,3.0,18.0
20,9.0,16.0,13.0,3.0,12.0,4.0,3.0,6.0,8.0
21,8.0,17.0,12.0,1.0,12.0,6.0,4.0,7.0,9.0
22,5.0,10.0,14.0,1.0,3.0,2.0,3.0,6.0,15.0
23,3.0,11.0,21.0,1.0,12.0,7.0,7.0,5.0,14.0
24,9.0,13.0,8.0,3.0,12.0,6.0,5.0,5.0,20.0
25,10.0,14.0,5.0,3.0,9.0,8.0,2.0,5.0,16.0
26,0.0,7.0,15.0,5.0,4.0,5.0,7.0,5.0,5.0
27,1.0,11.0,6.0,4.0,2.0,4.0,1.0,6.0,10.0
28,4.0,7.0,7.0,0.0,7.0,4.0,7.0,2.0,15.0
29,7.0,10.0,18.0,2.0,8.0,4.0,3.0,11.0,12.0
30,5.0,8.0,7.0,3.0,8.0,5.0,4.0,2.0,11.0
31,7.0,17.0,7.0,1.0,9.0,7.0,4.0,5.0,19.0
32,6.0,12.0,8.0,3.0,9.0,5.0,2.0,9.0,14.0
33,6.0,10.0,8.0,1.0,5.0,9.0,6.0,4.0,12.0
34,7.0,18.0,6.0,4.0,9.0,12.0,3.0,6.0,14.0
35,5.0,11.0,5.0,7.0,7.0,5.0,5.0,6.0,9.0
36,8.0,15.0,8.0,1.0,4.0,8.0,3.0,7.0,15.0
37,3.0,8.0,7.0,3.0,8.0,4.0,4.0,6.0,15.0
38,5.0,17.0,7.0,2.0,14.0,4.0,5.0,3.0,14.0
39,5.0,15.0,14.0,3.0,7.0,5.0,2.0,4.0,10.0
40,5.0,14.0,8.0,2.0,6.0,6.0,6.0,4.0,13.0
41,0.0,12.0,18.0,3.0,6.0,5.0,4.0,2.0,9.0
42,7.0,12.0,14.0,3.0,8.0,6.0,5.0,6.0,19.0
43,7.0,14.0,6.0,2.0,10.0,4.0,5.0,6.0,6.0
44,9.0,16.0,12.0,7.0,8.0,3.0,10.0,7.0,5.0
45,4.0,16.0,6.0,2.0,7.0,8.0,10.0,1.0,16.0
46,11.0,11.0,12.0,2.0,8.0,6.0,14.0,4.0,13.0
47,5.0,11.0,12.0,5.0,6.0,8.0,3.0,8.0,16.0
48,9.0,9.0,6.0,4.0,9.0,10.0,6.0,9.0,16.0
49,6.0,14.0,6.0,1.0,10.0,1.0,5.0,7.0,15.0
50,6.0,9.0,10.0,5.0,13.0,3.0,6.0,7.0,13.0
51,6.0,13.0,14.0,3.0,8.0,4.0,1.0,5.0,8.0
52,8.0,18.0,13.0,3.0,9.0,3.0,2.0,6.0,6.0
53,8.0,16.0,11.0,2.0,9.0,6.0,3.0,8.0,13.0
54,4.0,11.0,18.0,4.0,11.0,7.0,4.0,3.0,14.0
55,6.0,13.0,13.0,0.0,7.0,6.0,9.0,4.0,8.0
56,2.0,12.0,8.0,1.0,4.0,7.0,6.0,5.0,7.0
57,9.0,15.0,20.0,5.0,5.0,7.0,5.0,4.0,12.0
58,2.0,8.0,7.0,1.0,8.0,5.0,6.0,6.0,18.0
59,4.0,24.0,12.0,2.0,9.0,6.0,1.0,8.0,8.0
60,4.0,25.0,11.0,2.0,4.0,8.0,2.0,4.0,18.0
61,5.0,11.0,10.0,1.0,7.0,4.0,5.0,4.0,18.0
62,6.0,9.0,5.0,7.0,14.0,6.0,4.0,5.0,15.0
63,4.0,14.0,11.0,5.0,8.0,8.0,5.0,4.0,12.0
64,5.0,19.0,20.0,1.0,7.0,7.0,4.0,7.0,13.0
65,11.0,16.0,11.0,5.0,8.0,3.0,5.0,9.0,17.0
66,8.0,20.0,16.0,4.0,6.0,5.0,6.0,2.0,11.0
67,7.0,13.0,8.0,1.0,10.0,6.0,6.0,9.0,18.0
68,6.0,14.0,10.0,2.0,5.0,5.0,4.0,8.0,15.0
69,8.0,17.0,9.0,2.0,6.0,8.0,5.0,6.0,16.0
70,4.0,17.0,10.0,4.0,9.0,5.0,8.0,8.0,18.0
71,4.0,14.0,17.0,4.0,10.0,5.0,5.0,9.0,15.0
72,8.0,11.0,8.0,3.0,7.0,4.0,4.0,4.0,14.0
73,5.0,7.0,8.0,4.0,16.0,7.0,1.0,3.0,13.0
74,6.0,9.0,21.0,5.0,12.0,6.0,4.0,1.0,9.0
75,4.0,11.0,9.0,3.0,6.0,4.0,9.0,4.0,9.0
76,5.0,21.0,10.0,1.0,10.0,4.0,9.0,5.0,13.0
77,6.0,7.0,18.0,0.0,6.0,0.0,2.0,2.0,8.0
78,3.0,9.0,11.0,3.0,4.0,8.0,3.0,8.0,14.0
79,6.0,19.0,11.0,4.0,11.0,5.0,4.0,4.0,12.0
80,6.0,17.0,15.0,3.0,5.0,5.0,6.0,7.0,18.0
81,5.0,25.0,12.0,3.0,11.0,7.0,4.0,5.0,14.0
82,6.0,15.0,9.0,2.0,3.0,6.0,2.0,3.0,17.0
83,3.0,20.0,26.0,4.0,5.0,9.0,7.0,5.0,17.0
84,3.0,8.0,21.0,4.0,10.0,8.0,6.0,6.0,11.0
85,6.0,15.0,7.0,4.0,13.0,5.0,4.0,7.0,18.0
86,8.0,24.0,11.0,4.0,7.0,5.0,3.0,3.0,13.0
87,9.0,16.0,13.0,3.0,7.0,4.0,5.0,5.0,17.0
88,6.0,18.0,12.0,4.0,11.0,7.0,4.0,6.0,10.0
89,6.0,17.0,6.0,2.0,8.0,6.0,4.0,7.0,20.0
90,5.0,18.0,17.0,1.0,10.0,10.0,4.0,7.0,19.0
91,3.0,19.0,13.0,3.0,3.0,4.0,3.0,2.0,18.0
92,10.0,10.0,5.0,4.0,12.0,10.0,5.0,6.0,17.0
93,9.0,16.0,15.0,0.0,6.0,5.0,4.0,4.0,14.0
94,8.0,8.0,5.0,3.0,11.0,4.0,6.0,9.0,12.0
95,6.0,17.0,6.0,4.0,8.0,7.0,1.0,8.0,15.0
96,4.0,11.0,13.0,4.0,9.0,4.0,5.0,15.0,15.0
97,13.0,20.0,12.0,2.0,10.0,7.0,5.0,9.0,19.0
98,3.0,21.0,9.0,7.0,8.0,9.0,7.0,8.0,7.0
99,6.0,13.0,10.0,7.0,8.0,9.0,3.0,5.0,12.0
100,6.0,19.0,13.0,4.0,20.0,9.0,5.0,7.0,9.0
101,6.0,22.0,9.0,3.0,9.0,8.0,4.0,5.0,11.0
102,7.0,17.0,10.0,5.0,9.0,10.0,8.0,8.0,14.0
103,5.0,27.0,9.0,1.0,13.0,11.0,3.0,10.0,14.0
104,7.0,23.0,18.0,5.0,9.0,7.0,6.0,6.0,20.0
105,2.0,27.0,8.0,4.0,9.0,9.0,7.0,7.0,19.0
106,7.0,33.0,7.0,3.0,6.0,5.0,8.0,6.0,11.0
107,5.0,35.0,14.0,4.0,6.0,10.0,4.0,6.0,16.0
108,12.0,19.0,14.0,2.0,11.0,2.0,4.0,3.0,16.0
109,9.0,18.0,15.0,2.0,13.0,12.0,4.0,8.0,13.0
110,6.0,14.0,7.0,3.0,9.0,7.0,4.0,2.0,17.0
111,11.0,16.0,12.0,2.0,7.0,11.0,7.0,6.0,10.0
112,7.0,17.0,14.0,4.0,6.0,7.0,5.0,4.0,16.0
113,11.0,16.0,12.0,4.0,11.0,3.0,11.0,7.0,13.0
114,6.0,21.0,14.0,4.0,12.0,10.0,4.0,5.0,10.0
115,2.0,20.0,10.0,4.0,10.0,9.0,7.0,3.0,17.0
116,4.0,9.0,6.0,2.0,9.0,5.0,3.0,8.0,12.0
117,0.0,0.0,0.0,0.0,0.0,0.0,0.0,0.0,0.0
118,2.0,2.0,3.0,2.0,3.0,1.0,2.0,2.0,1.0
119,7.0,17.0,9.0,4.0,10.0,9.0,7.0,7.0,16.0
120,7.0,17.0,17.0,1.0,10.0,4.0,3.0,8.0,13.0
121,12.0,20.0,17.0,2.0,10.0,4.0,10.0,6.0,19.0
122,9.0,23.0,13.0,4.0,5.0,6.0,8.0,5.0,17.0
123,6.0,19.0,16.0,6.0,13.0,7.0,9.0,4.0,11.0
124,11.0,22.0,7.0,4.0,14.0,9.0,1.0,8.0,20.0
125,5.0,18.0,13.0,0.0,17.0,3.0,1.0,8.0,14.0
126,15.0,15.0,14.0,2.0,9.0,5.0,7.0,5.0,15.0
127,4.0,26.0,10.0,5.0,13.0,7.0,1.0,4.0,18.0
128,6.0,29.0,10.0,6.0,11.0,13.0,5.0,5.0,21.0
129,10.0,23.0,8.0,2.0,11.0,4.0,5.0,8.0,11.0
130,6.0,14.0,10.0,2.0,4.0,7.0,5.0,8.0,11.0
131,7.0,14.0,8.0,1.0,4.0,12.0,6.0,9.0,13.0
132,7.0,18.0,16.0,3.0,9.0,8.0,5.0,5.0,15.0
133,6.0,11.0,12.0,3.0,4.0,6.0,6.0,6.0,14.0
134,3.0,21.0,15.0,1.0,12.0,5.0,2.0,6.0,11.0
135,8.0,19.0,6.0,2.0,4.0,4.0,5.0,5.0,17.0
136,7.0,26.0,8.0,0.0,8.0,15.0,6.0,7.0,16.0
137,8.0,14.0,16.0,4.0,6.0,6.0,6.0,6.0,14.0
138,9.0,16.0,10.0,2.0,8.0,13.0,9.0,6.0,12.0
139,5.0,14.0,12.0,4.0,5.0,8.0,3.0,5.0,11.0
140,9.0,20.0,11.0,1.0,11.0,9.0,4.0,7.0,14.0
141,7.0,31.0,15.0,7.0,10.0,12.0,2.0,11.0,12.0
142,7.0,17.0,15.0,1.0,4.0,5.0,8.0,8.0,28.0
143,10.0,23.0,17.0,7.0,13.0,3.0,7.0,3.0,12.0
144,2.0,16.0,8.0,6.0,14.0,10.0,8.0,3.0,21.0
145,6.0,13.0,9.0,2.0,10.0,10.0,6.0,1.0,18.0
146,4.0,13.0,17.0,7.0,7.0,13.0,5.0,5.0,19.0
147,3.0,12.0,9.0,0.0,6.0,9.0,9.0,7.0,15.0
148,8.0,19.0,15.0,3.0,3.0,8.0,5.0,7.0,9.0
149,8.0,18.0,14.0,8.0,9.0,13.0,7.0,5.0,13.0
150,12.0,22.0,12.0,1.0,5.0,2.0,5.0,5.0,11.0
151,10.0,15.0,8.0,1.0,13.0,6.0,6.0,3.0,14.0
152,6.0,24.0,11.0,4.0,7.0,6.0,6.0,6.0,14.0
153,7.0,16.0,7.0,3.0,15.0,5.0,4.0,5.0,12.0
154,2.0,21.0,13.0,4.0,6.0,10.0,5.0,7.0,15.0
155,9.0,16.0,10.0,1.0,12.0,3.0,6.0,9.0,15.0
156,6.0,18.0,14.0,4.0,10.0,8.0,7.0,10.0,16.0
157,8.0,17.0,17.0,5.0,12.0,15.0,5.0,6.0,17.0
158,9.0,14.0,8.0,6.0,9.0,13.0,6.0,3.0,23.0
159,8.0,12.0,9.0,1.0,14.0,8.0,8.0,3.0,18.0
160,4.0,20.0,18.0,2.0,4.0,4.0,4.0,13.0,11.0
161,4.0,16.0,14.0,6.0,9.0,3.0,1.0,10.0,25.0
162,10.0,23.0,16.0,3.0,13.0,13.0,7.0,8.0,20.0
163,10.0,19.0,20.0,5.0,12.0,3.0,3.0,4.0,16.0
164,3.0,23.0,17.0,5.0,11.0,7.0,5.0,5.0,23.0
165,2.0,10.0,15.0,4.0,6.0,12.0,8.0,9.0,13.0
166,3.0,16.0,16.0,4.0,11.0,10.0,7.0,10.0,19.0
167,6.0,12.0,14.0,5.0,15.0,6.0,5.0,7.0,18.0
168,5.0,21.0,12.0,2.0,8.0,8.0,13.0,4.0,23.0
169,8.0,28.0,17.0,1.0,9.0,7.0,6.0,8.0,14.0
170,6.0,28.0,15.0,5.0,12.0,10.0,7.0,9.0,16.0
171,7.0,21.0,17.0,3.0,4.0,36.0,3.0,5.0,9.0
172,10.0,28.0,14.0,4.0,8.0,8.0,6.0,7.0,8.0
173,11.0,26.0,14.0,8.0,8.0,14.0,8.0,7.0,18.0
174,10.0,15.0,14.0,1.0,7.0,9.0,11.0,5.0,12.0
175,8.0,14.0,9.0,6.0,12.0,6.0,9.0,11.0,16.0
176,5.0,19.0,14.0,2.0,9.0,10.0,6.0,6.0,16.0
177,9.0,44.0,8.0,6.0,5.0,4.0,5.0,9.0,24.0
178,6.0,14.0,17.0,5.0,9.0,11.0,4.0,11.0,5.0
179,7.0,17.0,18.0,6.0,11.0,9.0,9.0,9.0,17.0
180,9.0,24.0,13.0,1.0,8.0,9.0,6.0,7.0,17.0
181,4.0,21.0,7.0,6.0,10.0,10.0,4.0,7.0,19.0
182,7.0,21.0,12.0,1.0,8.0,8.0,10.0,5.0,10.0
183,8.0,26.0,18.0,5.0,10.0,11.0,3.0,8.0,15.0
184,9.0,15.0,11.0,5.0,12.0,17.0,9.0,5.0,13.0
185,8.0,14.0,14.0,2.0,7.0,11.0,3.0,10.0,15.0
186,9.0,12.0,13.0,4.0,19.0,19.0,5.0,6.0,14.0
187,4.0,27.0,14.0,2.0,11.0,12.0,4.0,8.0,11.0
188,7.0,24.0,15.0,2.0,8.0,10.0,8.0,6.0,20.0
189,7.0,23.0,12.0,2.0,11.0,11.0,6.0,8.0,19.0
190,5.0,24.0,18.0,6.0,9.0,10.0,6.0,7.0,15.0
191,6.0,21.0,19.0,4.0,11.0,7.0,2.0,2.0,11.0
192,12.0,24.0,12.0,4.0,15.0,6.0,6.0,5.0,14.0
193,6.0,23.0,12.0,3.0,9.0,13.0,11.0,7.0,17.0
194,12.0,19.0,25.0,3.0,11.0,10.0,2.0,6.0,17.0
195,8.0,19.0,10.0,3.0,9.0,12.0,6.0,13.0,18.0
196,2.0,26.0,11.0,3.0,13.0,10.0,6.0,12.0,15.0
197,3.0,19.0,13.0,2.0,12.0,11.0,4.0,8.0,18.0
198,9.0,10.0,17.0,2.0,9.0,12.0,5.0,12.0,13.0
199,5.0,22.0,20.0,0.0,6.0,13.0,6.0,8.0,21.0
200,11.0,16.0,13.0,6.0,14.0,12.0,5.0,4.0,18.0
201,7.0,11.0,11.0,6.0,5.0,14.0,7.0,11.0,12.0
202,10.0,21.0,21.0,1.0,9.0,9.0,8.0,9.0,13.0
203,9.0,11.0,15.0,7.0,9.0,8.0,4.0,14.0,11.0
204,10.0,11.0,13.0,1.0,14.0,4.0,4.0,4.0,18.0
205,7.0,17.0,25.0,2.0,12.0,7.0,4.0,10.0,15.0
206,12.0,27.0,19.0,8.0,7.0,10.0,6.0,11.0,20.0
207,11.0,12.0,14.0,9.0,9.0,6.0,8.0,6.0,22.0
208,8.0,19.0,12.0,5.0,8.0,8.0,3.0,9.0,15.0
209,7.0,19.0,16.0,4.0,8.0,6.0,7.0,11.0,19.0
210,10.0,20.0,15.0,4.0,9.0,9.0,6.0,9.0,21.0
211,8.0,16.0,18.0,6.0,20.0,10.0,4.0,14.0,12.0
212,12.0,16.0,19.0,3.0,12.0,8.0,12.0,8.0,17.0
213,4.0,23.0,6.0,5.0,16.0,10.0,10.0,7.0,22.0
214,14.0,25.0,13.0,5.0,20.0,9.0,6.0,5.0,20.0
215,12.0,19.0,16.0,3.0,9.0,4.0,11.0,5.0,16.0
216,11.0,13.0,12.0,1.0,17.0,9.0,7.0,6.0,19.0
217,6.0,20.0,15.0,10.0,16.0,10.0,10.0,10.0,18.0
218,13.0,15.0,12.0,5.0,15.0,11.0,3.0,5.0,19.0
219,7.0,24.0,19.0,6.0,9.0,11.0,1.0,9.0,18.0
220,12.0,22.0,17.0,4.0,14.0,10.0,8.0,9.0,25.0
221,16.0,25.0,15.0,6.0,6.0,8.0,6.0,7.0,25.0
222,12.0,18.0,20.0,3.0,9.0,7.0,5.0,3.0,17.0
223,9.0,24.0,21.0,6.0,10.0,5.0,4.0,7.0,12.0
224,7.0,17.0,14.0,3.0,13.0,7.0,4.0,11.0,15.0
225,6.0,14.0,11.0,3.0,17.0,9.0,4.0,4.0,14.0
226,7.0,19.0,12.0,6.0,10.0,10.0,7.0,8.0,17.0
227,9.0,20.0,13.0,3.0,13.0,10.0,5.0,11.0,15.0
228,8.0,19.0,11.0,3.0,18.0,9.0,7.0,12.0,11.0
229,9.0,9.0,21.0,5.0,14.0,10.0,8.0,8.0,17.0
230,7.0,29.0,18.0,8.0,18.0,6.0,5.0,10.0,15.0
231,4.0,19.0,20.0,3.0,16.0,14.0,1.0,6.0,20.0
232,13.0,22.0,20.0,1.0,9.0,14.0,2.0,8.0,11.0
233,8.0,21.0,16.0,6.0,16.0,12.0,7.0,9.0,5.0
234,8.0,20.0,13.0,4.0,12.0,5.0,3.0,9.0,13.0
235,3.0,22.0,16.0,6.0,14.0,6.0,6.0,11.0,24.0
236,10.0,13.0,13.0,0.0,11.0,10.0,4.0,8.0,17.0
237,7.0,19.0,8.0,4.0,20.0,4.0,4.0,7.0,17.0
238,15.0,23.0,10.0,4.0,14.0,6.0,4.0,12.0,15.0
239,3.0,19.0,20.0,1.0,12.0,8.0,2.0,4.0,12.0
240,13.0,23.0,12.0,6.0,20.0,5.0,5.0,6.0,21.0
241,16.0,17.0,27.0,7.0,10.0,7.0,3.0,5.0,14.0
242,9.0,17.0,17.0,3.0,19.0,12.0,8.0,11.0,11.0
243,5.0,19.0,12.0,7.0,10.0,6.0,5.0,11.0,15.0
244,6.0,22.0,17.0,10.0,12.0,8.0,10.0,12.0,6.0
245,10.0,25.0,14.0,4.0,14.0,9.0,4.0,6.0,7.0
246,4.0,17.0,20.0,6.0,15.0,5.0,6.0,5.0,25.0
247,8.0,23.0,21.0,3.0,16.0,11.0,8.0,8.0,15.0
248,9.0,18.0,16.0,3.0,12.0,10.0,5.0,8.0,13.0
249,6.0,20.0,18.0,4.0,12.0,12.0,8.0,7.0,16.0
250,14.0,22.0,14.0,2.0,15.0,6.0,7.0,10.0,22.0
251,12.0,22.0,16.0,5.0,19.0,12.0,5.0,5.0,19.0
252,6.0,21.0,9.0,3.0,9.0,12.0,5.0,6.0,14.0
253,14.0,27.0,6.0,9.0,12.0,10.0,4.0,6.0,17.0
254,11.0,26.0,15.0,2.0,19.0,9.0,7.0,6.0,20.0
255,10.0,19.0,22.0,4.0,9.0,12.0,3.0,8.0,19.0
256,10.0,19.0,15.0,6.0,8.0,11.0,11.0,8.0,15.0
257,13.0,23.0,13.0,3.0,13.0,5.0,6.0,6.0,19.0
258,9.0,23.0,11.0,3.0,11.0,8.0,6.0,11.0,20.0
259,17.0,24.0,10.0,4.0,19.0,10.0,4.0,8.0,13.0
260,10.0,22.0,16.0,4.0,11.0,8.0,6.0,10.0,18.0
261,13.0,15.0,17.0,8.0,18.0,10.0,5.0,10.0,15.0
262,13.0,25.0,15.0,4.0,13.0,5.0,4.0,5.0,15.0
263,17.0,19.0,18.0,2.0,14.0,12.0,3.0,7.0,13.0
264,6.0,21.0,13.0,4.0,13.0,7.0,3.0,8.0,10.0
265,10.0,22.0,15.0,7.0,12.0,14.0,8.0,10.0,16.0
266,10.0,24.0,18.0,6.0,11.0,14.0,5.0,8.0,11.0
267,3.0,18.0,11.0,1.0,13.0,10.0,2.0,11.0,13.0
268,7.0,22.0,25.0,6.0,12.0,12.0,8.0,9.0,16.0
269,8.0,26.0,14.0,7.0,11.0,10.0,10.0,8.0,20.0
270,9.0,24.0,19.0,6.0,10.0,10.0,6.0,6.0,23.0
271,7.0,23.0,18.0,4.0,18.0,15.0,5.0,3.0,21.0
272,8.0,14.0,13.0,4.0,16.0,7.0,3.0,7.0,12.0
273,11.0,25.0,15.0,3.0,16.0,13.0,5.0,8.0,15.0
274,11.0,24.0,17.0,5.0,9.0,8.0,2.0,4.0,19.0
275,11.0,18.0,14.0,3.0,12.0,7.0,5.0,10.0,17.0
276,8.0,18.0,10.0,1.0,10.0,11.0,7.0,5.0,14.0
277,7.0,21.0,11.0,3.0,10.0,7.0,5.0,7.0,9.0
278,11.0,21.0,17.0,0.0,15.0,11.0,5.0,6.0,15.0
279,8.0,15.0,25.0,5.0,12.0,13.0,4.0,8.0,15.0
280,11.0,28.0,24.0,1.0,10.0,11.0,3.0,12.0,19.0
281,10.0,31.0,23.0,6.0,13.0,9.0,8.0,5.0,23.0
282,7.0,21.0,20.0,3.0,13.0,11.0,7.0,5.0,21.0
283,12.0,31.0,14.0,3.0,11.0,8.0,12.0,5.0,18.0
284,7.0,18.0,16.0,5.0,13.0,5.0,3.0,9.0,20.0
285,9.0,20.0,15.0,2.0,14.0,6.0,4.0,4.0,14.0
286,8.0,31.0,22.0,8.0,17.0,7.0,7.0,7.0,15.0
287,8.0,18.0,18.0,4.0,10.0,17.0,2.0,4.0,12.0
288,11.0,28.0,16.0,4.0,13.0,18.0,6.0,8.0,11.0
289,15.0,17.0,24.0,7.0,17.0,7.0,3.0,6.0,20.0
290,6.0,27.0,16.0,8.0,10.0,9.0,6.0,6.0,21.0
291,11.0,25.0,23.0,7.0,12.0,14.0,7.0,6.0,13.0
292,7.0,18.0,18.0,3.0,16.0,7.0,7.0,5.0,11.0
293,11.0,18.0,20.0,10.0,19.0,7.0,6.0,12.0,18.0
294,8.0,21.0,23.0,6.0,15.0,9.0,4.0,7.0,17.0
295,9.0,16.0,25.0,4.0,13.0,8.0,11.0,6.0,24.0
296,7.0,21.0,20.0,4.0,12.0,7.0,8.0,8.0,13.0
297,11.0,26.0,21.0,8.0,18.0,13.0,8.0,5.0,18.0
298,4.0,24.0,21.0,6.0,15.0,10.0,3.0,9.0,21.0
299,10.0,20.0,22.0,1.0,14.0,10.0,9.0,4.0,15.0
300,8.0,19.0,25.0,1.0,10.0,10.0,8.0,6.0,20.0
301,3.0,34.0,12.0,4.0,13.0,13.0,9.0,11.0,16.0
302,10.0,17.0,17.0,4.0,11.0,10.0,9.0,10.0,24.0
303,6.0,24.0,19.0,5.0,11.0,10.0,5.0,9.0,10.0
304,14.0,24.0,25.0,5.0,17.0,10.0,11.0,6.0,13.0
305,10.0,24.0,15.0,5.0,16.0,7.0,7.0,9.0,18.0
306,9.0,19.0,14.0,5.0,11.0,8.0,9.0,10.0,17.0
307,8.0,21.0,28.0,4.0,14.0,11.0,12.0,8.0,15.0
308,4.0,24.0,25.0,5.0,16.0,13.0,5.0,7.0,16.0
309,13.0,30.0,20.0,5.0,11.0,12.0,5.0,9.0,18.0
310,12.0,24.0,23.0,7.0,10.0,14.0,8.0,7.0,23.0
311,14.0,17.0,17.0,3.0,15.0,6.0,8.0,10.0,20.0
312,7.0,17.0,16.0,5.0,16.0,9.0,1.0,11.0,13.0
313,18.0,20.0,13.0,4.0,16.0,17.0,3.0,6.0,10.0
314,15.0,16.0,15.0,2.0,14.0,6.0,7.0,5.0,29.0
315,11.0,16.0,18.0,4.0,14.0,7.0,8.0,9.0,14.0
316,11.0,22.0,22.0,4.0,6.0,11.0,14.0,8.0,10.0
317,6.0,26.0,12.0,8.0,12.0,12.0,5.0,12.0,22.0
318,9.0,26.0,12.0,4.0,14.0,11.0,8.0,7.0,18.0
319,6.0,20.0,10.0,6.0,15.0,17.0,11.0,5.0,12.0
320,13.0,18.0,22.0,5.0,11.0,8.0,10.0,4.0,18.0
321,12.0,21.0,17.0,4.0,17.0,17.0,9.0,6.0,18.0
322,7.0,25.0,21.0,8.0,19.0,10.0,14.0,5.0,16.0
323,7.0,27.0,19.0,3.0,12.0,6.0,7.0,9.0,14.0
324,11.0,20.0,18.0,2.0,16.0,15.0,10.0,6.0,17.0
325,13.0,16.0,15.0,2.0,20.0,11.0,5.0,12.0,22.0
326,7.0,22.0,18.0,6.0,11.0,9.0,9.0,7.0,26.0
327,8.0,24.0,23.0,3.0,14.0,10.0,7.0,9.0,17.0
328,10.0,15.0,26.0,4.0,15.0,17.0,7.0,8.0,21.0
329,15.0,25.0,16.0,2.0,18.0,10.0,7.0,8.0,23.0
330,8.0,21.0,16.0,7.0,14.0,14.0,9.0,14.0,26.0
331,10.0,13.0,13.0,2.0,19.0,12.0,7.0,9.0,33.0
332,6.0,17.0,16.0,4.0,22.0,34.0,7.0,4.0,22.0
333,9.0,19.0,12.0,4.0,17.0,9.0,7.0,5.0,21.0
334,10.0,28.0,28.0,3.0,13.0,9.0,7.0,4.0,21.0
335,7.0,20.0,23.0,0.0,16.0,10.0,10.0,7.0,18.0
336,10.0,23.0,26.0,9.0,15.0,13.0,4.0,17.0,15.0
337,4.0,23.0,12.0,3.0,9.0,8.0,3.0,7.0,18.0
338,12.0,31.0,19.0,1.0,16.0,10.0,5.0,8.0,13.0
339,6.0,27.0,16.0,3.0,17.0,8.0,8.0,7.0,28.0
340,5.0,20.0,24.0,3.0,22.0,8.0,6.0,6.0,22.0
341,10.0,25.0,16.0,1.0,8.0,5.0,4.0,9.0,17.0
342,13.0,20.0,17.0,1.0,13.0,7.0,5.0,9.0,17.0
343,16.0,31.0,21.0,1.0,18.0,10.0,7.0,6.0,27.0
344,14.0,25.0,27.0,4.0,16.0,5.0,4.0,11.0,19.0
345,8.0,26.0,18.0,5.0,21.0,9.0,12.0,3.0,19.0
346,10.0,42.0,24.0,2.0,16.0,20.0,9.0,12.0,24.0
347,11.0,21.0,23.0,5.0,20.0,15.0,11.0,11.0,18.0
348,12.0,25.0,21.0,4.0,13.0,10.0,8.0,4.0,21.0
349,15.0,24.0,24.0,8.0,9.0,8.0,6.0,4.0,19.0
350,13.0,17.0,26.0,5.0,13.0,12.0,8.0,10.0,25.0
351,11.0,17.0,21.0,4.0,20.0,10.0,7.0,9.0,24.0
352,14.0,22.0,21.0,3.0,16.0,7.0,6.0,6.0,21.0
353,13.0,23.0,22.0,4.0,18.0,9.0,11.0,9.0,21.0
354,13.0,25.0,19.0,6.0,18.0,9.0,9.0,16.0,13.0
355,11.0,20.0,24.0,3.0,20.0,10.0,12.0,9.0,17.0
356,8.0,24.0,20.0,6.0,17.0,9.0,5.0,2.0,17.0
357,6.0,32.0,24.0,4.0,15.0,8.0,6.0,9.0,12.0
358,9.0,23.0,15.0,5.0,21.0,11.0,7.0,9.0,14.0
359,11.0,29.0,20.0,8.0,19.0,15.0,10.0,12.0,22.0
360,10.0,29.0,17.0,1.0,12.0,8.0,5.0,11.0,21.0
361,12.0,24.0,18.0,2.0,18.0,9.0,12.0,13.0,26.0
362,9.0,17.0,18.0,6.0,13.0,16.0,7.0,5.0,22.0
363,7.0,26.0,14.0,1.0,25.0,4.0,4.0,7.0,13.0
364,10.0,39.0,11.0,5.0,27.0,9.0,9.0,8.0,24.0
365,9.0,30.0,17.0,5.0,10.0,9.0,12.0,9.0,28.0
366,12.0,21.0,27.0,4.0,18.0,7.0,5.0,8.0,29.0
367,13.0,14.0,32.0,3.0,10.0,17.0,12.0,7.0,27.0
368,11.0,24.0,31.0,5.0,15.0,10.0,9.0,8.0,20.0
369,11.0,21.0,21.0,3.0,16.0,10.0,7.0,3.0,21.0
370,13.0,25.0,16.0,8.0,20.0,9.0,7.0,10.0,24.0
371,9.0,30.0,27.0,5.0,10.0,7.0,11.0,8.0,13.0
372,12.0,27.0,24.0,5.0,18.0,9.0,7.0,3.0,13.0
373,14.0,18.0,12.0,2.0,16.0,8.0,7.0,7.0,20.0
374,14.0,37.0,23.0,4.0,18.0,14.0,5.0,3.0,23.0
375,14.0,25.0,21.0,2.0,20.0,6.0,8.0,9.0,23.0
376,12.0,21.0,11.0,5.0,16.0,13.0,7.0,11.0,23.0
377,15.0,23.0,19.0,3.0,18.0,15.0,4.0,5.0,18.0
378,11.0,16.0,28.0,0.0,16.0,13.0,9.0,6.0,21.0
379,14.0,32.0,19.0,3.0,15.0,18.0,10.0,6.0,21.0
380,15.0,23.0,34.0,3.0,14.0,12.0,7.0,8.0,13.0
381,11.0,23.0,24.0,3.0,18.0,5.0,11.0,12.0,19.0
382,11.0,23.0,16.0,2.0,14.0,13.0,10.0,10.0,18.0
383,7.0,29.0,25.0,9.0,20.0,14.0,7.0,14.0,21.0
384,7.0,28.0,20.0,4.0,16.0,6.0,5.0,7.0,17.0
385,10.0,18.0,18.0,1.0,13.0,14.0,5.0,8.0,27.0
386,14.0,21.0,17.0,7.0,22.0,11.0,12.0,9.0,20.0
387,9.0,18.0,21.0,12.0,19.0,6.0,7.0,8.0,16.0
388,12.0,19.0,25.0,6.0,30.0,7.0,11.0,5.0,21.0
389,12.0,32.0,11.0,8.0,13.0,11.0,8.0,9.0,25.0
390,6.0,29.0,18.0,3.0,14.0,12.0,7.0,8.0,31.0
391,10.0,30.0,21.0,6.0,14.0,13.0,10.0,3.0,17.0
392,12.0,20.0,28.0,3.0,16.0,14.0,11.0,11.0,26.0
393,7.0,34.0,19.0,7.0,14.0,8.0,5.0,3.0,22.0
394,12.0,19.0,22.0,5.0,15.0,9.0,8.0,4.0,19.0
395,8.0,17.0,26.0,2.0,20.0,11.0,9.0,6.0,14.0
396,6.0,10.0,16.0,8.0,17.0,11.0,18.0,4.0,17.0
397,9.0,17.0,22.0,1.0,17.0,6.0,13.0,8.0,24.0
398,9.0,19.0,16.0,1.0,13.0,4.0,6.0,5.0,25.0
399,4.0,15.0,17.0,2.0,20.0,6.0,8.0,9.0,18.0
400,13.0,16.0,10.0,3.0,18.0,8.0,5.0,10.0,21.0
401,10.0,29.0,15.0,2.0,13.0,7.0,6.0,9.0,16.0
402,13.0,23.0,20.0,7.0,11.0,9.0,7.0,8.0,18.0
403,11.0,26.0,20.0,3.0,14.0,10.0,8.0,12.0,23.0
404,17.0,17.0,17.0,3.0,13.0,9.0,9.0,4.0,18.0
405,19.0,19.0,26.0,6.0,18.0,1.0,6.0,7.0,14.0
406,11.0,21.0,17.0,2.0,16.0,11.0,8.0,6.0,17.0
407,13.0,25.0,21.0,5.0,12.0,6.0,8.0,9.0,15.0
408,6.0,22.0,16.0,6.0,19.0,8.0,9.0,5.0,17.0
409,4.0,22.0,14.0,2.0,9.0,16.0,2.0,9.0,18.0
410,10.0,28.0,13.0,6.0,13.0,13.0,9.0,6.0,22.0
411,7.0,26.0,18.0,4.0,11.0,12.0,5.0,5.0,17.0
412,6.0,22.0,14.0,8.0,12.0,13.0,8.0,12.0,16.0
413,6.0,24.0,14.0,2.0,14.0,14.0,2.0,8.0,23.0
414,7.0,23.0,14.0,5.0,13.0,13.0,5.0,6.0,14.0
415,14.0,18.0,28.0,9.0,22.0,6.0,8.0,11.0,11.0
416,16.0,21.0,12.0,5.0,22.0,6.0,8.0,14.0,24.0
417,7.0,22.0,29.0,6.0,14.0,4.0,7.0,7.0,20.0
418,8.0,23.0,24.0,2.0,12.0,7.0,6.0,3.0,19.0
419,10.0,16.0,20.0,3.0,13.0,8.0,2.0,6.0,16.0
420,10.0,29.0,20.0,5.0,16.0,6.0,9.0,8.0,21.0
421,7.0,20.0,11.0,5.0,15.0,5.0,10.0,8.0,17.0
422,9.0,22.0,25.0,4.0,19.0,8.0,14.0,4.0,19.0
423,7.0,33.0,25.0,5.0,10.0,5.0,6.0,4.0,16.0
424,15.0,18.0,19.0,7.0,7.0,10.0,8.0,7.0,19.0
425,13.0,21.0,11.0,1.0,20.0,7.0,10.0,6.0,23.0
426,13.0,22.0,16.0,7.0,25.0,10.0,9.0,6.0,20.0
427,11.0,35.0,24.0,5.0,17.0,7.0,3.0,6.0,24.0
428,14.0,23.0,20.0,5.0,15.0,15.0,5.0,8.0,16.0
429,9.0,20.0,16.0,3.0,17.0,11.0,11.0,5.0,16.0
430,10.0,16.0,17.0,3.0,13.0,8.0,8.0,8.0,15.0
431,8.0,28.0,16.0,4.0,15.0,7.0,9.0,2.0,22.0
432,7.0,25.0,16.0,3.0,16.0,13.0,15.0,7.0,16.0
433,13.0,20.0,18.0,4.0,8.0,9.0,8.0,4.0,23.0
434,15.0,19.0,25.0,2.0,9.0,13.0,4.0,3.0,28.0
435,7.0,19.0,20.0,6.0,19.0,8.0,7.0,7.0,19.0
436,7.0,23.0,21.0,2.0,16.0,4.0,5.0,7.0,14.0
437,13.0,27.0,21.0,10.0,13.0,10.0,8.0,7.0,31.0
438,10.0,31.0,14.0,4.0,12.0,15.0,9.0,12.0,22.0
439,8.0,16.0,20.0,0.0,9.0,8.0,10.0,7.0,23.0
440,7.0,23.0,24.0,6.0,10.0,8.0,12.0,3.0,23.0
441,13.0,14.0,13.0,2.0,15.0,8.0,5.0,18.0,20.0
442,9.0,29.0,14.0,5.0,10.0,10.0,7.0,11.0,19.0
443,10.0,15.0,18.0,6.0,20.0,8.0,8.0,3.0,20.0
444,5.0,16.0,17.0,4.0,13.0,8.0,4.0,8.0,17.0
445,7.0,27.0,20.0,3.0,18.0,7.0,4.0,9.0,17.0
446,8.0,16.0,19.0,8.0,18.0,32.0,4.0,4.0,21.0
447,5.0,19.0,12.0,8.0,12.0,7.0,6.0,10.0,24.0
448,11.0,20.0,13.0,1.0,14.0,12.0,7.0,9.0,13.0
449,10.0,28.0,21.0,5.0,18.0,16.0,6.0,4.0,23.0
450,13.0,28.0,20.0,2.0,12.0,10.0,4.0,4.0,15.0
451,13.0,20.0,19.0,5.0,14.0,11.0,2.0,4.0,18.0
452,11.0,21.0,25.0,5.0,8.0,7.0,3.0,6.0,17.0
453,7.0,25.0,19.0,2.0,18.0,8.0,6.0,9.0,20.0
454,16.0,14.0,21.0,4.0,13.0,8.0,6.0,4.0,17.0
455,9.0,24.0,25.0,1.0,22.0,7.0,4.0,9.0,22.0
456,6.0,17.0,27.0,8.0,14.0,18.0,10.0,5.0,17.0
457,11.0,16.0,16.0,5.0,21.0,9.0,9.0,8.0,19.0
458,11.0,26.0,16.0,5.0,15.0,11.0,7.0,3.0,24.0
459,9.0,25.0,12.0,4.0,16.0,12.0,5.0,9.0,26.0
460,11.0,24.0,23.0,2.0,15.0,5.0,5.0,6.0,20.0
461,9.0,27.0,21.0,9.0,17.0,7.0,7.0,4.0,23.0
462,7.0,8.0,19.0,3.0,18.0,10.0,4.0,6.0,16.0
463,11.0,26.0,19.0,1.0,12.0,7.0,4.0,4.0,22.0
464,12.0,35.0,17.0,3.0,25.0,8.0,10.0,8.0,20.0
465,9.0,19.0,22.0,7.0,18.0,6.0,5.0,9.0,27.0
466,11.0,19.0,17.0,5.0,14.0,5.0,9.0,5.0,19.0
467,7.0,16.0,21.0,7.0,16.0,10.0,2.0,9.0,16.0
468,9.0,13.0,25.0,8.0,18.0,11.0,6.0,4.0,15.0
469,6.0,21.0,20.0,3.0,17.0,8.0,11.0,4.0,14.0
470,9.0,17.0,11.0,2.0,9.0,10.0,6.0,5.0,17.0
471,10.0,23.0,13.0,8.0,9.0,8.0,8.0,6.0,20.0
472,12.0,24.0,24.0,2.0,16.0,11.0,5.0,4.0,27.0
473,10.0,24.0,13.0,8.0,12.0,11.0,4.0,11.0,26.0
474,8.0,25.0,13.0,9.0,16.0,16.0,5.0,6.0,17.0
475,14.0,26.0,26.0,5.0,11.0,6.0,4.0,12.0,18.0
476,9.0,28.0,18.0,7.0,13.0,5.0,6.0,7.0,23.0
477,9.0,25.0,14.0,4.0,15.0,14.0,6.0,8.0,25.0
478,7.0,20.0,17.0,0.0,13.0,6.0,11.0,12.0,21.0
479,13.0,29.0,16.0,3.0,14.0,6.0,4.0,4.0,22.0
480,13.0,18.0,16.0,6.0,13.0,10.0,7.0,7.0,23.0
481,5.0,18.0,20.0,7.0,18.0,12.0,3.0,8.0,19.0
482,7.0,24.0,26.0,3.0,18.0,10.0,4.0,8.0,28.0
483,7.0,23.0,17.0,6.0,14.0,4.0,4.0,5.0,28.0
484,12.0,21.0,20.0,2.0,20.0,13.0,2.0,3.0,28.0
485,10.0,19.0,11.0,5.0,17.0,11.0,7.0,7.0,25.0
486,13.0,18.0,24.0,4.0,11.0,7.0,7.0,5.0,22.0
487,10.0,22.0,24.0,2.0,12.0,5.0,3.0,7.0,21.0
488,4.0,20.0,21.0,4.0,19.0,5.0,6.0,6.0,16.0
489,11.0,20.0,17.0,5.0,15.0,6.0,7.0,6.0,26.0
490,6.0,23.0,21.0,2.0,20.0,12.0,3.0,11.0,23.0
491,8.0,19.0,20.0,7.0,13.0,3.0,3.0,6.0,17.0
492,9.0,25.0,18.0,5.0,16.0,11.0,7.0,3.0,25.0
493,14.0,26.0,17.0,7.0,15.0,7.0,2.0,7.0,26.0
494,15.0,24.0,21.0,3.0,11.0,8.0,5.0,11.0,20.0
495,9.0,18.0,23.0,4.0,11.0,6.0,13.0,9.0,25.0
496,6.0,20.0,16.0,6.0,8.0,5.0,9.0,6.0,18.0
497,10.0,25.0,15.0,5.0,13.0,6.0,11.0,11.0,15.0
498,12.0,19.0,19.0,6.0,17.0,11.0,7.0,12.0,14.0
499,6.0,30.0,18.0,4.0,11.0,11.0,7.0,10.0,21.0
500,9.0,31.0,13.0,3.0,12.0,8.0,3.0,3.0,25.0
501,9.0,25.0,14.0,7.0,11.0,6.0,3.0,11.0,22.0
502,10.0,31.0,14.0,3.0,20.0,15.0,8.0,6.0,24.0
503,8.0,12.0,26.0,1.0,14.0,6.0,6.0,8.0,18.0
504,9.0,15.0,16.0,3.0,12.0,9.0,6.0,2.0,24.0
505,7.0,24.0,23.0,5.0,15.0,9.0,4.0,8.0,21.0
506,6.0,16.0,18.0,4.0,11.0,7.0,8.0,8.0,15.0
507,6.0,16.0,20.0,5.0,11.0,6.0,10.0,2.0,23.0
508,11.0,22.0,19.0,3.0,11.0,6.0,6.0,14.0,13.0
509,15.0,21.0,18.0,1.0,10.0,8.0,4.0,4.0,15.0
510,9.0,15.0,18.0,6.0,18.0,4.0,7.0,7.0,16.0
511,6.0,25.0,18.0,3.0,10.0,8.0,6.0,9.0,19.0
512,5.0,22.0,24.0,5.0,16.0,11.0,4.0,8.0,16.0
513,8.0,24.0,11.0,1.0,10.0,10.0,4.0,6.0,22.0
514,9.0,20.0,23.0,5.0,14.0,12.0,11.0,6.0,24.0
515,8.0,23.0,11.0,3.0,13.0,6.0,2.0,9.0,20.0
516,10.0,15.0,28.0,3.0,12.0,9.0,7.0,6.0,21.0
517,13.0,16.0,19.0,4.0,7.0,5.0,13.0,11.0,15.0
518,9.0,17.0,16.0,6.0,10.0,5.0,10.0,5.0,12.0
519,8.0,19.0,15.0,3.0,8.0,6.0,1.0,5.0,17.0
520,12.0,19.0,23.0,4.0,14.0,5.0,8.0,8.0,18.0
521,12.0,17.0,17.0,2.0,13.0,5.0,9.0,11.0,18.0
522,7.0,12.0,10.0,8.0,4.0,8.0,3.0,8.0,15.0
523,9.0,23.0,14.0,3.0,17.0,7.0,6.0,8.0,15.0
524,8.0,24.0,14.0,0.0,9.0,8.0,5.0,9.0,21.0
525,12.0,21.0,18.0,2.0,15.0,6.0,4.0,14.0,13.0
526,5.0,18.0,18.0,3.0,10.0,7.0,5.0,6.0,22.0
527,4.0,14.0,24.0,8.0,14.0,9.0,16.0,2.0,24.0
528,2.0,20.0,22.0,2.0,13.0,12.0,7.0,11.0,23.0
529,13.0,15.0,27.0,3.0,13.0,6.0,7.0,7.0,30.0
530,11.0,23.0,18.0,3.0,6.0,7.0,7.0,10.0,18.0
531,8.0,20.0,18.0,2.0,10.0,5.0,7.0,5.0,19.0
532,9.0,17.0,11.0,4.0,16.0,4.0,7.0,5.0,23.0
533,9.0,23.0,20.0,3.0,12.0,14.0,2.0,8.0,12.0
534,14.0,19.0,13.0,4.0,11.0,9.0,0.0,11.0,22.0
535,10.0,17.0,15.0,2.0,15.0,4.0,5.0,8.0,16.0
536,3.0,18.0,25.0,3.0,13.0,3.0,5.0,8.0,15.0
537,9.0,26.0,20.0,6.0,5.0,5.0,5.0,7.0,21.0
538,8.0,33.0,17.0,3.0,9.0,4.0,11.0,4.0,18.0
539,3.0,19.0,23.0,5.0,13.0,4.0,4.0,6.0,22.0
540,13.0,20.0,14.0,2.0,6.0,4.0,4.0,4.0,24.0
541,7.0,14.0,19.0,4.0,15.0,8.0,4.0,11.0,22.0
542,12.0,15.0,15.0,9.0,14.0,4.0,6.0,6.0,25.0
543,14.0,17.0,28.0,2.0,19.0,6.0,4.0,3.0,18.0
544,7.0,34.0,21.0,0.0,10.0,10.0,8.0,3.0,20.0
545,11.0,17.0,19.0,4.0,9.0,6.0,4.0,8.0,17.0
546,9.0,22.0,18.0,7.0,13.0,10.0,2.0,6.0,19.0
547,5.0,15.0,16.0,4.0,13.0,7.0,6.0,11.0,20.0
548,7.0,18.0,17.0,2.0,13.0,7.0,4.0,6.0,23.0
549,8.0,21.0,12.0,4.0,10.0,9.0,1.0,7.0,21.0
550,8.0,25.0,14.0,6.0,17.0,9.0,5.0,5.0,24.0
551,6.0,22.0,15.0,2.0,8.0,8.0,6.0,4.0,24.0
552,6.0,24.0,20.0,4.0,13.0,6.0,4.0,7.0,21.0
553,7.0,24.0,12.0,6.0,9.0,8.0,4.0,7.0,15.0
554,10.0,22.0,15.0,5.0,14.0,7.0,2.0,5.0,15.0
555,9.0,23.0,16.0,2.0,15.0,7.0,3.0,7.0,13.0
556,9.0,26.0,22.0,4.0,7.0,9.0,6.0,10.0,19.0
557,3.0,14.0,14.0,4.0,14.0,11.0,7.0,8.0,19.0
558,4.0,19.0,17.0,4.0,19.0,8.0,8.0,5.0,11.0
559,7.0,29.0,16.0,6.0,12.0,9.0,3.0,3.0,16.0
560,8.0,17.0,12.0,2.0,12.0,7.0,9.0,5.0,19.0
561,6.0,23.0,16.0,6.0,16.0,10.0,7.0,4.0,18.0
562,12.0,32.0,20.0,4.0,7.0,8.0,4.0,4.0,12.0
563,12.0,24.0,22.0,3.0,14.0,9.0,4.0,11.0,26.0
564,7.0,12.0,29.0,1.0,13.0,4.0,4.0,6.0,24.0
565,11.0,19.0,19.0,4.0,11.0,3.0,8.0,5.0,22.0
566,9.0,23.0,18.0,6.0,18.0,5.0,3.0,7.0,18.0
567,10.0,20.0,25.0,1.0,13.0,8.0,5.0,9.0,10.0
568,7.0,23.0,19.0,10.0,14.0,7.0,5.0,8.0,34.0
569,5.0,22.0,19.0,5.0,13.0,4.0,6.0,0.0,25.0
570,4.0,23.0,19.0,2.0,13.0,8.0,5.0,5.0,14.0
571,10.0,14.0,20.0,1.0,9.0,3.0,6.0,4.0,22.0
572,7.0,17.0,20.0,1.0,8.0,5.0,4.0,5.0,24.0
573,3.0,9.0,10.0,2.0,6.0,10.0,2.0,5.0,18.0
574,9.0,23.0,16.0,4.0,8.0,11.0,3.0,4.0,22.0
575,7.0,17.0,17.0,4.0,12.0,6.0,5.0,8.0,17.0
576,7.0,24.0,12.0,9.0,17.0,2.0,7.0,7.0,16.0
577,4.0,17.0,15.0,2.0,15.0,6.0,7.0,4.0,19.0
578,5.0,17.0,19.0,4.0,15.0,9.0,7.0,5.0,26.0
579,3.0,25.0,19.0,1.0,13.0,7.0,4.0,3.0,23.0
580,7.0,16.0,26.0,5.0,13.0,10.0,9.0,4.0,21.0
581,7.0,26.0,13.0,6.0,9.0,5.0,5.0,4.0,17.0
582,3.0,17.0,26.0,4.0,11.0,7.0,2.0,3.0,12.0
583,4.0,11.0,18.0,5.0,9.0,8.0,2.0,1.0,14.0
584,5.0,16.0,19.0,1.0,12.0,5.0,6.0,4.0,25.0
585,8.0,20.0,16.0,2.0,8.0,6.0,6.0,4.0,22.0
586,6.0,17.0,17.0,4.0,11.0,2.0,3.0,10.0,16.0
587,10.0,14.0,23.0,6.0,16.0,7.0,5.0,8.0,20.0
588,9.0,28.0,14.0,3.0,17.0,7.0,7.0,6.0,20.0
589,7.0,21.0,19.0,5.0,9.0,5.0,5.0,7.0,24.0
590,6.0,24.0,15.0,1.0,12.0,4.0,5.0,8.0,18.0
591,10.0,19.0,21.0,3.0,17.0,4.0,8.0,11.0,17.0
592,6.0,19.0,13.0,1.0,15.0,4.0,7.0,3.0,19.0
593,8.0,19.0,15.0,9.0,9.0,4.0,4.0,14.0,13.0
594,6.0,19.0,15.0,6.0,13.0,11.0,5.0,4.0,16.0
595,6.0,24.0,13.0,3.0,5.0,6.0,3.0,13.0,17.0
596,12.0,11.0,21.0,6.0,10.0,1.0,1.0,14.0,16.0
597,6.0,29.0,15.0,5.0,11.0,7.0,3.0,11.0,16.0
598,6.0,20.0,11.0,6.0,13.0,8.0,5.0,8.0,20.0
599,8.0,10.0,18.0,5.0,16.0,2.0,9.0,9.0,20.0
600,5.0,19.0,7.0,2.0,15.0,8.0,4.0,2.0,19.0
601,5.0,25.0,25.0,3.0,13.0,8.0,3.0,7.0,15.0
602,8.0,18.0,17.0,8.0,10.0,6.0,3.0,8.0,18.0
603,6.0,19.0,18.0,3.0,9.0,8.0,8.0,6.0,18.0
604,10.0,25.0,11.0,4.0,13.0,4.0,8.0,8.0,20.0
605,9.0,18.0,14.0,1.0,11.0,5.0,6.0,4.0,14.0
606,8.0,24.0,13.0,2.0,4.0,13.0,2.0,9.0,20.0
607,5.0,18.0,17.0,2.0,12.0,9.0,2.0,4.0,20.0
608,5.0,17.0,23.0,2.0,10.0,3.0,5.0,5.0,15.0
609,6.0,26.0,13.0,4.0,10.0,10.0,6.0,4.0,14.0
610,9.0,20.0,20.0,0.0,13.0,3.0,3.0,4.0,19.0
611,5.0,19.0,17.0,3.0,15.0,9.0,8.0,4.0,21.0
612,5.0,19.0,18.0,3.0,12.0,4.0,5.0,3.0,20.0
613,5.0,21.0,18.0,2.0,9.0,4.0,4.0,3.0,22.0
614,4.0,31.0,19.0,4.0,8.0,7.0,1.0,6.0,23.0
615,12.0,22.0,13.0,2.0,11.0,1.0,6.0,2.0,16.0
616,9.0,15.0,15.0,2.0,7.0,7.0,3.0,2.0,20.0
617,7.0,18.0,24.0,6.0,10.0,4.0,8.0,3.0,25.0
618,6.0,11.0,19.0,2.0,14.0,10.0,4.0,6.0,18.0
619,9.0,17.0,20.0,5.0,8.0,3.0,5.0,7.0,21.0
620,7.0,18.0,22.0,2.0,10.0,4.0,2.0,3.0,16.0
621,4.0,23.0,18.0,6.0,11.0,8.0,4.0,4.0,30.0
622,6.0,18.0,14.0,8.0,13.0,8.0,4.0,6.0,25.0
623,5.0,21.0,30.0,5.0,7.0,5.0,12.0,10.0,19.0
624,3.0,23.0,8.0,3.0,9.0,1.0,2.0,6.0,17.0
625,7.0,20.0,15.0,5.0,9.0,9.0,4.0,6.0,24.0
626,5.0,23.0,10.0,0.0,9.0,4.0,2.0,7.0,21.0
627,5.0,24.0,13.0,2.0,12.0,8.0,2.0,0.0,21.0
628,1.0,18.0,13.0,5.0,10.0,5.0,5.0,8.0,17.0
629,2.0,17.0,18.0,1.0,9.0,7.0,6.0,7.0,25.0
630,4.0,18.0,19.0,3.0,9.0,6.0,8.0,2.0,10.0
631,7.0,22.0,17.0,2.0,11.0,7.0,5.0,2.0,18.0
632,9.0,27.0,19.0,4.0,12.0,3.0,5.0,5.0,18.0
633,8.0,14.0,13.0,5.0,15.0,9.0,7.0,7.0,27.0
634,6.0,22.0,25.0,3.0,6.0,5.0,6.0,7.0,14.0
635,6.0,16.0,10.0,7.0,5.0,4.0,7.0,7.0,8.0
636,6.0,23.0,19.0,7.0,17.0,5.0,2.0,7.0,24.0
637,14.0,25.0,20.0,5.0,8.0,7.0,4.0,9.0,26.0
638,5.0,20.0,15.0,1.0,7.0,7.0,2.0,5.0,10.0
639,7.0,19.0,16.0,4.0,17.0,7.0,11.0,2.0,17.0
640,4.0,15.0,17.0,5.0,8.0,11.0,4.0,4.0,26.0
641,5.0,26.0,18.0,5.0,12.0,7.0,3.0,7.0,15.0
642,6.0,24.0,7.0,6.0,12.0,8.0,4.0,2.0,16.0
643,7.0,20.0,16.0,7.0,12.0,6.0,4.0,5.0,30.0
644,6.0,25.0,17.0,5.0,8.0,10.0,10.0,6.0,15.0
645,7.0,15.0,20.0,4.0,10.0,5.0,3.0,3.0,15.0
646,4.0,17.0,19.0,4.0,13.0,6.0,4.0,5.0,15.0
647,4.0,21.0,24.0,7.0,12.0,7.0,5.0,9.0,12.0
648,4.0,22.0,20.0,7.0,10.0,6.0,3.0,2.0,15.0
649,5.0,15.0,15.0,2.0,8.0,8.0,7.0,3.0,19.0
650,5.0,12.0,17.0,2.0,7.0,5.0,3.0,7.0,17.0
651,5.0,22.0,22.0,7.0,7.0,7.0,8.0,4.0,14.0
652,6.0,27.0,22.0,1.0,9.0,5.0,4.0,4.0,19.0
653,10.0,18.0,21.0,4.0,12.0,10.0,9.0,7.0,14.0
654,4.0,19.0,15.0,5.0,13.0,12.0,2.0,4.0,12.0
655,7.0,14.0,16.0,2.0,13.0,5.0,5.0,9.0,24.0
656,5.0,32.0,26.0,5.0,3.0,7.0,7.0,6.0,11.0
657,5.0,21.0,24.0,2.0,12.0,5.0,5.0,5.0,18.0
658,9.0,15.0,10.0,3.0,8.0,3.0,6.0,8.0,14.0
659,5.0,17.0,12.0,3.0,8.0,9.0,5.0,4.0,19.0
660,7.0,24.0,23.0,5.0,7.0,7.0,9.0,6.0,16.0
661,10.0,22.0,13.0,1.0,16.0,10.0,1.0,1.0,14.0
662,5.0,19.0,14.0,4.0,10.0,6.0,4.0,6.0,17.0
663,6.0,19.0,13.0,2.0,4.0,6.0,5.0,5.0,17.0
664,10.0,22.0,22.0,2.0,7.0,9.0,3.0,5.0,10.0
665,5.0,14.0,23.0,5.0,10.0,3.0,8.0,2.0,15.0
666,8.0,12.0,21.0,3.0,10.0,3.0,9.0,4.0,29.0
667,5.0,17.0,18.0,2.0,9.0,6.0,7.0,1.0,20.0
668,9.0,21.0,23.0,2.0,12.0,7.0,4.0,6.0,21.0
669,5.0,14.0,15.0,6.0,11.0,3.0,6.0,8.0,19.0
670,2.0,21.0,14.0,3.0,17.0,4.0,10.0,2.0,21.0
671,9.0,16.0,15.0,4.0,6.0,5.0,6.0,8.0,13.0
672,6.0,18.0,18.0,6.0,14.0,8.0,5.0,3.0,18.0
673,4.0,15.0,14.0,3.0,6.0,5.0,6.0,2.0,16.0
674,9.0,15.0,16.0,2.0,12.0,5.0,5.0,1.0,18.0
675,6.0,12.0,14.0,3.0,11.0,7.0,5.0,7.0,26.0
676,6.0,16.0,18.0,3.0,14.0,7.0,6.0,10.0,15.0
677,6.0,22.0,16.0,4.0,5.0,6.0,5.0,5.0,17.0
678,9.0,25.0,28.0,5.0,18.0,6.0,6.0,6.0,22.0
679,4.0,12.0,20.0,4.0,8.0,2.0,7.0,7.0,14.0
680,8.0,15.0,26.0,6.0,9.0,1.0,2.0,11.0,17.0
681,7.0,16.0,16.0,4.0,15.0,4.0,5.0,7.0,12.0
682,8.0,21.0,15.0,4.0,13.0,5.0,5.0,8.0,24.0
683,4.0,22.0,23.0,5.0,10.0,6.0,9.0,7.0,15.0
684,7.0,14.0,15.0,2.0,9.0,8.0,12.0,8.0,14.0
685,12.0,26.0,16.0,1.0,13.0,6.0,15.0,6.0,19.0
686,7.0,20.0,19.0,4.0,15.0,3.0,4.0,6.0,17.0
687,0.0,16.0,14.0,3.0,12.0,10.0,8.0,4.0,13.0
688,5.0,23.0,12.0,3.0,14.0,5.0,4.0,7.0,21.0
689,4.0,21.0,13.0,3.0,12.0,3.0,7.0,5.0,11.0
690,5.0,24.0,24.0,2.0,9.0,5.0,7.0,13.0,22.0
691,2.0,16.0,16.0,3.0,10.0,6.0,7.0,9.0,12.0
692,6.0,14.0,24.0,6.0,10.0,6.0,5.0,2.0,16.0
693,8.0,27.0,18.0,5.0,6.0,8.0,4.0,4.0,19.0
694,6.0,21.0,15.0,4.0,5.0,3.0,6.0,4.0,22.0
695,5.0,25.0,12.0,7.0,7.0,10.0,6.0,9.0,10.0
696,6.0,17.0,22.0,5.0,10.0,6.0,6.0,3.0,18.0
697,7.0,16.0,15.0,3.0,15.0,9.0,7.0,2.0,22.0
698,8.0,12.0,18.0,5.0,20.0,8.0,5.0,3.0,16.0
699,6.0,22.0,19.0,4.0,16.0,9.0,2.0,3.0,22.0
700,1.0,20.0,17.0,3.0,14.0,9.0,6.0,7.0,19.0
701,1.0,21.0,22.0,3.0,15.0,7.0,8.0,2.0,22.0
702,3.0,18.0,15.0,0.0,11.0,4.0,2.0,8.0,21.0
703,7.0,17.0,16.0,0.0,11.0,8.0,4.0,2.0,17.0
704,5.0,30.0,18.0,5.0,9.0,8.0,8.0,8.0,20.0
705,4.0,19.0,17.0,2.0,7.0,5.0,5.0,12.0,22.0
706,6.0,20.0,14.0,5.0,14.0,6.0,6.0,4.0,14.0
707,4.0,23.0,17.0,4.0,11.0,5.0,6.0,4.0,21.0
708,5.0,23.0,13.0,5.0,8.0,16.0,3.0,5.0,14.0
709,7.0,13.0,22.0,3.0,16.0,6.0,5.0,3.0,19.0
710,6.0,17.0,19.0,4.0,12.0,10.0,6.0,9.0,15.0
711,3.0,21.0,14.0,3.0,14.0,4.0,3.0,13.0,21.0
712,4.0,17.0,13.0,3.0,14.0,9.0,8.0,8.0,23.0
713,9.0,16.0,14.0,3.0,7.0,11.0,8.0,7.0,16.0
714,2.0,19.0,18.0,5.0,10.0,6.0,9.0,7.0,21.0
715,4.0,21.0,10.0,2.0,14.0,6.0,3.0,8.0,16.0
716,4.0,19.0,20.0,6.0,13.0,10.0,5.0,4.0,18.0
717,7.0,16.0,16.0,5.0,10.0,8.0,4.0,5.0,22.0
718,5.0,17.0,16.0,1.0,9.0,6.0,4.0,5.0,19.0
719,8.0,22.0,19.0,4.0,13.0,7.0,5.0,8.0,18.0
720,4.0,17.0,15.0,2.0,15.0,5.0,7.0,4.0,13.0
721,3.0,16.0,21.0,2.0,12.0,9.0,2.0,5.0,13.0
722,6.0,30.0,9.0,1.0,9.0,5.0,6.0,7.0,11.0
723,4.0,31.0,14.0,1.0,18.0,11.0,3.0,3.0,14.0
724,6.0,20.0,21.0,4.0,12.0,7.0,4.0,6.0,20.0
725,5.0,17.0,28.0,3.0,13.0,6.0,7.0,5.0,18.0
726,4.0,29.0,17.0,2.0,11.0,11.0,2.0,11.0,9.0
727,6.0,22.0,18.0,1.0,13.0,9.0,2.0,7.0,13.0
728,2.0,24.0,23.0,6.0,13.0,4.0,5.0,11.0,18.0
729,4.0,21.0,18.0,4.0,11.0,12.0,4.0,4.0,18.0
730,4.0,20.0,18.0,4.0,17.0,7.0,7.0,5.0,20.0
731,6.0,32.0,14.0,2.0,8.0,7.0,6.0,6.0,17.0
732,7.0,25.0,19.0,1.0,7.0,2.0,3.0,5.0,17.0
733,9.0,20.0,16.0,1.0,15.0,6.0,3.0,5.0,16.0
734,10.0,20.0,18.0,2.0,7.0,5.0,4.0,8.0,17.0
735,8.0,22.0,13.0,1.0,13.0,6.0,5.0,9.0,12.0
736,11.0,23.0,10.0,2.0,13.0,9.0,4.0,5.0,14.0
737,4.0,23.0,14.0,1.0,16.0,9.0,4.0,3.0,12.0
738,2.0,13.0,27.0,5.0,13.0,7.0,3.0,3.0,19.0
739,5.0,23.0,28.0,1.0,9.0,8.0,5.0,5.0,11.0
740,7.0,22.0,17.0,0.0,9.0,3.0,6.0,7.0,24.0
741,12.0,21.0,17.0,1.0,11.0,4.0,4.0,6.0,21.0
742,5.0,22.0,18.0,5.0,11.0,11.0,8.0,2.0,11.0
743,6.0,16.0,15.0,6.0,17.0,5.0,3.0,7.0,12.0
744,8.0,18.0,17.0,3.0,10.0,11.0,0.0,5.0,22.0
745,7.0,14.0,12.0,5.0,19.0,8.0,4.0,6.0,20.0
746,6.0,22.0,23.0,3.0,10.0,7.0,8.0,6.0,21.0
747,6.0,22.0,17.0,6.0,7.0,4.0,2.0,1.0,15.0
748,5.0,21.0,17.0,3.0,9.0,7.0,3.0,3.0,15.0
749,7.0,16.0,14.0,3.0,7.0,10.0,5.0,5.0,22.0
750,7.0,24.0,21.0,4.0,6.0,7.0,5.0,5.0,9.0
751,9.0,18.0,20.0,2.0,11.0,7.0,3.0,3.0,13.0
752,8.0,16.0,14.0,3.0,6.0,9.0,4.0,3.0,18.0
753,7.0,23.0,21.0,2.0,11.0,3.0,3.0,8.0,20.0
754,5.0,23.0,19.0,2.0,5.0,7.0,8.0,5.0,11.0
755,10.0,15.0,23.0,3.0,9.0,7.0,7.0,7.0,19.0
756,7.0,18.0,16.0,1.0,7.0,10.0,1.0,3.0,15.0
757,5.0,25.0,15.0,3.0,11.0,8.0,2.0,7.0,19.0
758,6.0,16.0,26.0,1.0,13.0,3.0,0.0,8.0,16.0
759,8.0,26.0,9.0,5.0,9.0,4.0,7.0,6.0,16.0
760,6.0,23.0,15.0,2.0,13.0,5.0,0.0,4.0,17.0
761,5.0,13.0,16.0,5.0,7.0,9.0,2.0,4.0,13.0
762,5.0,21.0,16.0,3.0,11.0,7.0,2.0,8.0,10.0
763,4.0,12.0,11.0,2.0,11.0,3.0,0.0,4.0,16.0
764,3.0,23.0,15.0,1.0,8.0,8.0,4.0,5.0,10.0
765,7.0,12.0,21.0,2.0,14.0,7.0,2.0,6.0,18.0
766,4.0,19.0,15.0,2.0,10.0,9.0,5.0,4.0,26.0
767,9.0,17.0,20.0,1.0,15.0,9.0,10.0,7.0,16.0
768,6.0,17.0,13.0,1.0,15.0,10.0,1.0,4.0,13.0
769,7.0,16.0,19.0,4.0,10.0,9.0,5.0,5.0,17.0
770,3.0,24.0,10.0,5.0,7.0,4.0,4.0,5.0,9.0
771,11.0,15.0,18.0,1.0,9.0,1.0,7.0,8.0,20.0
772,8.0,16.0,17.0,3.0,10.0,7.0,6.0,6.0,20.0
773,15.0,26.0,22.0,0.0,8.0,13.0,4.0,12.0,15.0
774,6.0,11.0,22.0,1.0,10.0,8.0,3.0,11.0,18.0
775,3.0,21.0,10.0,2.0,8.0,9.0,5.0,7.0,11.0
776,9.0,18.0,11.0,4.0,5.0,9.0,4.0,10.0,19.0
777,4.0,14.0,19.0,3.0,10.0,7.0,5.0,3.0,19.0
778,3.0,23.0,17.0,3.0,8.0,5.0,3.0,10.0,15.0
779,9.0,13.0,21.0,12.0,13.0,5.0,7.0,12.0,21.0
780,8.0,14.0,17.0,1.0,16.0,9.0,1.0,4.0,21.0
781,5.0,20.0,11.0,3.0,10.0,7.0,4.0,11.0,15.0
782,6.0,18.0,13.0,4.0,9.0,8.0,6.0,6.0,22.0
783,5.0,15.0,12.0,4.0,20.0,9.0,3.0,3.0,21.0
784,6.0,14.0,7.0,5.0,10.0,8.0,1.0,7.0,18.0
785,10.0,18.0,23.0,4.0,16.0,8.0,6.0,3.0,16.0
786,6.0,28.0,19.0,3.0,15.0,13.0,5.0,8.0,12.0
787,8.0,17.0,19.0,4.0,21.0,12.0,5.0,5.0,15.0
788,7.0,17.0,28.0,5.0,6.0,4.0,5.0,8.0,11.0
789,8.0,15.0,19.0,0.0,5.0,12.0,1.0,6.0,17.0
790,6.0,23.0,19.0,1.0,13.0,6.0,7.0,1.0,21.0
791,7.0,15.0,18.0,3.0,16.0,8.0,5.0,7.0,16.0
792,7.0,13.0,20.0,3.0,8.0,6.0,3.0,5.0,14.0
793,5.0,17.0,14.0,3.0,5.0,4.0,2.0,5.0,14.0
794,5.0,19.0,20.0,5.0,18.0,9.0,7.0,3.0,10.0
795,8.0,14.0,17.0,3.0,5.0,9.0,4.0,6.0,11.0
796,7.0,28.0,11.0,0.0,2.0,6.0,7.0,4.0,13.0
797,3.0,14.0,23.0,0.0,10.0,6.0,7.0,4.0,13.0
798,5.0,16.0,18.0,4.0,7.0,5.0,4.0,9.0,16.0
799,10.0,19.0,22.0,3.0,14.0,6.0,2.0,3.0,18.0
800,7.0,14.0,15.0,3.0,10.0,8.0,5.0,7.0,17.0
801,5.0,18.0,8.0,3.0,6.0,6.0,5.0,1.0,20.0
802,7.0,13.0,18.0,2.0,4.0,6.0,5.0,1.0,17.0
803,7.0,18.0,15.0,4.0,15.0,9.0,4.0,4.0,8.0
804,2.0,11.0,20.0,2.0,9.0,3.0,4.0,3.0,11.0
805,2.0,15.0,17.0,4.0,11.0,4.0,6.0,2.0,17.0
806,5.0,18.0,23.0,2.0,12.0,6.0,10.0,6.0,16.0
807,7.0,20.0,21.0,4.0,15.0,5.0,1.0,5.0,11.0
808,5.0,20.0,11.0,4.0,12.0,8.0,3.0,4.0,17.0
809,10.0,18.0,15.0,1.0,5.0,10.0,5.0,2.0,16.0
810,4.0,22.0,13.0,2.0,13.0,11.0,6.0,6.0,6.0
811,7.0,20.0,19.0,3.0,9.0,7.0,8.0,7.0,15.0
812,4.0,21.0,14.0,4.0,13.0,6.0,1.0,2.0,17.0
813,3.0,26.0,22.0,3.0,10.0,6.0,5.0,8.0,20.0
814,5.0,15.0,15.0,4.0,12.0,5.0,3.0,6.0,11.0
815,8.0,19.0,13.0,6.0,13.0,6.0,5.0,8.0,8.0
816,4.0,17.0,12.0,3.0,12.0,5.0,4.0,8.0,17.0
817,11.0,17.0,18.0,0.0,9.0,6.0,1.0,6.0,18.0
818,10.0,19.0,13.0,4.0,7.0,5.0,8.0,7.0,15.0
819,5.0,7.0,13.0,3.0,11.0,8.0,4.0,11.0,18.0
820,5.0,14.0,13.0,1.0,10.0,9.0,6.0,8.0,27.0
821,5.0,21.0,14.0,0.0,7.0,11.0,4.0,7.0,15.0
822,9.0,15.0,22.0,0.0,8.0,5.0,11.0,8.0,15.0
823,6.0,17.0,20.0,1.0,15.0,6.0,6.0,4.0,11.0
824,7.0,16.0,14.0,2.0,5.0,8.0,7.0,5.0,11.0
825,5.0,10.0,18.0,3.0,7.0,10.0,3.0,7.0,19.0
826,6.0,21.0,19.0,5.0,8.0,2.0,3.0,5.0,15.0
827,4.0,16.0,22.0,2.0,7.0,7.0,7.0,3.0,6.0
828,4.0,19.0,19.0,4.0,4.0,5.0,5.0,3.0,13.0
829,1.0,10.0,15.0,1.0,9.0,8.0,3.0,1.0,15.0
830,4.0,11.0,19.0,3.0,10.0,9.0,6.0,7.0,6.0
831,9.0,13.0,19.0,2.0,7.0,4.0,6.0,8.0,10.0
832,8.0,11.0,19.0,3.0,9.0,10.0,2.0,8.0,17.0
833,5.0,21.0,16.0,3.0,13.0,10.0,8.0,11.0,20.0
834,3.0,21.0,19.0,6.0,11.0,7.0,4.0,15.0,24.0
835,11.0,19.0,19.0,4.0,10.0,3.0,7.0,10.0,13.0
836,5.0,17.0,12.0,2.0,6.0,7.0,4.0,10.0,17.0
837,9.0,20.0,13.0,0.0,6.0,4.0,9.0,4.0,12.0
838,8.0,21.0,15.0,6.0,16.0,7.0,4.0,4.0,8.0
839,7.0,15.0,25.0,4.0,16.0,11.0,6.0,8.0,15.0
840,8.0,17.0,19.0,2.0,13.0,10.0,8.0,6.0,16.0
841,8.0,14.0,14.0,4.0,11.0,6.0,1.0,3.0,16.0
842,9.0,19.0,15.0,3.0,7.0,8.0,6.0,6.0,11.0
843,9.0,14.0,10.0,3.0,15.0,3.0,10.0,8.0,13.0
844,6.0,23.0,16.0,2.0,13.0,9.0,4.0,11.0,24.0
845,8.0,14.0,16.0,3.0,8.0,2.0,6.0,6.0,21.0
846,7.0,14.0,13.0,5.0,11.0,10.0,5.0,5.0,15.0
847,7.0,16.0,18.0,3.0,16.0,5.0,2.0,3.0,19.0
848,7.0,27.0,15.0,3.0,10.0,7.0,4.0,4.0,24.0
849,6.0,26.0,18.0,1.0,12.0,7.0,5.0,7.0,15.0
850,6.0,20.0,16.0,4.0,10.0,7.0,3.0,3.0,8.0
851,6.0,21.0,25.0,1.0,10.0,8.0,5.0,2.0,11.0
852,3.0,23.0,12.0,2.0,9.0,1.0,5.0,8.0,7.0
853,4.0,20.0,15.0,7.0,14.0,6.0,5.0,5.0,12.0
854,9.0,14.0,16.0,3.0,7.0,9.0,2.0,4.0,8.0
855,6.0,9.0,14.0,4.0,12.0,4.0,7.0,4.0,14.0
856,7.0,18.0,15.0,4.0,13.0,7.0,6.0,8.0,14.0
857,6.0,13.0,16.0,2.0,10.0,4.0,2.0,6.0,13.0
858,5.0,16.0,13.0,5.0,17.0,8.0,2.0,2.0,15.0
859,4.0,20.0,21.0,6.0,10.0,7.0,1.0,7.0,16.0
860,5.0,13.0,15.0,7.0,14.0,14.0,2.0,5.0,18.0
861,6.0,20.0,23.0,3.0,13.0,9.0,6.0,4.0,11.0
862,9.0,13.0,17.0,1.0,21.0,8.0,2.0,2.0,18.0
863,6.0,9.0,14.0,1.0,9.0,6.0,3.0,3.0,17.0
864,5.0,13.0,19.0,1.0,9.0,11.0,5.0,7.0,18.0
865,10.0,11.0,33.0,2.0,6.0,5.0,3.0,5.0,15.0
866,5.0,12.0,15.0,1.0,10.0,9.0,2.0,6.0,17.0
867,5.0,10.0,28.0,1.0,12.0,5.0,11.0,5.0,12.0
868,6.0,10.0,24.0,1.0,4.0,5.0,4.0,3.0,16.0
869,2.0,17.0,34.0,0.0,12.0,6.0,4.0,4.0,14.0
870,2.0,7.0,31.0,1.0,9.0,7.0,2.0,5.0,14.0
871,7.0,18.0,27.0,1.0,13.0,4.0,6.0,6.0,11.0
872,5.0,14.0,24.0,4.0,13.0,2.0,5.0,8.0,11.0
873,5.0,13.0,25.0,1.0,11.0,8.0,3.0,4.0,19.0
874,2.0,20.0,39.0,2.0,8.0,6.0,4.0,3.0,12.0
875,3.0,20.0,20.0,4.0,9.0,4.0,5.0,6.0,16.0
876,10.0,14.0,12.0,2.0,7.0,6.0,7.0,4.0,11.0
877,6.0,13.0,13.0,0.0,13.0,4.0,2.0,3.0,16.0
878,5.0,11.0,13.0,0.0,10.0,7.0,6.0,8.0,15.0
879,9.0,16.0,24.0,4.0,8.0,4.0,3.0,2.0,12.0
880,7.0,13.0,24.0,4.0,13.0,4.0,5.0,1.0,9.0
881,1.0,26.0,13.0,3.0,6.0,10.0,1.0,2.0,10.0
882,10.0,18.0,19.0,5.0,6.0,4.0,5.0,3.0,13.0
883,7.0,13.0,11.0,5.0,11.0,11.0,5.0,4.0,18.0
884,8.0,10.0,16.0,4.0,10.0,10.0,3.0,5.0,11.0
885,7.0,20.0,29.0,3.0,13.0,8.0,6.0,2.0,13.0
886,5.0,12.0,14.0,2.0,13.0,7.0,9.0,9.0,9.0
887,4.0,17.0,16.0,0.0,5.0,7.0,4.0,4.0,13.0
888,8.0,13.0,12.0,3.0,12.0,5.0,5.0,8.0,12.0
889,6.0,18.0,17.0,4.0,14.0,7.0,0.0,5.0,12.0
890,10.0,13.0,18.0,4.0,10.0,4.0,1.0,5.0,11.0
891,2.0,16.0,17.0,1.0,4.0,5.0,5.0,4.0,13.0
892,9.0,19.0,15.0,2.0,9.0,6.0,4.0,8.0,5.0
893,8.0,25.0,27.0,4.0,13.0,5.0,3.0,10.0,12.0
894,2.0,18.0,24.0,4.0,10.0,5.0,7.0,7.0,12.0
895,7.0,7.0,16.0,0.0,12.0,8.0,2.0,10.0,8.0
896,6.0,19.0,15.0,2.0,15.0,4.0,4.0,8.0,11.0
897,7.0,14.0,21.0,4.0,15.0,5.0,3.0,6.0,21.0
898,8.0,25.0,20.0,0.0,14.0,9.0,6.0,6.0,11.0
899,8.0,16.0,20.0,2.0,9.0,4.0,2.0,5.0,9.0
900,7.0,13.0,18.0,2.0,10.0,7.0,3.0,7.0,11.0
901,3.0,16.0,19.0,7.0,10.0,6.0,7.0,8.0,15.0
902,5.0,21.0,21.0,1.0,11.0,7.0,8.0,9.0,15.0
903,4.0,19.0,14.0,2.0,13.0,10.0,5.0,6.0,20.0
904,7.0,12.0,19.0,2.0,7.0,6.0,4.0,8.0,13.0
905,7.0,15.0,23.0,4.0,19.0,9.0,7.0,6.0,6.0
906,12.0,15.0,20.0,2.0,8.0,8.0,3.0,8.0,12.0
907,7.0,13.0,19.0,4.0,12.0,10.0,3.0,8.0,10.0
908,3.0,14.0,14.0,3.0,9.0,11.0,8.0,11.0,15.0
909,3.0,15.0,16.0,5.0,11.0,6.0,7.0,13.0,16.0
910,9.0,14.0,10.0,0.0,11.0,8.0,5.0,6.0,12.0
911,7.0,17.0,21.0,3.0,7.0,8.0,2.0,5.0,11.0
912,9.0,17.0,19.0,4.0,9.0,7.0,8.0,6.0,12.0
913,8.0,13.0,19.0,3.0,11.0,8.0,6.0,5.0,15.0
914,7.0,22.0,18.0,2.0,10.0,6.0,5.0,6.0,15.0
915,4.0,14.0,20.0,4.0,14.0,10.0,9.0,9.0,10.0
916,9.0,17.0,9.0,5.0,11.0,7.0,3.0,10.0,18.0
917,4.0,14.0,16.0,3.0,14.0,14.0,4.0,6.0,14.0
918,4.0,25.0,18.0,2.0,8.0,9.0,2.0,6.0,17.0
919,7.0,16.0,15.0,3.0,10.0,4.0,4.0,4.0,15.0
920,7.0,7.0,18.0,4.0,6.0,10.0,3.0,8.0,10.0
921,8.0,22.0,9.0,0.0,2.0,4.0,2.0,10.0,6.0
922,3.0,22.0,20.0,7.0,13.0,10.0,1.0,4.0,13.0
923,5.0,24.0,13.0,3.0,9.0,4.0,4.0,11.0,17.0
924,3.0,15.0,21.0,0.0,7.0,3.0,2.0,4.0,16.0
925,8.0,21.0,19.0,2.0,4.0,6.0,1.0,6.0,11.0
926,5.0,15.0,16.0,0.0,16.0,7.0,3.0,5.0,12.0
927,6.0,21.0,15.0,5.0,11.0,6.0,3.0,5.0,14.0
928,3.0,16.0,16.0,3.0,5.0,4.0,5.0,11.0,10.0
929,2.0,14.0,14.0,3.0,15.0,4.0,10.0,5.0,17.0
930,7.0,16.0,16.0,5.0,9.0,9.0,7.0,7.0,12.0
931,9.0,17.0,15.0,1.0,8.0,5.0,2.0,3.0,14.0
932,10.0,15.0,18.0,1.0,8.0,4.0,6.0,9.0,11.0
933,8.0,15.0,17.0,2.0,9.0,4.0,4.0,1.0,13.0
934,14.0,17.0,17.0,4.0,7.0,9.0,6.0,6.0,15.0
935,4.0,19.0,13.0,3.0,5.0,5.0,5.0,6.0,10.0
936,4.0,22.0,14.0,1.0,14.0,6.0,4.0,4.0,15.0
937,12.0,23.0,14.0,6.0,7.0,9.0,4.0,7.0,9.0
938,7.0,12.0,15.0,5.0,12.0,6.0,7.0,7.0,15.0
939,2.0,21.0,12.0,0.0,11.0,8.0,1.0,7.0,8.0
940,4.0,19.0,18.0,1.0,8.0,10.0,3.0,8.0,9.0
941,7.0,25.0,16.0,4.0,10.0,7.0,5.0,12.0,15.0
942,6.0,22.0,8.0,2.0,12.0,10.0,3.0,6.0,13.0
943,10.0,20.0,18.0,6.0,10.0,4.0,3.0,7.0,10.0
944,4.0,12.0,12.0,2.0,7.0,7.0,3.0,7.0,9.0
945,3.0,15.0,18.0,1.0,11.0,2.0,2.0,8.0,10.0
946,4.0,15.0,23.0,3.0,9.0,12.0,1.0,7.0,12.0
947,8.0,11.0,24.0,1.0,10.0,3.0,3.0,5.0,13.0
948,5.0,13.0,13.0,4.0,10.0,6.0,4.0,7.0,24.0
949,9.0,19.0,13.0,4.0,14.0,8.0,1.0,7.0,13.0
950,5.0,11.0,12.0,4.0,13.0,8.0,6.0,8.0,10.0
951,4.0,16.0,14.0,4.0,7.0,7.0,6.0,4.0,12.0
952,8.0,13.0,14.0,1.0,15.0,7.0,3.0,8.0,11.0
953,8.0,13.0,18.0,4.0,9.0,3.0,5.0,12.0,19.0
954,5.0,13.0,20.0,2.0,10.0,2.0,5.0,12.0,13.0
955,9.0,22.0,19.0,4.0,12.0,6.0,1.0,4.0,13.0
956,9.0,14.0,22.0,4.0,12.0,5.0,2.0,4.0,6.0
957,5.0,14.0,18.0,4.0,7.0,3.0,10.0,1.0,16.0
958,3.0,4.0,14.0,3.0,13.0,3.0,3.0,8.0,20.0
959,9.0,15.0,20.0,1.0,6.0,9.0,3.0,2.0,12.0
960,5.0,17.0,9.0,8.0,9.0,8.0,6.0,4.0,12.0
961,12.0,22.0,11.0,1.0,10.0,9.0,3.0,6.0,12.0
962,5.0,12.0,21.0,3.0,14.0,6.0,2.0,6.0,10.0
963,2.0,17.0,13.0,5.0,8.0,7.0,2.0,7.0,8.0
964,9.0,12.0,20.0,3.0,11.0,10.0,6.0,4.0,9.0
965,4.0,20.0,10.0,3.0,13.0,5.0,7.0,4.0,7.0
966,6.0,11.0,13.0,3.0,15.0,6.0,6.0,4.0,10.0
967,10.0,14.0,20.0,4.0,13.0,3.0,6.0,3.0,7.0
968,5.0,6.0,17.0,1.0,13.0,6.0,5.0,10.0,9.0
969,8.0,26.0,16.0,2.0,9.0,11.0,4.0,8.0,15.0
970,5.0,13.0,17.0,2.0,8.0,2.0,4.0,2.0,18.0
971,8.0,11.0,24.0,5.0,9.0,4.0,5.0,7.0,14.0
972,7.0,24.0,12.0,4.0,7.0,14.0,4.0,9.0,13.0
973,9.0,12.0,17.0,1.0,12.0,9.0,6.0,9.0,12.0
974,8.0,18.0,19.0,3.0,12.0,7.0,6.0,9.0,12.0
975,6.0,16.0,14.0,3.0,8.0,11.0,4.0,5.0,12.0
976,13.0,10.0,14.0,1.0,10.0,8.0,6.0,4.0,8.0
977,11.0,12.0,14.0,8.0,8.0,8.0,4.0,4.0,12.0
978,14.0,15.0,23.0,2.0,7.0,7.0,4.0,5.0,10.0
979,14.0,15.0,14.0,1.0,6.0,8.0,8.0,2.0,8.0
980,12.0,15.0,16.0,1.0,11.0,7.0,0.0,6.0,14.0
981,12.0,26.0,20.0,4.0,13.0,10.0,3.0,5.0,17.0
982,8.0,17.0,14.0,2.0,11.0,10.0,2.0,3.0,10.0
983,7.0,15.0,14.0,2.0,12.0,6.0,2.0,7.0,9.0
984,9.0,19.0,12.0,2.0,11.0,9.0,1.0,5.0,9.0
985,5.0,17.0,9.0,2.0,14.0,10.0,9.0,8.0,6.0
986,10.0,15.0,22.0,4.0,12.0,11.0,1.0,6.0,13.0
987,6.0,14.0,18.0,2.0,11.0,5.0,2.0,4.0,10.0
988,10.0,12.0,13.0,6.0,13.0,18.0,4.0,3.0,9.0
989,3.0,20.0,15.0,6.0,7.0,5.0,5.0,8.0,8.0
990,6.0,34.0,25.0,2.0,10.0,13.0,5.0,5.0,8.0
991,4.0,30.0,25.0,4.0,8.0,4.0,6.0,4.0,10.0
992,9.0,25.0,28.0,2.0,12.0,13.0,5.0,6.0,10.0
993,3.0,20.0,23.0,1.0,8.0,16.0,2.0,6.0,10.0
994,12.0,11.0,27.0,6.0,11.0,12.0,6.0,2.0,10.0
995,9.0,14.0,18.0,3.0,14.0,10.0,6.0,4.0,17.0
996,11.0,19.0,21.0,8.0,14.0,8.0,5.0,8.0,14.0
997,8.0,20.0,20.0,1.0,12.0,6.0,5.0,5.0,10.0
998,8.0,20.0,18.0,4.0,12.0,8.0,1.0,7.0,10.0
999,3.0,24.0,13.0,4.0,10.0,7.0,1.0,5.0,14.0
