,traffic-nj511-minutes-nj_turnpike_exit_8a_to_nj_turnpike_exit_14,traffic-nj511-minutes-nj_turnpike_exit_18w_to_nj_turnpike_exit_14,traffic-nj511-minutes-nj_turnpike_exit_6_to_nj_turnpike_exit_1,traffic-nj511-minutes-ny_side_to_nj_turnpike_exit_14c,traffic-nj511-minutes-nj_turnpike_exit_18w_to_gw_bridge_via_express_lanes,traffic-nj511-minutes-gw_bridge_to_nj_turnpike_exit_18w_via_local_lanes,traffic-nj511-minutes-gw_bridge_to_nj_turnpike_exit_18w_via_express_lanes,traffic-nj511-minutes-nj_turnpike_exit_18w_to_gw_bridge_via_local_lanes,traffic-nj511-minutes-nj_turnpike_exit_14_to_nj_turnpike_exit_18w,traffic-nj511-minutes-i-95_from_the_delaware_side_to_nj_turnpike_exit_1,traffic-nj511-minutes-nj_turnpike_exit_1_to_nj_turnpike_exit_6,traffic-nj511-minutes-nj_turnpike_from_exit_1_to_delaware,traffic-nj511-minutes-nj_turnpike_from_exit_14c_to_the_ny_side,traffic-nj511-minutes-nj_turnpike_exit_14_to_nj_turnpike_exit_8a
0,30.0,8.0,47.0,12.0,10.0,11.0,10.0,10.0,11.0,8.0,46.0,8.0,12.0,31.0
1,30.0,8.0,47.0,12.0,10.0,10.0,10.0,10.0,11.0,8.0,46.0,8.0,13.0,31.0
2,30.0,8.0,47.0,12.0,11.0,10.0,10.0,11.0,11.0,8.0,46.0,8.0,13.0,31.0
3,30.0,8.0,47.0,12.0,11.0,11.0,11.0,12.0,11.0,8.0,46.0,8.0,14.0,31.0
4,30.0,8.0,47.0,13.0,11.0,11.0,11.0,11.0,11.0,8.0,46.0,8.0,13.0,31.0
5,30.0,8.0,47.0,13.0,10.0,10.0,10.0,10.0,11.0,8.0,46.0,8.0,13.0,31.0
6,30.0,8.0,47.0,13.0,10.0,10.0,10.0,10.0,11.0,8.0,46.0,8.0,13.0,31.0
7,30.0,8.0,47.0,13.0,10.0,10.0,10.0,10.0,11.0,8.0,46.0,8.0,13.0,31.0
8,30.0,8.0,47.0,13.0,11.0,10.0,10.0,10.0,11.0,8.0,46.0,8.0,14.0,31.0
9,30.0,8.0,47.0,13.0,10.0,10.0,10.0,10.0,11.0,8.0,46.0,8.0,15.0,31.0
10,30.0,8.0,47.0,12.0,10.0,11.0,11.0,10.0,11.0,8.0,46.0,8.0,15.0,31.0
11,30.0,8.0,47.0,12.0,10.0,11.0,10.0,11.0,11.0,8.0,46.0,8.0,17.0,31.0
12,30.0,8.0,47.0,11.0,10.0,10.0,10.0,11.0,11.0,8.0,46.0,8.0,17.0,31.0
13,30.0,8.0,47.0,10.0,11.0,10.0,10.0,11.0,11.0,8.0,46.0,8.0,18.0,31.0
14,30.0,8.0,47.0,9.0,10.0,10.0,10.0,10.0,11.0,8.0,46.0,8.0,17.0,31.0
15,30.0,8.0,47.0,8.0,10.0,10.0,10.0,10.0,11.0,8.0,46.0,8.0,16.0,31.0
16,30.0,8.0,47.0,8.0,10.0,10.0,10.0,10.0,11.0,8.0,46.0,8.0,16.0,31.0
17,30.0,8.0,47.0,8.0,10.0,10.0,10.0,10.0,11.0,8.0,46.0,8.0,17.0,31.0
18,30.0,8.0,47.0,8.0,11.0,10.0,10.0,10.0,11.0,8.0,46.0,8.0,16.0,31.0
19,30.0,8.0,47.0,8.0,10.0,10.0,10.0,10.0,11.0,8.0,46.0,8.0,15.0,31.0
20,30.0,8.0,47.0,8.0,11.0,10.0,10.0,10.0,11.0,8.0,46.0,8.0,15.0,31.0
21,30.0,8.0,47.0,8.0,10.0,10.0,10.0,10.0,11.0,8.0,46.0,8.0,15.0,31.0
22,30.0,8.0,47.0,8.0,11.0,10.0,10.0,11.0,11.0,8.0,46.0,8.0,15.0,31.0
23,30.0,8.0,47.0,8.0,10.0,10.0,10.0,10.0,11.0,8.0,46.0,8.0,14.0,31.0
24,30.0,8.0,47.0,7.0,10.0,10.0,10.0,10.0,11.0,8.0,46.0,8.0,14.0,31.0
25,30.0,8.0,47.0,7.0,10.0,10.0,10.0,10.0,11.0,8.0,46.0,8.0,14.0,31.0
26,30.0,8.0,47.0,8.0,10.0,10.0,10.0,10.0,11.0,8.0,46.0,8.0,14.0,31.0
27,30.0,8.0,47.0,8.0,10.0,10.0,10.0,10.0,11.0,8.0,46.0,8.0,14.0,31.0
28,30.0,8.0,47.0,7.0,11.0,10.0,10.0,10.0,11.0,8.0,46.0,8.0,14.0,31.0
29,30.0,8.0,47.0,8.0,10.0,10.0,10.0,10.0,11.0,8.0,46.0,8.0,14.0,31.0
30,30.0,8.0,47.0,8.0,10.0,10.0,10.0,11.0,11.0,8.0,46.0,8.0,13.0,31.0
31,30.0,8.0,47.0,8.0,10.0,10.0,10.0,10.0,11.0,8.0,46.0,8.0,14.0,31.0
32,30.0,8.0,47.0,8.0,10.0,10.0,10.0,10.0,11.0,8.0,46.0,8.0,15.0,31.0
33,30.0,8.0,47.0,7.0,10.0,10.0,10.0,10.0,11.0,8.0,46.0,8.0,15.0,31.0
34,30.0,8.0,47.0,7.0,10.0,10.0,10.0,11.0,11.0,8.0,46.0,8.0,15.0,31.0
35,30.0,8.0,47.0,8.0,10.0,10.0,10.0,10.0,11.0,8.0,46.0,8.0,14.0,31.0
36,30.0,8.0,47.0,8.0,10.0,10.0,10.0,11.0,11.0,8.0,46.0,8.0,14.0,31.0
37,30.0,8.0,47.0,8.0,10.0,10.0,11.0,10.0,11.0,8.0,46.0,8.0,13.0,31.0
38,30.0,8.0,47.0,7.0,10.0,10.0,11.0,10.0,11.0,8.0,46.0,8.0,13.0,31.0
39,30.0,8.0,47.0,7.0,10.0,10.0,11.0,10.0,11.0,8.0,46.0,8.0,12.0,31.0
40,30.0,8.0,47.0,8.0,10.0,10.0,11.0,10.0,11.0,8.0,46.0,8.0,11.0,31.0
41,30.0,8.0,47.0,8.0,10.0,10.0,11.0,10.0,11.0,8.0,46.0,8.0,11.0,31.0
42,30.0,8.0,47.0,8.0,10.0,10.0,11.0,10.0,11.0,8.0,46.0,8.0,11.0,31.0
43,30.0,8.0,47.0,7.0,10.0,10.0,10.0,10.0,11.0,8.0,46.0,8.0,10.0,31.0
44,30.0,8.0,47.0,8.0,10.0,10.0,10.0,10.0,11.0,8.0,46.0,8.0,10.0,31.0
45,30.0,8.0,47.0,8.0,10.0,10.0,10.0,11.0,11.0,8.0,46.0,8.0,10.0,31.0
46,30.0,8.0,47.0,8.0,10.0,10.0,10.0,11.0,11.0,8.0,46.0,8.0,8.0,31.0
47,30.0,8.0,47.0,8.0,10.0,10.0,10.0,11.0,11.0,8.0,46.0,8.0,9.0,31.0
48,30.0,8.0,47.0,7.0,10.0,10.0,10.0,10.0,11.0,8.0,46.0,8.0,9.0,31.0
49,30.0,8.0,47.0,7.0,10.0,10.0,10.0,10.0,11.0,8.0,46.0,8.0,9.0,31.0
50,30.0,8.0,47.0,7.0,10.0,10.0,10.0,10.0,11.0,8.0,46.0,8.0,9.0,31.0
51,30.0,8.0,47.0,7.0,10.0,10.0,10.0,10.0,11.0,8.0,46.0,8.0,9.0,31.0
52,30.0,8.0,47.0,7.0,10.0,10.0,10.0,10.0,11.0,8.0,46.0,8.0,10.0,31.0
53,30.0,8.0,47.0,7.0,10.0,10.0,10.0,10.0,11.0,8.0,46.0,8.0,9.0,31.0
54,30.0,8.0,47.0,7.0,10.0,10.0,10.0,10.0,11.0,8.0,46.0,8.0,9.0,31.0
55,30.0,8.0,47.0,7.0,10.0,10.0,10.0,10.0,11.0,8.0,46.0,8.0,8.0,31.0
56,30.0,8.0,47.0,7.0,10.0,10.0,10.0,10.0,11.0,8.0,46.0,8.0,8.0,31.0
57,30.0,9.0,47.0,7.0,10.0,10.0,10.0,10.0,11.0,8.0,46.0,8.0,8.0,31.0
58,30.0,10.0,47.0,7.0,10.0,10.0,10.0,10.0,11.0,8.0,46.0,8.0,8.0,31.0
59,30.0,8.0,47.0,8.0,10.0,10.0,10.0,10.0,11.0,8.0,46.0,8.0,8.0,31.0
60,30.0,8.0,47.0,7.0,10.0,10.0,10.0,10.0,11.0,8.0,46.0,8.0,8.0,31.0
61,30.0,8.0,47.0,7.0,10.0,10.0,10.0,10.0,11.0,8.0,46.0,8.0,8.0,31.0
62,30.0,8.0,47.0,7.0,18.0,10.0,10.0,14.0,11.0,8.0,46.0,8.0,8.0,31.0
63,30.0,8.0,47.0,7.0,17.0,10.0,10.0,14.0,11.0,8.0,46.0,8.0,8.0,31.0
64,30.0,8.0,47.0,7.0,14.0,10.0,10.0,13.0,11.0,8.0,46.0,8.0,8.0,31.0
65,30.0,8.0,47.0,7.0,13.0,10.0,10.0,12.0,11.0,8.0,46.0,8.0,8.0,31.0
66,30.0,8.0,47.0,7.0,11.0,10.0,10.0,11.0,11.0,8.0,46.0,8.0,8.0,31.0
67,30.0,8.0,47.0,7.0,10.0,10.0,10.0,10.0,11.0,8.0,46.0,8.0,8.0,31.0
68,30.0,8.0,47.0,7.0,10.0,10.0,10.0,10.0,11.0,8.0,46.0,8.0,8.0,31.0
69,30.0,8.0,47.0,7.0,10.0,10.0,10.0,10.0,11.0,8.0,46.0,8.0,8.0,31.0
70,30.0,8.0,47.0,7.0,10.0,10.0,10.0,11.0,11.0,8.0,46.0,8.0,8.0,31.0
71,30.0,8.0,47.0,7.0,10.0,10.0,10.0,11.0,11.0,8.0,46.0,8.0,8.0,31.0
72,30.0,8.0,47.0,7.0,10.0,10.0,10.0,10.0,11.0,8.0,46.0,8.0,8.0,31.0
73,30.0,8.0,47.0,7.0,10.0,10.0,10.0,10.0,11.0,8.0,46.0,8.0,8.0,31.0
74,30.0,8.0,47.0,7.0,10.0,10.0,10.0,10.0,11.0,8.0,46.0,8.0,8.0,31.0
75,30.0,8.0,47.0,7.0,10.0,10.0,10.0,10.0,11.0,8.0,46.0,8.0,8.0,31.0
76,30.0,8.0,47.0,7.0,10.0,10.0,10.0,10.0,11.0,8.0,46.0,8.0,8.0,31.0
77,30.0,8.0,47.0,7.0,10.0,10.0,10.0,10.0,11.0,8.0,46.0,8.0,8.0,31.0
78,30.0,8.0,47.0,7.0,10.0,10.0,10.0,10.0,11.0,8.0,46.0,8.0,8.0,31.0
79,30.0,8.0,47.0,7.0,10.0,10.0,10.0,10.0,11.0,8.0,46.0,8.0,8.0,31.0
80,30.0,8.0,47.0,7.0,10.0,10.0,10.0,10.0,11.0,8.0,46.0,8.0,8.0,31.0
81,30.0,8.0,47.0,7.0,10.0,10.0,10.0,10.0,11.0,8.0,46.0,8.0,8.0,31.0
82,30.0,8.0,47.0,7.0,10.0,10.0,10.0,10.0,11.0,8.0,46.0,8.0,8.0,31.0
83,30.0,8.0,47.0,7.0,10.0,10.0,10.0,10.0,11.0,8.0,46.0,8.0,8.0,31.0
84,30.0,8.0,47.0,7.0,10.0,10.0,10.0,10.0,11.0,8.0,46.0,8.0,8.0,31.0
85,30.0,8.0,47.0,7.0,10.0,10.0,10.0,10.0,11.0,8.0,46.0,8.0,8.0,31.0
86,30.0,8.0,47.0,7.0,10.0,10.0,10.0,10.0,11.0,8.0,46.0,8.0,8.0,31.0
87,30.0,8.0,47.0,7.0,10.0,10.0,10.0,10.0,11.0,8.0,46.0,8.0,8.0,31.0
88,30.0,8.0,47.0,7.0,10.0,10.0,10.0,10.0,11.0,8.0,46.0,8.0,8.0,31.0
89,30.0,8.0,47.0,7.0,10.0,10.0,10.0,10.0,11.0,8.0,46.0,8.0,8.0,31.0
90,30.0,8.0,47.0,7.0,10.0,10.0,10.0,10.0,11.0,8.0,46.0,8.0,8.0,31.0
91,30.0,8.0,47.0,7.0,10.0,10.0,10.0,10.0,11.0,8.0,46.0,8.0,8.0,31.0
92,30.0,8.0,47.0,7.0,10.0,10.0,10.0,10.0,11.0,8.0,46.0,8.0,8.0,31.0
93,30.0,8.0,47.0,7.0,10.0,10.0,10.0,10.0,11.0,8.0,46.0,8.0,8.0,31.0
94,30.0,8.0,47.0,7.0,10.0,10.0,10.0,10.0,11.0,8.0,46.0,8.0,8.0,31.0
95,30.0,8.0,47.0,7.0,10.0,10.0,10.0,10.0,11.0,8.0,46.0,8.0,8.0,31.0
96,30.0,8.0,47.0,7.0,10.0,10.0,10.0,10.0,11.0,8.0,46.0,8.0,8.0,31.0
97,30.0,8.0,47.0,7.0,10.0,10.0,10.0,12.0,11.0,8.0,46.0,8.0,8.0,31.0
98,30.0,8.0,47.0,7.0,10.0,10.0,10.0,11.0,11.0,8.0,46.0,8.0,8.0,31.0
99,30.0,8.0,47.0,7.0,12.0,10.0,10.0,10.0,11.0,8.0,46.0,8.0,8.0,31.0
100,30.0,8.0,47.0,7.0,12.0,10.0,10.0,11.0,11.0,8.0,46.0,8.0,8.0,31.0
101,30.0,8.0,47.0,7.0,11.0,10.0,10.0,12.0,11.0,8.0,46.0,8.0,8.0,31.0
102,30.0,8.0,47.0,7.0,11.0,10.0,10.0,12.0,11.0,8.0,46.0,8.0,8.0,31.0
103,30.0,8.0,47.0,7.0,10.0,10.0,10.0,12.0,11.0,8.0,46.0,8.0,8.0,31.0
104,30.0,8.0,47.0,7.0,10.0,10.0,10.0,12.0,11.0,8.0,46.0,8.0,8.0,31.0
105,30.0,8.0,47.0,7.0,10.0,10.0,10.0,10.0,11.0,8.0,46.0,8.0,8.0,31.0
106,30.0,8.0,47.0,8.0,10.0,10.0,10.0,10.0,11.0,8.0,46.0,8.0,8.0,31.0
107,30.0,8.0,47.0,8.0,10.0,10.0,10.0,10.0,11.0,8.0,46.0,8.0,8.0,31.0
108,30.0,8.0,47.0,8.0,10.0,10.0,10.0,10.0,11.0,8.0,46.0,8.0,8.0,31.0
109,30.0,8.0,47.0,8.0,10.0,10.0,11.0,10.0,11.0,8.0,46.0,8.0,8.0,31.0
110,30.0,8.0,47.0,18.0,10.0,10.0,10.0,10.0,11.0,8.0,46.0,9.0,8.0,31.0
111,30.0,8.0,47.0,18.0,10.0,10.0,10.0,10.0,11.0,8.0,46.0,9.0,8.0,31.0
112,30.0,8.0,47.0,18.0,10.0,10.0,10.0,10.0,11.0,8.0,46.0,9.0,8.0,31.0
113,30.0,8.0,47.0,17.0,10.0,10.0,10.0,10.0,11.0,8.0,46.0,9.0,8.0,31.0
114,30.0,8.0,47.0,17.0,10.0,10.0,10.0,10.0,11.0,8.0,46.0,9.0,8.0,31.0
115,30.0,8.0,47.0,16.0,10.0,10.0,10.0,10.0,11.0,8.0,46.0,8.0,8.0,31.0
116,30.0,8.0,47.0,16.0,10.0,10.0,10.0,10.0,11.0,8.0,46.0,8.0,8.0,31.0
117,30.0,8.0,47.0,16.0,10.0,10.0,10.0,10.0,11.0,8.0,46.0,8.0,8.0,31.0
118,30.0,8.0,47.0,16.0,10.0,10.0,10.0,10.0,11.0,8.0,46.0,8.0,8.0,31.0
119,30.0,8.0,47.0,16.0,10.0,10.0,10.0,10.0,11.0,8.0,46.0,8.0,8.0,31.0
120,30.0,8.0,47.0,15.0,10.0,10.0,10.0,10.0,11.0,8.0,46.0,8.0,8.0,31.0
121,30.0,8.0,47.0,15.0,10.0,10.0,10.0,10.0,11.0,8.0,46.0,8.0,8.0,31.0
122,30.0,8.0,47.0,15.0,10.0,10.0,10.0,10.0,11.0,8.0,46.0,8.0,8.0,31.0
123,30.0,8.0,47.0,15.0,10.0,10.0,10.0,10.0,11.0,8.0,46.0,8.0,8.0,31.0
124,30.0,8.0,47.0,15.0,10.0,10.0,10.0,10.0,11.0,8.0,46.0,8.0,8.0,31.0
125,30.0,8.0,47.0,13.0,10.0,10.0,10.0,10.0,11.0,8.0,46.0,8.0,8.0,31.0
126,30.0,8.0,47.0,11.0,10.0,10.0,10.0,10.0,11.0,8.0,46.0,8.0,8.0,31.0
127,30.0,8.0,47.0,10.0,10.0,10.0,10.0,10.0,11.0,8.0,46.0,8.0,8.0,31.0
128,30.0,8.0,47.0,9.0,10.0,10.0,10.0,10.0,11.0,8.0,46.0,8.0,8.0,31.0
129,30.0,8.0,47.0,8.0,10.0,10.0,10.0,10.0,11.0,8.0,46.0,8.0,8.0,31.0
130,30.0,8.0,47.0,8.0,10.0,10.0,10.0,10.0,11.0,8.0,46.0,8.0,8.0,31.0
131,30.0,8.0,47.0,8.0,10.0,10.0,10.0,10.0,11.0,8.0,46.0,8.0,8.0,31.0
132,30.0,8.0,47.0,8.0,10.0,10.0,10.0,10.0,11.0,8.0,46.0,8.0,8.0,31.0
133,30.0,8.0,47.0,8.0,10.0,10.0,10.0,10.0,11.0,8.0,46.0,8.0,8.0,31.0
134,30.0,8.0,47.0,8.0,10.0,10.0,10.0,10.0,11.0,8.0,46.0,8.0,8.0,31.0
135,30.0,8.0,47.0,8.0,10.0,10.0,10.0,10.0,11.0,8.0,46.0,8.0,8.0,31.0
136,30.0,8.0,47.0,8.0,10.0,10.0,10.0,10.0,11.0,8.0,46.0,8.0,8.0,31.0
137,30.0,8.0,47.0,8.0,10.0,10.0,10.0,10.0,11.0,8.0,46.0,8.0,8.0,31.0
138,30.0,8.0,47.0,9.0,10.0,10.0,10.0,10.0,11.0,8.0,46.0,8.0,8.0,31.0
139,30.0,8.0,47.0,9.0,10.0,10.0,10.0,10.0,11.0,8.0,46.0,8.0,8.0,31.0
140,30.0,8.0,47.0,8.0,10.0,10.0,10.0,10.0,11.0,8.0,46.0,8.0,8.0,31.0
141,30.0,8.0,47.0,8.0,10.0,10.0,10.0,10.0,11.0,8.0,46.0,8.0,8.0,31.0
142,30.0,8.0,47.0,8.0,10.0,10.0,10.0,10.0,11.0,8.0,46.0,8.0,8.0,31.0
143,30.0,8.0,47.0,8.0,10.0,10.0,10.0,10.0,11.0,8.0,46.0,8.0,8.0,31.0
144,30.0,8.0,47.0,8.0,10.0,10.0,10.0,10.0,11.0,8.0,46.0,8.0,8.0,31.0
145,30.0,8.0,47.0,8.0,10.0,10.0,10.0,10.0,11.0,8.0,46.0,8.0,8.0,31.0
146,30.0,8.0,47.0,8.0,10.0,10.0,10.0,10.0,11.0,8.0,46.0,8.0,8.0,31.0
147,30.0,8.0,47.0,8.0,10.0,10.0,10.0,10.0,11.0,8.0,46.0,8.0,8.0,31.0
148,30.0,8.0,47.0,8.0,10.0,10.0,10.0,10.0,11.0,8.0,46.0,9.0,8.0,31.0
149,30.0,8.0,47.0,8.0,10.0,10.0,10.0,10.0,11.0,8.0,46.0,9.0,8.0,31.0
150,30.0,8.0,47.0,7.0,10.0,10.0,10.0,10.0,11.0,8.0,46.0,9.0,8.0,31.0
151,30.0,8.0,47.0,8.0,10.0,10.0,10.0,10.0,11.0,8.0,46.0,9.0,8.0,31.0
152,30.0,8.0,47.0,8.0,10.0,10.0,10.0,10.0,11.0,8.0,46.0,9.0,8.0,31.0
153,30.0,8.0,47.0,8.0,10.0,10.0,10.0,10.0,11.0,8.0,46.0,8.0,8.0,31.0
154,30.0,8.0,47.0,9.0,10.0,10.0,10.0,10.0,11.0,8.0,46.0,8.0,8.0,31.0
155,30.0,8.0,47.0,8.0,10.0,10.0,10.0,10.0,11.0,8.0,46.0,8.0,8.0,31.0
156,30.0,8.0,47.0,8.0,10.0,10.0,10.0,10.0,11.0,8.0,46.0,8.0,8.0,31.0
157,30.0,8.0,47.0,7.0,10.0,10.0,10.0,10.0,11.0,8.0,46.0,8.0,8.0,31.0
158,30.0,8.0,47.0,8.0,10.0,10.0,10.0,10.0,11.0,8.0,46.0,8.0,8.0,31.0
159,30.0,8.0,47.0,8.0,10.0,10.0,10.0,10.0,11.0,8.0,46.0,8.0,8.0,31.0
160,30.0,8.0,47.0,8.0,10.0,10.0,10.0,10.0,11.0,8.0,46.0,8.0,8.0,31.0
161,30.0,8.0,47.0,8.0,10.0,10.0,10.0,10.0,11.0,8.0,46.0,8.0,8.0,31.0
162,30.0,8.0,47.0,8.0,10.0,10.0,10.0,10.0,11.0,8.0,46.0,8.0,8.0,31.0
163,30.0,8.0,47.0,8.0,10.0,10.0,10.0,10.0,11.0,8.0,46.0,8.0,8.0,31.0
164,30.0,8.0,47.0,8.0,10.0,10.0,10.0,10.0,11.0,8.0,46.0,8.0,8.0,31.0
165,30.0,8.0,47.0,9.0,10.0,10.0,10.0,10.0,11.0,8.0,46.0,8.0,8.0,31.0
166,30.0,8.0,47.0,9.0,10.0,10.0,10.0,10.0,11.0,8.0,46.0,8.0,8.0,31.0
167,30.0,8.0,47.0,8.0,10.0,10.0,10.0,10.0,11.0,8.0,46.0,8.0,8.0,31.0
168,30.0,8.0,47.0,8.0,10.0,10.0,10.0,10.0,11.0,8.0,46.0,8.0,8.0,31.0
169,30.0,8.0,47.0,8.0,10.0,10.0,10.0,10.0,11.0,8.0,46.0,8.0,8.0,31.0
170,30.0,8.0,47.0,8.0,10.0,10.0,10.0,10.0,11.0,8.0,46.0,8.0,8.0,31.0
171,30.0,8.0,47.0,8.0,10.0,10.0,10.0,10.0,11.0,8.0,46.0,8.0,8.0,31.0
172,30.0,8.0,47.0,8.0,10.0,10.0,10.0,10.0,11.0,8.0,46.0,8.0,8.0,31.0
173,30.0,8.0,47.0,8.0,10.0,10.0,10.0,10.0,11.0,8.0,46.0,8.0,8.0,31.0
174,30.0,8.0,47.0,8.0,10.0,10.0,10.0,10.0,11.0,8.0,46.0,8.0,8.0,31.0
175,30.0,8.0,47.0,8.0,10.0,10.0,10.0,10.0,11.0,8.0,46.0,8.0,8.0,31.0
176,30.0,8.0,47.0,8.0,10.0,10.0,10.0,10.0,11.0,8.0,46.0,8.0,8.0,31.0
177,30.0,8.0,47.0,8.0,10.0,10.0,10.0,10.0,11.0,8.0,46.0,8.0,8.0,31.0
178,30.0,8.0,47.0,8.0,10.0,10.0,10.0,10.0,11.0,8.0,46.0,8.0,8.0,31.0
179,30.0,8.0,47.0,8.0,10.0,10.0,10.0,10.0,11.0,8.0,46.0,8.0,8.0,31.0
180,30.0,8.0,47.0,8.0,10.0,10.0,10.0,10.0,11.0,8.0,46.0,8.0,8.0,31.0
181,30.0,8.0,47.0,8.0,10.0,10.0,10.0,10.0,11.0,8.0,46.0,8.0,8.0,31.0
182,30.0,8.0,47.0,8.0,10.0,10.0,10.0,10.0,11.0,8.0,46.0,8.0,8.0,31.0
183,30.0,8.0,47.0,8.0,10.0,10.0,10.0,10.0,11.0,8.0,46.0,8.0,8.0,31.0
184,30.0,8.0,47.0,7.0,10.0,10.0,10.0,10.0,11.0,8.0,46.0,8.0,8.0,31.0
185,30.0,8.0,47.0,7.0,10.0,10.0,10.0,10.0,11.0,8.0,46.0,8.0,8.0,31.0
186,30.0,8.0,47.0,8.0,10.0,10.0,10.0,10.0,11.0,8.0,46.0,8.0,8.0,31.0
187,30.0,8.0,47.0,8.0,10.0,10.0,10.0,10.0,11.0,8.0,46.0,8.0,8.0,31.0
188,30.0,8.0,47.0,7.0,10.0,10.0,10.0,10.0,11.0,8.0,46.0,8.0,8.0,31.0
189,30.0,8.0,47.0,7.0,10.0,10.0,10.0,10.0,11.0,8.0,46.0,8.0,8.0,31.0
190,30.0,8.0,47.0,8.0,10.0,10.0,10.0,10.0,11.0,8.0,46.0,8.0,8.0,31.0
191,30.0,8.0,47.0,8.0,10.0,10.0,10.0,10.0,11.0,8.0,46.0,8.0,8.0,31.0
192,30.0,8.0,47.0,7.0,10.0,10.0,10.0,10.0,11.0,8.0,46.0,8.0,8.0,31.0
193,30.0,8.0,47.0,20.0,10.0,10.0,10.0,10.0,11.0,8.0,46.0,8.0,8.0,31.0
194,30.0,8.0,47.0,12.0,10.0,10.0,10.0,10.0,11.0,8.0,46.0,8.0,8.0,31.0
195,30.0,8.0,47.0,11.0,10.0,10.0,10.0,10.0,11.0,8.0,46.0,8.0,8.0,31.0
196,30.0,8.0,47.0,10.0,11.0,10.0,10.0,10.0,11.0,8.0,46.0,8.0,8.0,31.0
197,30.0,8.0,47.0,7.0,11.0,10.0,10.0,10.0,11.0,8.0,46.0,8.0,8.0,31.0
198,30.0,8.0,47.0,7.0,10.0,10.0,10.0,10.0,11.0,8.0,46.0,8.0,8.0,31.0
199,30.0,8.0,47.0,7.0,10.0,10.0,10.0,10.0,11.0,8.0,46.0,8.0,8.0,31.0
200,30.0,8.0,47.0,7.0,10.0,10.0,10.0,10.0,11.0,8.0,46.0,8.0,9.0,31.0
201,30.0,8.0,47.0,7.0,10.0,10.0,10.0,10.0,11.0,8.0,46.0,8.0,9.0,31.0
202,30.0,9.0,47.0,7.0,10.0,10.0,10.0,10.0,11.0,8.0,46.0,8.0,9.0,31.0
203,30.0,9.0,47.0,7.0,10.0,10.0,10.0,10.0,11.0,8.0,46.0,8.0,8.0,31.0
204,30.0,10.0,47.0,7.0,10.0,10.0,10.0,10.0,11.0,8.0,46.0,8.0,8.0,31.0
205,30.0,8.0,47.0,7.0,10.0,10.0,10.0,10.0,11.0,8.0,46.0,8.0,8.0,31.0
206,30.0,8.0,47.0,7.0,10.0,10.0,10.0,10.0,11.0,8.0,46.0,8.0,8.0,31.0
207,30.0,8.0,47.0,7.0,10.0,10.0,10.0,10.0,11.0,8.0,46.0,8.0,8.0,31.0
208,30.0,8.0,47.0,7.0,10.0,10.0,10.0,10.0,11.0,8.0,46.0,8.0,8.0,31.0
209,30.0,8.0,47.0,7.0,10.0,10.0,10.0,10.0,11.0,8.0,46.0,8.0,8.0,31.0
210,30.0,8.0,47.0,7.0,10.0,10.0,10.0,10.0,11.0,8.0,46.0,8.0,8.0,31.0
211,30.0,8.0,47.0,7.0,10.0,10.0,10.0,10.0,11.0,8.0,46.0,8.0,8.0,31.0
212,30.0,8.0,47.0,7.0,10.0,10.0,10.0,10.0,11.0,8.0,46.0,8.0,8.0,31.0
213,30.0,8.0,47.0,7.0,10.0,10.0,10.0,10.0,11.0,8.0,46.0,8.0,8.0,31.0
214,30.0,8.0,47.0,7.0,10.0,10.0,10.0,10.0,11.0,8.0,46.0,8.0,8.0,31.0
215,30.0,8.0,47.0,7.0,10.0,10.0,10.0,10.0,11.0,8.0,46.0,8.0,8.0,31.0
216,30.0,8.0,47.0,7.0,10.0,10.0,10.0,10.0,11.0,8.0,46.0,8.0,8.0,31.0
217,30.0,8.0,47.0,7.0,10.0,10.0,10.0,10.0,11.0,8.0,46.0,8.0,8.0,31.0
218,30.0,8.0,47.0,7.0,10.0,10.0,10.0,10.0,11.0,8.0,46.0,8.0,8.0,31.0
219,30.0,8.0,47.0,8.0,10.0,10.0,10.0,10.0,11.0,8.0,46.0,8.0,8.0,31.0
220,30.0,8.0,47.0,7.0,10.0,10.0,10.0,10.0,11.0,8.0,46.0,8.0,8.0,31.0
221,30.0,8.0,47.0,7.0,10.0,10.0,10.0,10.0,11.0,8.0,46.0,8.0,8.0,31.0
222,30.0,8.0,47.0,7.0,10.0,10.0,10.0,10.0,11.0,8.0,46.0,8.0,8.0,31.0
223,30.0,8.0,47.0,7.0,10.0,10.0,10.0,10.0,11.0,8.0,46.0,8.0,8.0,31.0
224,30.0,8.0,47.0,7.0,10.0,10.0,10.0,10.0,11.0,8.0,46.0,8.0,8.0,31.0
225,30.0,8.0,47.0,7.0,10.0,10.0,10.0,10.0,11.0,8.0,46.0,8.0,8.0,31.0
226,30.0,8.0,47.0,7.0,10.0,10.0,10.0,10.0,11.0,8.0,46.0,8.0,8.0,31.0
227,30.0,8.0,47.0,7.0,10.0,10.0,10.0,10.0,11.0,8.0,46.0,8.0,8.0,31.0
228,30.0,8.0,47.0,7.0,10.0,10.0,10.0,10.0,11.0,8.0,46.0,8.0,8.0,31.0
229,30.0,8.0,47.0,7.0,10.0,10.0,10.0,10.0,11.0,8.0,46.0,8.0,8.0,31.0
230,30.0,8.0,47.0,7.0,10.0,10.0,10.0,10.0,11.0,8.0,46.0,8.0,8.0,31.0
231,30.0,8.0,47.0,7.0,11.0,10.0,10.0,10.0,11.0,8.0,46.0,8.0,8.0,31.0
232,30.0,8.0,47.0,7.0,10.0,10.0,10.0,10.0,11.0,8.0,46.0,8.0,8.0,31.0
233,30.0,8.0,47.0,7.0,10.0,10.0,10.0,10.0,11.0,8.0,46.0,8.0,8.0,31.0
234,30.0,8.0,47.0,7.0,10.0,10.0,10.0,10.0,11.0,8.0,46.0,8.0,8.0,31.0
235,30.0,8.0,47.0,7.0,10.0,10.0,10.0,10.0,11.0,8.0,46.0,8.0,8.0,31.0
236,30.0,8.0,47.0,7.0,10.0,10.0,10.0,10.0,11.0,8.0,46.0,8.0,8.0,31.0
237,30.0,8.0,47.0,7.0,10.0,10.0,10.0,10.0,11.0,8.0,46.0,8.0,8.0,31.0
238,30.0,8.0,47.0,7.0,11.0,10.0,10.0,10.0,11.0,8.0,46.0,8.0,8.0,31.0
239,30.0,8.0,47.0,7.0,11.0,10.0,10.0,10.0,11.0,8.0,46.0,8.0,8.0,31.0
240,30.0,8.0,47.0,7.0,11.0,10.0,10.0,10.0,11.0,8.0,46.0,8.0,8.0,31.0
241,30.0,8.0,47.0,7.0,11.0,10.0,10.0,10.0,11.0,8.0,46.0,8.0,8.0,31.0
242,30.0,8.0,47.0,7.0,11.0,10.0,10.0,10.0,11.0,8.0,46.0,8.0,8.0,31.0
243,30.0,8.0,47.0,7.0,11.0,10.0,10.0,10.0,11.0,8.0,46.0,8.0,8.0,31.0
244,30.0,8.0,47.0,7.0,10.0,10.0,10.0,10.0,11.0,8.0,46.0,8.0,8.0,31.0
245,30.0,8.0,47.0,7.0,11.0,10.0,10.0,10.0,11.0,8.0,46.0,8.0,8.0,31.0
246,30.0,8.0,47.0,7.0,11.0,10.0,10.0,10.0,11.0,8.0,46.0,8.0,8.0,31.0
247,30.0,8.0,47.0,7.0,11.0,10.0,10.0,10.0,11.0,8.0,46.0,8.0,8.0,31.0
248,30.0,8.0,47.0,7.0,11.0,10.0,10.0,10.0,11.0,8.0,46.0,8.0,8.0,31.0
249,30.0,8.0,47.0,7.0,11.0,10.0,10.0,10.0,11.0,8.0,46.0,8.0,8.0,31.0
250,30.0,8.0,47.0,7.0,11.0,10.0,10.0,10.0,11.0,8.0,46.0,8.0,8.0,31.0
251,30.0,8.0,47.0,7.0,11.0,10.0,10.0,10.0,11.0,8.0,46.0,8.0,8.0,31.0
252,30.0,8.0,47.0,7.0,10.0,10.0,10.0,10.0,11.0,8.0,46.0,8.0,8.0,31.0
253,30.0,8.0,47.0,7.0,10.0,10.0,10.0,10.0,11.0,8.0,46.0,8.0,8.0,31.0
254,30.0,8.0,47.0,7.0,10.0,10.0,10.0,10.0,11.0,8.0,46.0,8.0,8.0,31.0
255,30.0,8.0,47.0,8.0,11.0,10.0,10.0,10.0,11.0,8.0,46.0,8.0,8.0,31.0
256,30.0,8.0,47.0,7.0,11.0,10.0,10.0,10.0,11.0,8.0,46.0,8.0,8.0,31.0
257,30.0,8.0,47.0,7.0,10.0,10.0,10.0,10.0,11.0,8.0,46.0,8.0,8.0,31.0
258,30.0,8.0,47.0,7.0,11.0,10.0,10.0,10.0,11.0,8.0,46.0,8.0,8.0,31.0
259,30.0,8.0,47.0,7.0,13.0,10.0,10.0,11.0,11.0,8.0,46.0,8.0,8.0,31.0
260,30.0,8.0,47.0,8.0,14.0,10.0,10.0,11.0,11.0,8.0,46.0,8.0,8.0,31.0
261,30.0,8.0,47.0,8.0,15.0,10.0,10.0,12.0,11.0,8.0,46.0,8.0,8.0,31.0
262,30.0,8.0,47.0,8.0,16.0,10.0,10.0,12.0,11.0,8.0,46.0,8.0,8.0,31.0
263,30.0,8.0,47.0,7.0,15.0,10.0,10.0,13.0,11.0,8.0,46.0,8.0,8.0,31.0
264,30.0,8.0,47.0,7.0,15.0,10.0,10.0,13.0,11.0,8.0,46.0,8.0,8.0,31.0
265,30.0,8.0,47.0,7.0,13.0,10.0,10.0,13.0,11.0,8.0,46.0,8.0,8.0,31.0
266,30.0,8.0,47.0,8.0,13.0,10.0,10.0,13.0,11.0,8.0,46.0,8.0,8.0,31.0
267,30.0,8.0,47.0,8.0,12.0,10.0,10.0,12.0,11.0,8.0,46.0,8.0,8.0,31.0
268,30.0,8.0,47.0,7.0,12.0,10.0,10.0,12.0,11.0,8.0,46.0,8.0,8.0,31.0
269,30.0,8.0,47.0,7.0,12.0,10.0,10.0,11.0,11.0,8.0,46.0,8.0,8.0,31.0
270,30.0,8.0,47.0,7.0,12.0,10.0,10.0,11.0,11.0,8.0,46.0,8.0,8.0,31.0
271,30.0,8.0,47.0,7.0,12.0,10.0,10.0,11.0,11.0,8.0,46.0,8.0,8.0,31.0
272,30.0,8.0,47.0,8.0,11.0,10.0,10.0,11.0,11.0,8.0,46.0,8.0,8.0,31.0
273,30.0,8.0,47.0,8.0,11.0,10.0,10.0,10.0,11.0,8.0,46.0,8.0,8.0,31.0
274,30.0,8.0,47.0,7.0,11.0,10.0,10.0,10.0,11.0,8.0,46.0,8.0,8.0,31.0
275,30.0,8.0,47.0,7.0,12.0,10.0,10.0,10.0,11.0,8.0,46.0,8.0,8.0,31.0
276,30.0,8.0,47.0,7.0,11.0,10.0,10.0,11.0,11.0,8.0,46.0,8.0,8.0,31.0
277,30.0,8.0,47.0,7.0,11.0,10.0,10.0,11.0,11.0,8.0,46.0,8.0,8.0,31.0
278,30.0,8.0,47.0,7.0,11.0,10.0,10.0,11.0,11.0,8.0,46.0,8.0,8.0,31.0
279,30.0,8.0,47.0,8.0,11.0,10.0,10.0,11.0,11.0,8.0,46.0,8.0,8.0,31.0
280,30.0,8.0,47.0,7.0,11.0,10.0,10.0,11.0,11.0,8.0,46.0,8.0,8.0,31.0
281,30.0,8.0,47.0,8.0,11.0,10.0,10.0,11.0,11.0,8.0,46.0,8.0,8.0,31.0
282,30.0,8.0,47.0,7.0,11.0,10.0,10.0,10.0,11.0,8.0,46.0,8.0,8.0,31.0
283,30.0,8.0,47.0,7.0,11.0,10.0,10.0,10.0,11.0,8.0,46.0,8.0,8.0,31.0
284,30.0,8.0,47.0,7.0,11.0,10.0,10.0,10.0,11.0,8.0,46.0,8.0,8.0,31.0
285,30.0,8.0,47.0,7.0,12.0,10.0,10.0,10.0,11.0,8.0,46.0,8.0,8.0,31.0
286,30.0,8.0,47.0,8.0,12.0,10.0,10.0,10.0,11.0,8.0,46.0,8.0,8.0,31.0
287,30.0,8.0,47.0,8.0,12.0,10.0,10.0,11.0,11.0,8.0,46.0,8.0,8.0,31.0
288,30.0,8.0,47.0,8.0,12.0,10.0,10.0,10.0,11.0,8.0,46.0,8.0,8.0,31.0
289,30.0,8.0,47.0,8.0,12.0,10.0,10.0,10.0,11.0,8.0,46.0,8.0,8.0,31.0
290,30.0,8.0,47.0,8.0,12.0,10.0,10.0,11.0,11.0,8.0,46.0,8.0,8.0,31.0
291,30.0,8.0,47.0,8.0,12.0,10.0,10.0,11.0,11.0,8.0,46.0,8.0,8.0,31.0
292,30.0,8.0,47.0,8.0,12.0,10.0,10.0,11.0,11.0,8.0,46.0,8.0,8.0,31.0
293,30.0,8.0,47.0,8.0,11.0,10.0,10.0,11.0,11.0,8.0,46.0,8.0,8.0,31.0
294,30.0,8.0,47.0,7.0,11.0,10.0,10.0,10.0,11.0,8.0,46.0,8.0,8.0,31.0
295,30.0,8.0,47.0,8.0,11.0,10.0,10.0,10.0,11.0,8.0,46.0,8.0,8.0,31.0
296,30.0,8.0,47.0,8.0,11.0,10.0,10.0,10.0,11.0,8.0,46.0,8.0,8.0,31.0
297,30.0,8.0,47.0,8.0,11.0,10.0,10.0,10.0,11.0,8.0,46.0,8.0,8.0,31.0
298,30.0,8.0,47.0,9.0,11.0,10.0,10.0,10.0,11.0,8.0,46.0,8.0,8.0,31.0
299,30.0,8.0,47.0,8.0,10.0,10.0,10.0,10.0,11.0,8.0,46.0,8.0,8.0,31.0
300,30.0,8.0,47.0,8.0,10.0,10.0,10.0,10.0,11.0,8.0,46.0,8.0,8.0,31.0
301,30.0,8.0,47.0,8.0,11.0,10.0,10.0,10.0,11.0,8.0,46.0,8.0,8.0,31.0
302,30.0,8.0,47.0,8.0,10.0,10.0,10.0,11.0,11.0,8.0,46.0,8.0,8.0,31.0
303,30.0,8.0,47.0,9.0,10.0,10.0,10.0,10.0,11.0,8.0,46.0,8.0,8.0,31.0
304,30.0,8.0,47.0,11.0,10.0,10.0,10.0,10.0,11.0,8.0,46.0,8.0,8.0,31.0
305,30.0,8.0,47.0,10.0,10.0,10.0,10.0,10.0,11.0,8.0,46.0,8.0,8.0,31.0
306,30.0,8.0,47.0,9.0,11.0,10.0,10.0,10.0,11.0,8.0,46.0,8.0,8.0,31.0
307,30.0,8.0,47.0,9.0,11.0,10.0,10.0,10.0,11.0,8.0,46.0,8.0,8.0,31.0
308,30.0,8.0,47.0,8.0,11.0,10.0,10.0,11.0,11.0,8.0,46.0,8.0,8.0,31.0
309,30.0,8.0,47.0,8.0,11.0,10.0,10.0,11.0,11.0,8.0,46.0,8.0,8.0,31.0
310,30.0,8.0,47.0,8.0,11.0,10.0,10.0,11.0,11.0,8.0,46.0,8.0,8.0,31.0
311,30.0,8.0,47.0,8.0,11.0,10.0,10.0,10.0,11.0,8.0,46.0,8.0,8.0,31.0
312,30.0,8.0,47.0,8.0,11.0,10.0,10.0,10.0,11.0,8.0,46.0,8.0,8.0,31.0
313,30.0,8.0,47.0,8.0,11.0,10.0,10.0,10.0,11.0,8.0,46.0,8.0,8.0,31.0
314,30.0,8.0,47.0,8.0,10.0,10.0,10.0,10.0,11.0,8.0,46.0,8.0,8.0,31.0
315,30.0,8.0,47.0,8.0,10.0,10.0,10.0,10.0,11.0,8.0,46.0,8.0,8.0,31.0
316,30.0,8.0,47.0,8.0,10.0,10.0,10.0,10.0,11.0,8.0,46.0,8.0,8.0,31.0
317,30.0,8.0,47.0,8.0,10.0,10.0,10.0,10.0,11.0,8.0,46.0,8.0,8.0,31.0
318,30.0,8.0,47.0,8.0,10.0,10.0,10.0,10.0,11.0,8.0,46.0,8.0,8.0,31.0
319,30.0,8.0,47.0,8.0,10.0,10.0,10.0,10.0,11.0,8.0,46.0,8.0,8.0,31.0
320,30.0,8.0,47.0,8.0,11.0,10.0,10.0,10.0,11.0,8.0,46.0,8.0,8.0,31.0
321,30.0,8.0,47.0,8.0,10.0,10.0,10.0,10.0,11.0,8.0,46.0,8.0,8.0,31.0
322,30.0,8.0,47.0,9.0,10.0,10.0,10.0,10.0,11.0,8.0,46.0,8.0,8.0,31.0
323,30.0,8.0,47.0,8.0,11.0,10.0,10.0,10.0,11.0,8.0,46.0,8.0,8.0,31.0
324,30.0,8.0,47.0,8.0,10.0,10.0,10.0,11.0,11.0,8.0,46.0,8.0,8.0,31.0
325,30.0,8.0,47.0,8.0,11.0,10.0,10.0,10.0,11.0,8.0,46.0,8.0,8.0,31.0
326,30.0,8.0,47.0,8.0,11.0,10.0,10.0,11.0,11.0,8.0,46.0,8.0,8.0,31.0
327,30.0,8.0,47.0,8.0,12.0,10.0,10.0,11.0,11.0,8.0,46.0,8.0,8.0,31.0
328,30.0,8.0,47.0,8.0,12.0,10.0,10.0,11.0,11.0,8.0,46.0,8.0,8.0,31.0
329,30.0,8.0,47.0,8.0,12.0,10.0,10.0,11.0,11.0,8.0,46.0,8.0,8.0,31.0
330,30.0,8.0,47.0,7.0,11.0,10.0,10.0,11.0,11.0,8.0,46.0,8.0,8.0,31.0
331,30.0,8.0,47.0,7.0,11.0,10.0,10.0,11.0,11.0,8.0,46.0,8.0,8.0,31.0
332,30.0,8.0,47.0,8.0,11.0,10.0,10.0,11.0,11.0,8.0,46.0,8.0,8.0,31.0
333,30.0,8.0,47.0,8.0,11.0,10.0,10.0,11.0,11.0,8.0,46.0,8.0,8.0,31.0
334,30.0,8.0,47.0,8.0,11.0,10.0,10.0,10.0,11.0,8.0,46.0,8.0,8.0,31.0
335,30.0,8.0,47.0,8.0,11.0,10.0,10.0,10.0,11.0,8.0,46.0,8.0,8.0,31.0
336,30.0,8.0,47.0,8.0,13.0,10.0,10.0,11.0,11.0,8.0,46.0,8.0,8.0,31.0
337,30.0,8.0,47.0,8.0,13.0,10.0,11.0,12.0,11.0,8.0,46.0,8.0,8.0,31.0
338,30.0,8.0,47.0,8.0,13.0,10.0,11.0,11.0,11.0,8.0,46.0,8.0,9.0,31.0
339,30.0,8.0,47.0,8.0,12.0,11.0,10.0,11.0,11.0,8.0,46.0,8.0,9.0,31.0
340,30.0,8.0,47.0,8.0,11.0,10.0,11.0,11.0,11.0,8.0,46.0,8.0,9.0,31.0
341,30.0,8.0,47.0,8.0,11.0,10.0,11.0,10.0,11.0,8.0,46.0,8.0,9.0,31.0
342,30.0,8.0,47.0,7.0,11.0,10.0,11.0,10.0,11.0,8.0,46.0,8.0,8.0,31.0
343,30.0,8.0,47.0,7.0,11.0,10.0,11.0,10.0,11.0,8.0,46.0,8.0,9.0,31.0
344,30.0,8.0,47.0,7.0,11.0,10.0,10.0,10.0,11.0,8.0,46.0,8.0,9.0,31.0
345,30.0,8.0,47.0,8.0,12.0,10.0,10.0,10.0,11.0,8.0,46.0,8.0,9.0,31.0
346,30.0,8.0,47.0,7.0,11.0,10.0,10.0,11.0,11.0,8.0,46.0,8.0,9.0,31.0
347,30.0,8.0,47.0,8.0,11.0,10.0,10.0,11.0,11.0,8.0,46.0,8.0,9.0,31.0
348,30.0,8.0,47.0,8.0,11.0,10.0,10.0,11.0,11.0,8.0,46.0,8.0,9.0,31.0
349,30.0,8.0,47.0,8.0,11.0,10.0,10.0,10.0,11.0,8.0,46.0,8.0,10.0,31.0
350,30.0,8.0,47.0,8.0,11.0,10.0,11.0,10.0,11.0,8.0,46.0,8.0,10.0,31.0
351,30.0,8.0,47.0,8.0,11.0,10.0,11.0,10.0,11.0,8.0,46.0,8.0,10.0,31.0
352,30.0,8.0,47.0,8.0,11.0,10.0,10.0,10.0,11.0,8.0,46.0,8.0,11.0,31.0
353,30.0,8.0,47.0,8.0,11.0,10.0,10.0,10.0,11.0,8.0,46.0,8.0,12.0,31.0
354,30.0,8.0,47.0,8.0,11.0,10.0,11.0,10.0,11.0,8.0,46.0,8.0,12.0,31.0
355,30.0,8.0,47.0,7.0,10.0,10.0,10.0,10.0,11.0,8.0,46.0,8.0,11.0,31.0
356,30.0,8.0,47.0,7.0,10.0,10.0,10.0,10.0,11.0,8.0,46.0,8.0,12.0,31.0
357,30.0,8.0,47.0,8.0,10.0,10.0,10.0,10.0,11.0,8.0,46.0,8.0,11.0,31.0
358,30.0,8.0,47.0,8.0,10.0,10.0,10.0,10.0,11.0,8.0,46.0,8.0,13.0,31.0
359,30.0,8.0,47.0,8.0,10.0,10.0,10.0,10.0,11.0,8.0,46.0,8.0,13.0,31.0
360,30.0,8.0,47.0,8.0,10.0,10.0,10.0,10.0,11.0,8.0,46.0,8.0,13.0,31.0
361,30.0,8.0,47.0,8.0,10.0,10.0,10.0,10.0,11.0,8.0,46.0,8.0,13.0,31.0
362,30.0,8.0,47.0,8.0,10.0,10.0,10.0,10.0,11.0,8.0,46.0,8.0,14.0,31.0
363,30.0,8.0,47.0,8.0,10.0,10.0,10.0,10.0,11.0,8.0,46.0,8.0,15.0,31.0
364,30.0,8.0,47.0,8.0,10.0,10.0,10.0,10.0,11.0,8.0,46.0,8.0,16.0,31.0
365,30.0,8.0,47.0,8.0,10.0,10.0,10.0,10.0,11.0,8.0,46.0,8.0,14.0,31.0
366,30.0,8.0,47.0,8.0,10.0,10.0,11.0,10.0,11.0,8.0,46.0,8.0,14.0,31.0
367,30.0,8.0,47.0,8.0,10.0,10.0,11.0,10.0,11.0,8.0,46.0,8.0,14.0,31.0
368,30.0,8.0,47.0,9.0,10.0,10.0,11.0,10.0,11.0,8.0,46.0,8.0,16.0,31.0
369,30.0,8.0,47.0,8.0,10.0,10.0,10.0,10.0,11.0,8.0,46.0,8.0,16.0,31.0
370,30.0,8.0,47.0,8.0,10.0,10.0,10.0,11.0,11.0,8.0,46.0,8.0,16.0,31.0
371,30.0,8.0,48.0,8.0,10.0,10.0,10.0,10.0,11.0,8.0,46.0,8.0,18.0,31.0
372,30.0,8.0,48.0,8.0,10.0,10.0,10.0,10.0,11.0,8.0,46.0,8.0,18.0,31.0
373,30.0,8.0,47.0,9.0,10.0,11.0,11.0,10.0,11.0,8.0,46.0,8.0,18.0,31.0
374,30.0,8.0,47.0,9.0,10.0,10.0,11.0,10.0,11.0,8.0,46.0,8.0,18.0,31.0
375,30.0,8.0,49.0,9.0,10.0,10.0,11.0,10.0,11.0,8.0,46.0,8.0,18.0,31.0
376,30.0,8.0,49.0,8.0,10.0,10.0,11.0,10.0,11.0,8.0,46.0,8.0,17.0,31.0
377,30.0,8.0,48.0,8.0,10.0,10.0,11.0,10.0,11.0,8.0,46.0,8.0,17.0,31.0
378,30.0,8.0,49.0,8.0,10.0,10.0,10.0,10.0,11.0,8.0,46.0,8.0,18.0,31.0
379,30.0,8.0,48.0,8.0,10.0,10.0,10.0,10.0,11.0,8.0,46.0,8.0,18.0,31.0
380,30.0,8.0,47.0,9.0,10.0,10.0,10.0,10.0,11.0,8.0,46.0,8.0,17.0,31.0
381,30.0,8.0,50.0,8.0,10.0,10.0,10.0,10.0,11.0,8.0,46.0,8.0,18.0,31.0
382,30.0,8.0,51.0,9.0,10.0,10.0,10.0,11.0,11.0,8.0,46.0,8.0,19.0,31.0
383,30.0,8.0,49.0,9.0,10.0,10.0,10.0,11.0,11.0,8.0,46.0,8.0,18.0,31.0
384,30.0,8.0,48.0,9.0,10.0,10.0,10.0,10.0,11.0,8.0,46.0,8.0,17.0,31.0
385,30.0,8.0,47.0,10.0,10.0,10.0,10.0,10.0,11.0,8.0,46.0,8.0,18.0,31.0
386,30.0,8.0,47.0,10.0,10.0,10.0,10.0,10.0,11.0,8.0,46.0,8.0,17.0,31.0
387,30.0,8.0,47.0,9.0,10.0,10.0,10.0,10.0,11.0,8.0,46.0,8.0,17.0,31.0
388,30.0,8.0,47.0,10.0,11.0,10.0,10.0,10.0,11.0,8.0,46.0,8.0,18.0,31.0
389,30.0,8.0,47.0,9.0,10.0,10.0,10.0,10.0,11.0,8.0,46.0,8.0,17.0,31.0
390,30.0,8.0,47.0,10.0,10.0,10.0,10.0,10.0,11.0,8.0,46.0,8.0,17.0,31.0
391,30.0,8.0,47.0,10.0,10.0,10.0,10.0,10.0,11.0,8.0,46.0,8.0,18.0,31.0
392,30.0,8.0,47.0,10.0,10.0,10.0,10.0,10.0,11.0,8.0,46.0,8.0,16.0,31.0
393,30.0,8.0,47.0,11.0,10.0,10.0,10.0,10.0,11.0,8.0,46.0,8.0,17.0,31.0
394,30.0,8.0,47.0,12.0,10.0,10.0,10.0,10.0,11.0,8.0,46.0,8.0,17.0,31.0
395,30.0,8.0,47.0,12.0,10.0,10.0,10.0,10.0,11.0,8.0,46.0,8.0,18.0,31.0
396,30.0,8.0,47.0,13.0,10.0,10.0,10.0,10.0,11.0,8.0,46.0,8.0,18.0,31.0
397,30.0,8.0,47.0,13.0,11.0,10.0,10.0,10.0,11.0,8.0,46.0,8.0,16.0,31.0
398,30.0,8.0,47.0,12.0,11.0,10.0,10.0,10.0,11.0,8.0,46.0,8.0,16.0,31.0
399,30.0,8.0,47.0,12.0,10.0,10.0,10.0,11.0,11.0,8.0,46.0,8.0,18.0,31.0
400,30.0,8.0,47.0,13.0,10.0,10.0,11.0,10.0,11.0,8.0,46.0,8.0,18.0,31.0
401,30.0,8.0,47.0,13.0,11.0,10.0,10.0,10.0,11.0,8.0,46.0,8.0,17.0,31.0
402,30.0,8.0,47.0,13.0,11.0,10.0,10.0,11.0,11.0,8.0,46.0,8.0,16.0,31.0
403,30.0,8.0,48.0,13.0,10.0,10.0,10.0,10.0,11.0,8.0,46.0,8.0,17.0,31.0
404,30.0,8.0,47.0,13.0,10.0,10.0,10.0,10.0,11.0,8.0,46.0,8.0,16.0,31.0
405,30.0,8.0,47.0,13.0,11.0,10.0,10.0,10.0,11.0,8.0,46.0,8.0,16.0,31.0
406,30.0,8.0,49.0,14.0,11.0,10.0,10.0,11.0,11.0,8.0,46.0,8.0,16.0,31.0
407,30.0,8.0,51.0,14.0,10.0,10.0,10.0,10.0,11.0,8.0,46.0,8.0,16.0,31.0
408,30.0,8.0,51.0,14.0,10.0,10.0,10.0,10.0,11.0,8.0,46.0,8.0,15.0,31.0
409,30.0,8.0,53.0,14.0,10.0,10.0,10.0,10.0,11.0,8.0,46.0,8.0,15.0,31.0
410,30.0,8.0,53.0,14.0,10.0,10.0,10.0,10.0,11.0,8.0,46.0,8.0,15.0,31.0
411,30.0,8.0,52.0,14.0,10.0,10.0,10.0,10.0,11.0,8.0,46.0,8.0,14.0,31.0
412,30.0,8.0,52.0,15.0,10.0,10.0,10.0,10.0,11.0,8.0,46.0,8.0,15.0,31.0
413,30.0,8.0,53.0,15.0,10.0,10.0,10.0,10.0,12.0,8.0,46.0,8.0,14.0,31.0
414,30.0,8.0,52.0,15.0,10.0,11.0,10.0,10.0,13.0,8.0,46.0,8.0,14.0,31.0
415,30.0,8.0,54.0,14.0,10.0,11.0,11.0,10.0,12.0,8.0,46.0,8.0,13.0,31.0
416,30.0,8.0,55.0,14.0,10.0,11.0,10.0,10.0,12.0,8.0,46.0,8.0,12.0,31.0
417,30.0,8.0,55.0,14.0,11.0,10.0,10.0,10.0,12.0,8.0,46.0,8.0,11.0,31.0
418,30.0,8.0,54.0,13.0,11.0,10.0,10.0,10.0,12.0,8.0,46.0,8.0,10.0,31.0
419,30.0,8.0,57.0,14.0,11.0,10.0,10.0,10.0,12.0,8.0,46.0,8.0,8.0,31.0
420,30.0,8.0,52.0,14.0,11.0,10.0,10.0,11.0,12.0,8.0,46.0,8.0,8.0,31.0
421,30.0,8.0,53.0,14.0,11.0,10.0,10.0,11.0,11.0,8.0,46.0,8.0,9.0,31.0
422,30.0,8.0,56.0,14.0,11.0,10.0,10.0,11.0,12.0,8.0,46.0,8.0,9.0,31.0
423,30.0,9.0,56.0,15.0,11.0,10.0,10.0,10.0,12.0,8.0,46.0,8.0,9.0,31.0
424,30.0,8.0,58.0,15.0,11.0,11.0,10.0,11.0,12.0,8.0,46.0,8.0,9.0,31.0
425,30.0,9.0,59.0,14.0,11.0,10.0,10.0,11.0,12.0,8.0,46.0,8.0,9.0,31.0
426,30.0,9.0,55.0,14.0,10.0,10.0,10.0,11.0,12.0,8.0,46.0,8.0,9.0,31.0
427,30.0,8.0,47.0,14.0,10.0,10.0,10.0,11.0,13.0,8.0,46.0,8.0,9.0,31.0
428,30.0,8.0,47.0,13.0,11.0,10.0,10.0,11.0,14.0,8.0,46.0,8.0,9.0,31.0
429,30.0,8.0,47.0,13.0,11.0,10.0,10.0,11.0,15.0,8.0,46.0,8.0,9.0,31.0
430,30.0,8.0,47.0,13.0,12.0,10.0,10.0,12.0,15.0,8.0,46.0,8.0,9.0,31.0
431,30.0,8.0,47.0,13.0,13.0,10.0,10.0,12.0,14.0,8.0,46.0,8.0,9.0,31.0
432,30.0,8.0,47.0,13.0,12.0,11.0,10.0,13.0,14.0,8.0,46.0,8.0,9.0,31.0
433,30.0,8.0,47.0,12.0,13.0,11.0,10.0,12.0,14.0,8.0,46.0,8.0,9.0,31.0
434,30.0,8.0,47.0,13.0,13.0,11.0,11.0,13.0,13.0,8.0,46.0,8.0,9.0,31.0
435,30.0,8.0,47.0,13.0,12.0,11.0,11.0,13.0,13.0,8.0,46.0,8.0,8.0,31.0
436,30.0,8.0,47.0,13.0,12.0,10.0,11.0,13.0,14.0,8.0,46.0,8.0,8.0,31.0
437,30.0,8.0,47.0,13.0,13.0,11.0,10.0,13.0,13.0,8.0,46.0,8.0,8.0,31.0
438,30.0,8.0,47.0,13.0,13.0,12.0,11.0,13.0,14.0,8.0,46.0,8.0,8.0,31.0
439,30.0,8.0,47.0,13.0,13.0,12.0,12.0,13.0,13.0,8.0,46.0,8.0,9.0,31.0
440,30.0,8.0,47.0,14.0,14.0,11.0,12.0,13.0,12.0,8.0,46.0,8.0,9.0,31.0
441,30.0,8.0,47.0,14.0,13.0,11.0,11.0,14.0,12.0,8.0,46.0,8.0,9.0,31.0
442,30.0,8.0,47.0,14.0,13.0,11.0,11.0,13.0,11.0,8.0,46.0,8.0,8.0,31.0
443,30.0,8.0,47.0,14.0,14.0,11.0,11.0,13.0,11.0,8.0,46.0,8.0,8.0,31.0
444,30.0,8.0,47.0,14.0,15.0,10.0,11.0,14.0,11.0,8.0,46.0,8.0,9.0,31.0
445,30.0,8.0,47.0,14.0,15.0,11.0,10.0,15.0,11.0,8.0,46.0,8.0,9.0,31.0
446,30.0,8.0,47.0,14.0,15.0,10.0,10.0,14.0,11.0,8.0,46.0,8.0,8.0,31.0
447,30.0,8.0,47.0,14.0,15.0,10.0,10.0,14.0,11.0,8.0,46.0,8.0,8.0,31.0
448,30.0,8.0,47.0,14.0,14.0,10.0,10.0,13.0,11.0,8.0,46.0,8.0,8.0,31.0
449,30.0,8.0,47.0,14.0,16.0,10.0,10.0,13.0,11.0,8.0,46.0,8.0,9.0,31.0
450,30.0,8.0,47.0,14.0,15.0,11.0,10.0,14.0,11.0,8.0,46.0,8.0,9.0,31.0
451,30.0,8.0,47.0,13.0,15.0,11.0,11.0,14.0,11.0,8.0,46.0,8.0,9.0,31.0
452,30.0,8.0,47.0,13.0,15.0,11.0,11.0,14.0,11.0,8.0,46.0,8.0,8.0,31.0
453,30.0,8.0,47.0,13.0,15.0,13.0,12.0,13.0,11.0,8.0,46.0,8.0,8.0,31.0
454,30.0,8.0,47.0,13.0,15.0,13.0,13.0,13.0,11.0,8.0,46.0,8.0,8.0,31.0
455,30.0,8.0,47.0,14.0,15.0,14.0,13.0,12.0,11.0,8.0,46.0,8.0,9.0,31.0
456,30.0,8.0,47.0,14.0,16.0,14.0,14.0,13.0,12.0,8.0,46.0,8.0,9.0,31.0
457,30.0,8.0,47.0,13.0,16.0,14.0,15.0,13.0,12.0,8.0,46.0,8.0,9.0,31.0
458,30.0,8.0,47.0,13.0,18.0,15.0,15.0,14.0,13.0,8.0,46.0,8.0,9.0,31.0
459,30.0,8.0,47.0,12.0,18.0,15.0,15.0,15.0,13.0,8.0,46.0,8.0,9.0,31.0
460,30.0,8.0,47.0,13.0,18.0,15.0,15.0,15.0,12.0,8.0,46.0,8.0,8.0,31.0
461,30.0,8.0,47.0,13.0,17.0,15.0,15.0,15.0,12.0,8.0,46.0,8.0,8.0,31.0
462,30.0,8.0,47.0,13.0,17.0,14.0,15.0,16.0,12.0,8.0,46.0,8.0,8.0,31.0
463,30.0,8.0,47.0,13.0,17.0,13.0,15.0,16.0,12.0,8.0,46.0,8.0,8.0,31.0
464,30.0,8.0,47.0,13.0,17.0,13.0,14.0,17.0,11.0,8.0,46.0,8.0,8.0,31.0
465,30.0,8.0,47.0,13.0,18.0,12.0,14.0,17.0,11.0,8.0,46.0,8.0,8.0,31.0
466,30.0,8.0,47.0,13.0,19.0,11.0,13.0,17.0,11.0,8.0,46.0,8.0,8.0,31.0
467,30.0,8.0,47.0,13.0,22.0,11.0,12.0,18.0,11.0,8.0,46.0,8.0,8.0,31.0
468,30.0,8.0,47.0,13.0,21.0,11.0,11.0,19.0,11.0,8.0,46.0,8.0,8.0,31.0
469,30.0,9.0,47.0,13.0,22.0,10.0,11.0,19.0,11.0,8.0,46.0,8.0,8.0,31.0
470,30.0,8.0,47.0,13.0,22.0,10.0,10.0,18.0,11.0,8.0,46.0,8.0,8.0,31.0
471,30.0,8.0,47.0,13.0,22.0,10.0,10.0,18.0,11.0,8.0,46.0,8.0,8.0,31.0
472,30.0,9.0,47.0,12.0,22.0,11.0,10.0,18.0,11.0,8.0,46.0,8.0,8.0,31.0
473,30.0,8.0,47.0,12.0,22.0,11.0,11.0,18.0,11.0,8.0,46.0,8.0,9.0,31.0
474,30.0,8.0,47.0,12.0,21.0,11.0,11.0,18.0,11.0,8.0,46.0,8.0,8.0,31.0
475,30.0,8.0,47.0,13.0,20.0,11.0,10.0,19.0,11.0,8.0,46.0,8.0,9.0,31.0
476,30.0,8.0,47.0,13.0,21.0,10.0,10.0,18.0,11.0,8.0,46.0,8.0,9.0,31.0
477,30.0,8.0,47.0,12.0,21.0,11.0,11.0,18.0,11.0,8.0,46.0,8.0,8.0,31.0
478,30.0,8.0,47.0,12.0,21.0,10.0,10.0,19.0,11.0,8.0,46.0,8.0,9.0,31.0
479,30.0,8.0,47.0,13.0,20.0,10.0,10.0,19.0,11.0,8.0,46.0,8.0,9.0,31.0
480,30.0,8.0,47.0,13.0,20.0,10.0,10.0,18.0,11.0,8.0,46.0,8.0,9.0,31.0
481,30.0,8.0,47.0,13.0,20.0,10.0,10.0,19.0,11.0,8.0,46.0,8.0,8.0,31.0
482,30.0,8.0,47.0,13.0,21.0,10.0,10.0,17.0,11.0,8.0,46.0,8.0,8.0,31.0
483,30.0,8.0,47.0,13.0,21.0,10.0,10.0,17.0,11.0,8.0,46.0,8.0,8.0,31.0
484,30.0,8.0,47.0,13.0,20.0,11.0,11.0,17.0,11.0,8.0,46.0,8.0,9.0,31.0
485,30.0,8.0,47.0,13.0,21.0,11.0,11.0,18.0,11.0,8.0,46.0,8.0,8.0,31.0
486,30.0,8.0,47.0,13.0,22.0,10.0,11.0,18.0,11.0,8.0,46.0,8.0,8.0,31.0
487,30.0,8.0,47.0,13.0,22.0,10.0,11.0,19.0,11.0,8.0,46.0,8.0,8.0,31.0
488,30.0,8.0,47.0,12.0,22.0,10.0,11.0,19.0,11.0,8.0,46.0,8.0,8.0,31.0
489,30.0,8.0,47.0,12.0,22.0,10.0,11.0,19.0,11.0,8.0,46.0,8.0,8.0,31.0
490,30.0,8.0,47.0,12.0,22.0,10.0,11.0,19.0,11.0,8.0,46.0,8.0,9.0,31.0
491,30.0,8.0,47.0,12.0,21.0,11.0,10.0,19.0,11.0,8.0,46.0,8.0,9.0,31.0
492,30.0,8.0,47.0,13.0,20.0,10.0,10.0,18.0,11.0,8.0,46.0,8.0,8.0,31.0
493,30.0,8.0,47.0,13.0,19.0,10.0,10.0,18.0,11.0,8.0,46.0,8.0,9.0,31.0
494,30.0,8.0,47.0,14.0,19.0,10.0,11.0,16.0,11.0,8.0,46.0,8.0,9.0,31.0
495,30.0,8.0,47.0,13.0,19.0,10.0,12.0,16.0,11.0,8.0,46.0,8.0,9.0,31.0
496,30.0,8.0,47.0,14.0,19.0,11.0,12.0,15.0,11.0,8.0,46.0,8.0,9.0,31.0
497,30.0,8.0,47.0,14.0,19.0,10.0,10.0,15.0,11.0,8.0,46.0,8.0,9.0,31.0
498,30.0,8.0,47.0,14.0,20.0,11.0,10.0,15.0,11.0,8.0,46.0,8.0,8.0,31.0
499,30.0,8.0,47.0,14.0,20.0,11.0,11.0,15.0,11.0,8.0,46.0,8.0,9.0,31.0
500,30.0,8.0,47.0,13.0,20.0,10.0,11.0,14.0,11.0,8.0,46.0,8.0,8.0,31.0
501,30.0,8.0,47.0,13.0,20.0,10.0,10.0,15.0,11.0,8.0,46.0,8.0,8.0,31.0
502,30.0,8.0,47.0,12.0,20.0,10.0,10.0,15.0,11.0,8.0,46.0,8.0,8.0,31.0
503,30.0,8.0,47.0,12.0,20.0,10.0,10.0,15.0,11.0,8.0,46.0,8.0,9.0,31.0
504,30.0,8.0,47.0,13.0,19.0,10.0,10.0,15.0,11.0,8.0,46.0,8.0,8.0,31.0
505,30.0,8.0,47.0,13.0,20.0,10.0,10.0,15.0,11.0,8.0,46.0,8.0,8.0,31.0
506,30.0,8.0,47.0,13.0,19.0,10.0,10.0,17.0,11.0,8.0,46.0,8.0,8.0,31.0
507,30.0,8.0,47.0,13.0,18.0,10.0,10.0,16.0,11.0,8.0,46.0,8.0,8.0,31.0
508,30.0,8.0,47.0,13.0,17.0,10.0,10.0,15.0,11.0,8.0,46.0,8.0,8.0,31.0
509,30.0,8.0,47.0,13.0,14.0,10.0,10.0,15.0,11.0,8.0,46.0,8.0,8.0,31.0
510,30.0,8.0,47.0,13.0,14.0,10.0,10.0,13.0,11.0,8.0,46.0,8.0,8.0,31.0
511,30.0,8.0,47.0,13.0,12.0,10.0,10.0,12.0,11.0,8.0,46.0,8.0,8.0,31.0
512,30.0,8.0,47.0,13.0,12.0,10.0,10.0,11.0,11.0,8.0,46.0,8.0,8.0,31.0
513,30.0,8.0,47.0,12.0,11.0,10.0,10.0,12.0,11.0,8.0,46.0,8.0,8.0,31.0
514,30.0,8.0,47.0,12.0,11.0,10.0,10.0,11.0,11.0,8.0,46.0,8.0,8.0,31.0
515,30.0,8.0,47.0,12.0,11.0,10.0,10.0,11.0,11.0,8.0,46.0,8.0,8.0,31.0
516,30.0,8.0,47.0,12.0,10.0,10.0,10.0,10.0,11.0,8.0,46.0,8.0,8.0,31.0
517,30.0,8.0,47.0,13.0,10.0,10.0,10.0,10.0,11.0,8.0,46.0,8.0,8.0,31.0
518,30.0,8.0,47.0,13.0,10.0,10.0,10.0,10.0,11.0,8.0,46.0,8.0,8.0,31.0
519,30.0,8.0,47.0,13.0,10.0,10.0,10.0,10.0,11.0,8.0,46.0,8.0,8.0,31.0
520,30.0,8.0,47.0,13.0,10.0,10.0,10.0,10.0,11.0,8.0,46.0,8.0,8.0,31.0
521,30.0,8.0,47.0,13.0,10.0,10.0,10.0,10.0,11.0,8.0,46.0,8.0,8.0,31.0
522,30.0,8.0,47.0,14.0,10.0,10.0,10.0,10.0,11.0,8.0,46.0,8.0,8.0,31.0
523,30.0,8.0,47.0,13.0,10.0,10.0,10.0,10.0,11.0,8.0,46.0,8.0,9.0,31.0
524,30.0,8.0,47.0,13.0,13.0,10.0,10.0,10.0,11.0,8.0,46.0,8.0,9.0,31.0
525,30.0,8.0,47.0,13.0,16.0,10.0,10.0,10.0,11.0,8.0,46.0,8.0,8.0,31.0
526,30.0,8.0,47.0,12.0,16.0,10.0,10.0,12.0,11.0,8.0,46.0,8.0,9.0,31.0
527,30.0,8.0,47.0,11.0,12.0,10.0,10.0,12.0,11.0,8.0,46.0,8.0,8.0,31.0
528,30.0,8.0,47.0,9.0,12.0,10.0,10.0,11.0,11.0,8.0,46.0,8.0,9.0,31.0
529,30.0,8.0,47.0,9.0,10.0,10.0,10.0,10.0,11.0,8.0,46.0,8.0,9.0,31.0
530,30.0,8.0,47.0,8.0,10.0,10.0,10.0,10.0,11.0,8.0,46.0,8.0,9.0,31.0
531,30.0,8.0,47.0,7.0,10.0,10.0,10.0,10.0,11.0,8.0,46.0,8.0,9.0,31.0
532,30.0,8.0,47.0,7.0,10.0,10.0,10.0,10.0,11.0,8.0,46.0,8.0,8.0,31.0
533,30.0,8.0,47.0,8.0,10.0,10.0,10.0,10.0,11.0,8.0,46.0,8.0,8.0,31.0
534,30.0,8.0,47.0,8.0,10.0,10.0,10.0,11.0,11.0,8.0,46.0,8.0,8.0,31.0
535,30.0,8.0,47.0,7.0,10.0,10.0,10.0,10.0,11.0,8.0,46.0,8.0,8.0,31.0
536,30.0,8.0,47.0,8.0,10.0,10.0,10.0,10.0,11.0,8.0,46.0,8.0,8.0,31.0
537,30.0,8.0,47.0,7.0,10.0,10.0,10.0,10.0,11.0,8.0,46.0,8.0,8.0,31.0
538,30.0,8.0,47.0,7.0,10.0,10.0,10.0,10.0,11.0,8.0,46.0,8.0,8.0,31.0
539,30.0,8.0,47.0,7.0,10.0,10.0,10.0,10.0,11.0,8.0,46.0,8.0,8.0,31.0
540,30.0,8.0,47.0,7.0,10.0,10.0,10.0,10.0,11.0,8.0,46.0,8.0,8.0,31.0
541,30.0,8.0,47.0,8.0,10.0,10.0,10.0,10.0,11.0,8.0,46.0,8.0,8.0,31.0
542,30.0,8.0,47.0,7.0,10.0,10.0,10.0,10.0,11.0,8.0,46.0,8.0,8.0,31.0
543,30.0,8.0,47.0,7.0,10.0,10.0,10.0,10.0,11.0,8.0,46.0,8.0,8.0,31.0
544,30.0,8.0,47.0,7.0,10.0,10.0,10.0,10.0,11.0,8.0,46.0,8.0,8.0,31.0
545,30.0,8.0,47.0,7.0,10.0,10.0,10.0,10.0,11.0,8.0,46.0,8.0,8.0,31.0
546,30.0,8.0,47.0,7.0,10.0,10.0,10.0,10.0,11.0,8.0,46.0,8.0,8.0,31.0
547,30.0,8.0,47.0,7.0,10.0,10.0,10.0,10.0,11.0,8.0,46.0,8.0,8.0,31.0
548,30.0,8.0,47.0,7.0,10.0,10.0,10.0,10.0,11.0,8.0,46.0,8.0,8.0,31.0
549,30.0,8.0,47.0,7.0,10.0,10.0,10.0,10.0,11.0,8.0,46.0,8.0,8.0,31.0
550,30.0,8.0,47.0,7.0,10.0,10.0,10.0,10.0,11.0,8.0,46.0,8.0,8.0,31.0
551,30.0,8.0,47.0,7.0,10.0,10.0,10.0,10.0,11.0,8.0,46.0,8.0,8.0,31.0
552,30.0,8.0,47.0,7.0,10.0,10.0,10.0,10.0,11.0,8.0,46.0,8.0,8.0,31.0
553,30.0,8.0,47.0,7.0,10.0,10.0,10.0,10.0,11.0,8.0,46.0,8.0,8.0,31.0
554,30.0,8.0,47.0,7.0,10.0,10.0,10.0,10.0,11.0,8.0,46.0,8.0,8.0,31.0
555,30.0,8.0,47.0,7.0,10.0,10.0,10.0,10.0,11.0,8.0,46.0,8.0,8.0,31.0
556,30.0,8.0,47.0,7.0,10.0,10.0,10.0,10.0,11.0,8.0,46.0,8.0,8.0,31.0
557,30.0,8.0,47.0,7.0,10.0,10.0,10.0,10.0,11.0,8.0,46.0,8.0,8.0,31.0
558,30.0,8.0,47.0,7.0,10.0,10.0,10.0,10.0,11.0,8.0,46.0,8.0,8.0,31.0
559,30.0,8.0,47.0,7.0,10.0,10.0,10.0,10.0,11.0,8.0,46.0,8.0,8.0,31.0
560,30.0,8.0,47.0,7.0,10.0,10.0,10.0,12.0,11.0,8.0,46.0,8.0,8.0,31.0
561,30.0,8.0,47.0,7.0,10.0,10.0,10.0,14.0,11.0,8.0,46.0,8.0,8.0,31.0
562,30.0,8.0,47.0,7.0,10.0,10.0,10.0,12.0,11.0,8.0,46.0,8.0,8.0,31.0
563,30.0,8.0,47.0,7.0,10.0,10.0,10.0,12.0,11.0,8.0,46.0,8.0,8.0,31.0
564,30.0,8.0,47.0,7.0,12.0,10.0,10.0,10.0,11.0,8.0,46.0,8.0,8.0,31.0
565,30.0,8.0,47.0,7.0,12.0,10.0,10.0,10.0,11.0,8.0,46.0,8.0,8.0,31.0
566,30.0,8.0,47.0,7.0,12.0,10.0,10.0,13.0,11.0,8.0,46.0,8.0,8.0,31.0
567,30.0,8.0,47.0,7.0,11.0,10.0,10.0,12.0,11.0,8.0,46.0,8.0,8.0,31.0
568,30.0,8.0,47.0,7.0,11.0,10.0,10.0,11.0,11.0,8.0,46.0,8.0,8.0,31.0
569,30.0,8.0,47.0,7.0,10.0,10.0,10.0,11.0,11.0,8.0,46.0,8.0,8.0,31.0
570,30.0,8.0,47.0,7.0,10.0,10.0,10.0,10.0,11.0,8.0,46.0,8.0,8.0,31.0
571,30.0,8.0,47.0,7.0,10.0,10.0,10.0,10.0,11.0,8.0,46.0,8.0,8.0,31.0
572,30.0,8.0,47.0,8.0,10.0,10.0,10.0,10.0,11.0,8.0,46.0,8.0,8.0,31.0
573,30.0,8.0,47.0,7.0,10.0,10.0,10.0,10.0,11.0,8.0,46.0,8.0,8.0,31.0
574,30.0,8.0,47.0,7.0,10.0,10.0,10.0,10.0,11.0,8.0,46.0,8.0,8.0,31.0
575,30.0,8.0,47.0,7.0,10.0,10.0,10.0,10.0,11.0,8.0,46.0,8.0,8.0,31.0
576,30.0,8.0,47.0,7.0,10.0,12.0,10.0,10.0,11.0,8.0,46.0,8.0,8.0,31.0
577,30.0,8.0,47.0,7.0,10.0,10.0,11.0,10.0,11.0,8.0,46.0,8.0,8.0,31.0
578,30.0,8.0,47.0,7.0,10.0,10.0,11.0,10.0,11.0,8.0,46.0,8.0,8.0,31.0
579,30.0,8.0,47.0,7.0,10.0,10.0,11.0,10.0,11.0,8.0,46.0,8.0,8.0,31.0
580,30.0,8.0,47.0,7.0,10.0,10.0,11.0,10.0,11.0,8.0,46.0,8.0,8.0,31.0
581,30.0,8.0,47.0,7.0,10.0,10.0,10.0,10.0,11.0,8.0,46.0,8.0,9.0,31.0
582,30.0,8.0,47.0,7.0,10.0,10.0,10.0,10.0,11.0,8.0,46.0,8.0,8.0,31.0
583,30.0,8.0,47.0,7.0,10.0,12.0,10.0,10.0,11.0,8.0,46.0,8.0,8.0,31.0
584,30.0,8.0,47.0,7.0,10.0,11.0,10.0,10.0,11.0,8.0,46.0,8.0,8.0,31.0
585,30.0,8.0,47.0,7.0,10.0,11.0,10.0,10.0,11.0,8.0,46.0,8.0,8.0,31.0
586,30.0,8.0,47.0,8.0,10.0,10.0,10.0,10.0,11.0,8.0,46.0,8.0,8.0,31.0
587,30.0,8.0,47.0,16.0,10.0,10.0,10.0,10.0,11.0,8.0,46.0,8.0,8.0,31.0
588,30.0,8.0,47.0,15.0,10.0,10.0,10.0,10.0,11.0,8.0,46.0,8.0,8.0,31.0
589,30.0,8.0,47.0,16.0,10.0,10.0,10.0,10.0,11.0,8.0,46.0,8.0,8.0,31.0
590,30.0,8.0,47.0,16.0,10.0,10.0,10.0,10.0,11.0,8.0,46.0,8.0,8.0,31.0
591,30.0,8.0,47.0,16.0,10.0,10.0,10.0,10.0,11.0,8.0,46.0,8.0,8.0,31.0
592,30.0,8.0,47.0,16.0,10.0,10.0,10.0,10.0,11.0,8.0,46.0,8.0,8.0,31.0
593,30.0,8.0,47.0,14.0,10.0,10.0,10.0,10.0,11.0,8.0,46.0,8.0,8.0,31.0
594,30.0,8.0,47.0,14.0,10.0,10.0,10.0,10.0,11.0,8.0,46.0,8.0,8.0,31.0
595,30.0,8.0,47.0,13.0,10.0,10.0,10.0,10.0,11.0,8.0,46.0,8.0,8.0,31.0
596,30.0,8.0,47.0,13.0,10.0,10.0,10.0,10.0,11.0,8.0,46.0,8.0,8.0,31.0
597,30.0,8.0,47.0,13.0,10.0,10.0,10.0,10.0,11.0,8.0,46.0,8.0,8.0,31.0
598,30.0,8.0,47.0,13.0,10.0,10.0,10.0,10.0,11.0,8.0,46.0,8.0,8.0,31.0
599,30.0,8.0,47.0,13.0,10.0,10.0,10.0,10.0,11.0,8.0,46.0,8.0,8.0,31.0
600,30.0,8.0,47.0,14.0,10.0,10.0,10.0,10.0,11.0,8.0,46.0,8.0,8.0,31.0
601,30.0,8.0,47.0,14.0,10.0,10.0,10.0,10.0,11.0,8.0,46.0,8.0,8.0,31.0
602,30.0,8.0,47.0,15.0,10.0,10.0,10.0,10.0,11.0,8.0,46.0,8.0,8.0,31.0
603,30.0,8.0,47.0,15.0,10.0,10.0,10.0,10.0,11.0,8.0,46.0,8.0,8.0,31.0
604,30.0,8.0,47.0,15.0,10.0,10.0,10.0,10.0,11.0,8.0,46.0,8.0,8.0,31.0
605,30.0,8.0,47.0,14.0,10.0,10.0,10.0,10.0,11.0,8.0,46.0,8.0,8.0,31.0
606,30.0,8.0,47.0,13.0,10.0,10.0,10.0,10.0,11.0,8.0,46.0,8.0,8.0,31.0
607,30.0,8.0,47.0,13.0,10.0,10.0,10.0,10.0,11.0,8.0,46.0,8.0,8.0,31.0
608,30.0,8.0,47.0,13.0,10.0,10.0,10.0,10.0,11.0,8.0,46.0,8.0,8.0,31.0
609,30.0,8.0,47.0,12.0,10.0,10.0,10.0,10.0,11.0,8.0,46.0,8.0,8.0,31.0
610,30.0,8.0,47.0,12.0,10.0,10.0,10.0,10.0,11.0,8.0,46.0,8.0,8.0,31.0
611,30.0,8.0,47.0,10.0,10.0,10.0,10.0,10.0,11.0,8.0,46.0,8.0,8.0,31.0
612,30.0,8.0,47.0,9.0,10.0,10.0,10.0,10.0,11.0,8.0,46.0,8.0,8.0,31.0
613,30.0,8.0,47.0,8.0,10.0,10.0,10.0,10.0,11.0,8.0,46.0,8.0,8.0,31.0
614,30.0,8.0,47.0,7.0,10.0,10.0,10.0,10.0,11.0,8.0,46.0,8.0,8.0,31.0
615,30.0,8.0,47.0,7.0,10.0,10.0,10.0,10.0,11.0,8.0,46.0,8.0,8.0,31.0
616,30.0,8.0,47.0,7.0,10.0,10.0,10.0,10.0,11.0,8.0,46.0,8.0,8.0,31.0
617,30.0,8.0,47.0,7.0,10.0,10.0,10.0,10.0,11.0,8.0,46.0,8.0,8.0,31.0
618,30.0,8.0,47.0,7.0,10.0,10.0,10.0,10.0,11.0,8.0,46.0,8.0,8.0,31.0
619,30.0,8.0,47.0,8.0,10.0,10.0,10.0,10.0,11.0,8.0,46.0,8.0,8.0,31.0
620,30.0,8.0,47.0,8.0,10.0,10.0,10.0,10.0,11.0,8.0,46.0,8.0,8.0,31.0
621,30.0,8.0,47.0,8.0,10.0,10.0,10.0,10.0,11.0,8.0,46.0,8.0,8.0,31.0
622,30.0,8.0,47.0,8.0,10.0,10.0,10.0,10.0,11.0,8.0,46.0,8.0,8.0,31.0
623,30.0,8.0,47.0,8.0,10.0,10.0,10.0,10.0,11.0,8.0,46.0,8.0,8.0,31.0
624,30.0,8.0,47.0,8.0,10.0,10.0,10.0,10.0,11.0,8.0,46.0,8.0,8.0,31.0
625,30.0,8.0,47.0,8.0,10.0,10.0,10.0,10.0,11.0,8.0,46.0,8.0,8.0,31.0
626,30.0,8.0,47.0,8.0,10.0,10.0,10.0,10.0,11.0,8.0,46.0,8.0,8.0,31.0
627,30.0,8.0,47.0,8.0,10.0,10.0,10.0,10.0,11.0,8.0,46.0,8.0,8.0,31.0
628,30.0,8.0,47.0,8.0,10.0,10.0,10.0,10.0,11.0,8.0,46.0,8.0,8.0,31.0
629,30.0,8.0,47.0,8.0,10.0,10.0,10.0,10.0,11.0,8.0,46.0,8.0,8.0,31.0
630,30.0,8.0,47.0,8.0,11.0,10.0,10.0,10.0,11.0,8.0,46.0,8.0,8.0,31.0
631,30.0,8.0,47.0,8.0,11.0,10.0,10.0,10.0,11.0,8.0,46.0,8.0,8.0,31.0
632,30.0,8.0,47.0,8.0,10.0,10.0,10.0,10.0,11.0,8.0,46.0,8.0,8.0,31.0
633,30.0,8.0,47.0,8.0,10.0,10.0,10.0,10.0,11.0,8.0,46.0,8.0,8.0,31.0
634,30.0,8.0,47.0,8.0,10.0,10.0,10.0,10.0,11.0,8.0,46.0,8.0,8.0,31.0
635,30.0,8.0,47.0,8.0,10.0,10.0,10.0,10.0,11.0,8.0,46.0,8.0,8.0,31.0
636,30.0,8.0,47.0,8.0,10.0,10.0,10.0,10.0,11.0,8.0,46.0,8.0,8.0,31.0
637,30.0,8.0,47.0,8.0,10.0,10.0,10.0,10.0,11.0,8.0,46.0,8.0,8.0,31.0
638,30.0,8.0,47.0,9.0,10.0,10.0,10.0,10.0,11.0,8.0,46.0,8.0,8.0,31.0
639,30.0,8.0,47.0,8.0,10.0,10.0,10.0,10.0,11.0,8.0,46.0,8.0,8.0,31.0
640,30.0,8.0,47.0,8.0,10.0,10.0,10.0,10.0,11.0,8.0,46.0,8.0,8.0,31.0
641,30.0,8.0,47.0,8.0,10.0,10.0,10.0,10.0,11.0,8.0,46.0,8.0,8.0,31.0
642,30.0,8.0,47.0,10.0,10.0,10.0,10.0,10.0,11.0,8.0,46.0,8.0,8.0,31.0
643,30.0,8.0,47.0,10.0,10.0,10.0,10.0,10.0,11.0,8.0,46.0,8.0,8.0,31.0
644,30.0,8.0,47.0,10.0,10.0,10.0,10.0,10.0,11.0,8.0,46.0,8.0,8.0,31.0
645,30.0,8.0,47.0,10.0,10.0,10.0,10.0,10.0,11.0,8.0,46.0,8.0,8.0,31.0
646,30.0,8.0,47.0,8.0,10.0,10.0,10.0,10.0,11.0,8.0,46.0,8.0,8.0,31.0
647,30.0,8.0,47.0,7.0,10.0,10.0,10.0,10.0,11.0,8.0,46.0,8.0,8.0,31.0
648,30.0,8.0,47.0,7.0,10.0,10.0,10.0,10.0,11.0,8.0,46.0,8.0,8.0,31.0
649,30.0,8.0,47.0,7.0,10.0,10.0,10.0,10.0,11.0,8.0,46.0,8.0,8.0,31.0
650,30.0,8.0,47.0,7.0,10.0,10.0,10.0,10.0,11.0,8.0,46.0,8.0,8.0,31.0
651,30.0,8.0,47.0,7.0,10.0,10.0,10.0,10.0,11.0,8.0,46.0,8.0,8.0,31.0
652,30.0,8.0,47.0,7.0,10.0,10.0,10.0,10.0,11.0,8.0,46.0,8.0,8.0,31.0
653,30.0,8.0,47.0,8.0,10.0,10.0,10.0,10.0,11.0,8.0,46.0,8.0,8.0,31.0
654,30.0,8.0,47.0,8.0,10.0,10.0,10.0,10.0,11.0,8.0,46.0,8.0,8.0,31.0
655,30.0,8.0,47.0,8.0,10.0,10.0,10.0,10.0,11.0,8.0,46.0,8.0,8.0,31.0
656,30.0,8.0,47.0,8.0,10.0,10.0,10.0,10.0,11.0,8.0,46.0,8.0,8.0,31.0
657,30.0,8.0,47.0,8.0,10.0,10.0,10.0,10.0,11.0,8.0,46.0,8.0,8.0,31.0
658,30.0,8.0,47.0,8.0,10.0,10.0,10.0,10.0,11.0,8.0,46.0,8.0,8.0,31.0
659,30.0,8.0,47.0,8.0,10.0,10.0,10.0,10.0,11.0,8.0,46.0,8.0,8.0,31.0
660,30.0,8.0,47.0,8.0,10.0,10.0,10.0,10.0,11.0,8.0,46.0,8.0,8.0,31.0
661,30.0,8.0,47.0,8.0,10.0,10.0,10.0,10.0,11.0,8.0,46.0,8.0,8.0,31.0
662,30.0,8.0,47.0,7.0,10.0,10.0,10.0,10.0,11.0,8.0,46.0,8.0,8.0,31.0
663,30.0,8.0,47.0,7.0,10.0,10.0,10.0,10.0,11.0,8.0,46.0,8.0,8.0,31.0
664,30.0,8.0,47.0,7.0,10.0,10.0,10.0,10.0,11.0,8.0,46.0,8.0,8.0,31.0
665,30.0,8.0,47.0,7.0,10.0,10.0,10.0,10.0,11.0,8.0,46.0,8.0,8.0,31.0
666,30.0,8.0,47.0,15.0,10.0,10.0,10.0,10.0,11.0,8.0,46.0,8.0,8.0,31.0
667,30.0,8.0,47.0,12.0,10.0,10.0,10.0,10.0,11.0,8.0,46.0,8.0,8.0,31.0
668,30.0,8.0,47.0,11.0,10.0,10.0,10.0,10.0,11.0,8.0,46.0,8.0,8.0,31.0
669,30.0,8.0,47.0,10.0,10.0,10.0,10.0,10.0,11.0,8.0,46.0,8.0,8.0,31.0
670,30.0,8.0,47.0,7.0,10.0,10.0,10.0,10.0,11.0,8.0,46.0,8.0,8.0,31.0
671,30.0,8.0,47.0,7.0,10.0,10.0,10.0,10.0,11.0,8.0,46.0,8.0,8.0,31.0
672,30.0,8.0,47.0,7.0,10.0,10.0,10.0,10.0,11.0,8.0,46.0,8.0,8.0,31.0
673,30.0,8.0,47.0,7.0,10.0,10.0,10.0,10.0,11.0,8.0,46.0,8.0,8.0,31.0
674,30.0,8.0,47.0,7.0,10.0,10.0,10.0,10.0,11.0,8.0,46.0,8.0,8.0,31.0
675,30.0,8.0,47.0,7.0,10.0,10.0,10.0,10.0,11.0,8.0,46.0,8.0,8.0,31.0
676,30.0,8.0,47.0,7.0,10.0,10.0,10.0,10.0,11.0,8.0,46.0,8.0,8.0,31.0
677,30.0,8.0,47.0,7.0,10.0,10.0,11.0,10.0,11.0,8.0,46.0,8.0,8.0,31.0
678,30.0,8.0,47.0,7.0,10.0,10.0,11.0,10.0,11.0,8.0,46.0,8.0,8.0,31.0
679,30.0,8.0,47.0,7.0,10.0,10.0,11.0,10.0,11.0,8.0,46.0,8.0,8.0,31.0
680,30.0,8.0,47.0,7.0,10.0,10.0,10.0,10.0,11.0,8.0,46.0,8.0,8.0,31.0
681,30.0,8.0,47.0,7.0,10.0,10.0,10.0,10.0,11.0,8.0,46.0,8.0,8.0,31.0
682,30.0,8.0,47.0,7.0,10.0,10.0,10.0,10.0,11.0,8.0,46.0,8.0,8.0,31.0
683,30.0,8.0,47.0,7.0,10.0,10.0,10.0,10.0,11.0,8.0,46.0,8.0,8.0,31.0
684,30.0,8.0,47.0,7.0,10.0,10.0,10.0,10.0,11.0,8.0,46.0,8.0,8.0,31.0
685,30.0,8.0,47.0,7.0,10.0,10.0,10.0,10.0,11.0,8.0,46.0,8.0,8.0,31.0
686,30.0,8.0,47.0,7.0,10.0,10.0,10.0,10.0,11.0,8.0,46.0,8.0,8.0,31.0
687,30.0,8.0,47.0,7.0,10.0,10.0,10.0,10.0,11.0,8.0,46.0,8.0,8.0,31.0
688,30.0,8.0,47.0,7.0,10.0,10.0,10.0,10.0,11.0,8.0,46.0,8.0,8.0,31.0
689,30.0,8.0,47.0,7.0,10.0,10.0,10.0,10.0,11.0,8.0,46.0,8.0,8.0,31.0
690,30.0,8.0,47.0,7.0,10.0,10.0,10.0,10.0,11.0,8.0,46.0,8.0,8.0,31.0
691,30.0,8.0,47.0,7.0,10.0,10.0,10.0,10.0,11.0,8.0,46.0,8.0,8.0,31.0
692,30.0,8.0,47.0,7.0,10.0,10.0,10.0,10.0,11.0,8.0,46.0,8.0,8.0,31.0
693,30.0,8.0,47.0,7.0,10.0,10.0,10.0,10.0,11.0,8.0,46.0,8.0,8.0,31.0
694,30.0,8.0,47.0,7.0,10.0,10.0,10.0,10.0,11.0,8.0,46.0,8.0,8.0,31.0
695,30.0,8.0,47.0,7.0,10.0,10.0,10.0,10.0,11.0,8.0,46.0,8.0,8.0,31.0
696,30.0,8.0,47.0,7.0,10.0,10.0,10.0,10.0,11.0,8.0,46.0,8.0,8.0,31.0
697,30.0,8.0,47.0,7.0,10.0,10.0,10.0,10.0,11.0,8.0,46.0,8.0,8.0,31.0
698,30.0,8.0,47.0,7.0,10.0,10.0,10.0,10.0,11.0,8.0,46.0,8.0,8.0,31.0
699,30.0,8.0,47.0,7.0,10.0,10.0,10.0,10.0,11.0,8.0,46.0,8.0,8.0,31.0
700,30.0,8.0,47.0,7.0,10.0,10.0,10.0,10.0,11.0,8.0,46.0,8.0,8.0,31.0
701,30.0,8.0,47.0,7.0,10.0,10.0,10.0,10.0,11.0,8.0,46.0,8.0,8.0,31.0
702,30.0,8.0,47.0,7.0,10.0,10.0,10.0,10.0,11.0,8.0,46.0,8.0,8.0,31.0
703,30.0,8.0,47.0,7.0,10.0,10.0,10.0,10.0,11.0,8.0,46.0,8.0,8.0,31.0
704,30.0,8.0,47.0,7.0,10.0,10.0,10.0,10.0,11.0,8.0,46.0,8.0,8.0,31.0
705,30.0,8.0,47.0,7.0,10.0,10.0,10.0,10.0,11.0,8.0,46.0,8.0,8.0,31.0
706,30.0,8.0,47.0,7.0,10.0,10.0,10.0,10.0,11.0,8.0,46.0,8.0,8.0,31.0
707,30.0,8.0,47.0,7.0,10.0,10.0,10.0,10.0,11.0,8.0,46.0,8.0,8.0,31.0
708,30.0,8.0,47.0,7.0,10.0,10.0,10.0,10.0,11.0,8.0,46.0,8.0,8.0,31.0
709,30.0,8.0,47.0,7.0,10.0,10.0,10.0,10.0,11.0,8.0,46.0,8.0,8.0,31.0
710,30.0,8.0,47.0,7.0,10.0,10.0,10.0,10.0,11.0,8.0,46.0,8.0,8.0,31.0
711,30.0,8.0,47.0,7.0,10.0,10.0,10.0,10.0,11.0,8.0,46.0,8.0,8.0,31.0
712,30.0,8.0,47.0,7.0,10.0,10.0,10.0,10.0,11.0,8.0,46.0,10.0,8.0,31.0
713,30.0,8.0,47.0,7.0,10.0,10.0,10.0,10.0,11.0,8.0,47.0,10.0,8.0,31.0
714,30.0,8.0,47.0,7.0,10.0,10.0,10.0,10.0,11.0,8.0,47.0,9.0,8.0,31.0
715,30.0,8.0,47.0,7.0,10.0,10.0,10.0,10.0,11.0,8.0,48.0,9.0,8.0,31.0
716,30.0,8.0,49.0,7.0,10.0,10.0,10.0,10.0,11.0,8.0,50.0,9.0,8.0,31.0
717,30.0,8.0,50.0,7.0,10.0,10.0,10.0,10.0,11.0,8.0,50.0,10.0,8.0,31.0
718,30.0,8.0,51.0,7.0,10.0,10.0,10.0,10.0,11.0,8.0,51.0,11.0,8.0,31.0
719,30.0,8.0,52.0,7.0,10.0,10.0,10.0,10.0,11.0,8.0,52.0,9.0,8.0,31.0
720,30.0,8.0,54.0,7.0,10.0,10.0,10.0,10.0,11.0,8.0,52.0,8.0,8.0,31.0
721,30.0,8.0,55.0,7.0,10.0,10.0,10.0,10.0,11.0,8.0,52.0,8.0,8.0,31.0
722,30.0,8.0,55.0,7.0,10.0,10.0,10.0,10.0,11.0,8.0,53.0,9.0,9.0,31.0
723,30.0,8.0,56.0,7.0,10.0,10.0,10.0,10.0,11.0,8.0,53.0,9.0,9.0,31.0
724,31.0,8.0,57.0,7.0,10.0,10.0,10.0,10.0,11.0,8.0,54.0,9.0,8.0,31.0
725,32.0,8.0,57.0,7.0,10.0,10.0,10.0,10.0,11.0,9.0,54.0,9.0,8.0,31.0
726,34.0,8.0,56.0,7.0,10.0,10.0,10.0,10.0,11.0,9.0,56.0,9.0,8.0,31.0
727,36.0,8.0,56.0,7.0,10.0,10.0,10.0,10.0,11.0,9.0,55.0,10.0,8.0,32.0
728,37.0,8.0,56.0,7.0,10.0,10.0,10.0,10.0,11.0,8.0,55.0,12.0,8.0,33.0
729,38.0,8.0,57.0,7.0,10.0,10.0,10.0,10.0,11.0,9.0,55.0,11.0,8.0,33.0
730,40.0,8.0,58.0,8.0,10.0,10.0,10.0,10.0,11.0,10.0,56.0,10.0,8.0,33.0
731,40.0,8.0,58.0,7.0,10.0,10.0,10.0,10.0,11.0,10.0,55.0,10.0,8.0,34.0
732,40.0,8.0,60.0,8.0,10.0,10.0,10.0,10.0,11.0,9.0,56.0,11.0,8.0,36.0
733,40.0,9.0,61.0,8.0,10.0,10.0,10.0,10.0,11.0,9.0,56.0,11.0,8.0,36.0
734,39.0,9.0,62.0,8.0,10.0,11.0,11.0,10.0,12.0,10.0,57.0,10.0,9.0,36.0
735,39.0,9.0,63.0,8.0,11.0,11.0,11.0,10.0,12.0,10.0,58.0,11.0,8.0,37.0
736,39.0,9.0,65.0,8.0,11.0,10.0,11.0,10.0,13.0,9.0,58.0,12.0,9.0,39.0
737,39.0,8.0,65.0,8.0,11.0,10.0,11.0,11.0,13.0,9.0,59.0,11.0,9.0,39.0
738,38.0,9.0,65.0,8.0,12.0,11.0,11.0,11.0,14.0,9.0,60.0,13.0,9.0,39.0
739,37.0,9.0,65.0,8.0,12.0,10.0,11.0,11.0,13.0,10.0,61.0,14.0,9.0,40.0
740,37.0,9.0,67.0,8.0,12.0,11.0,11.0,11.0,13.0,11.0,60.0,12.0,9.0,41.0
741,38.0,9.0,70.0,8.0,12.0,11.0,11.0,12.0,13.0,11.0,60.0,12.0,9.0,42.0
742,37.0,10.0,69.0,12.0,11.0,11.0,11.0,11.0,13.0,11.0,60.0,12.0,9.0,41.0
743,38.0,9.0,71.0,11.0,11.0,11.0,11.0,11.0,13.0,10.0,62.0,12.0,9.0,41.0
744,38.0,9.0,71.0,9.0,11.0,10.0,10.0,11.0,13.0,10.0,64.0,11.0,9.0,38.0
745,38.0,9.0,71.0,8.0,11.0,10.0,11.0,11.0,13.0,9.0,65.0,11.0,9.0,39.0
746,39.0,8.0,70.0,7.0,11.0,10.0,11.0,11.0,12.0,9.0,64.0,11.0,9.0,39.0
747,38.0,8.0,70.0,8.0,11.0,10.0,10.0,11.0,12.0,9.0,64.0,11.0,9.0,38.0
748,38.0,8.0,70.0,8.0,11.0,11.0,10.0,11.0,12.0,9.0,61.0,11.0,9.0,37.0
749,37.0,8.0,68.0,8.0,11.0,10.0,10.0,11.0,12.0,9.0,61.0,11.0,9.0,35.0
750,39.0,8.0,69.0,8.0,11.0,10.0,10.0,11.0,12.0,9.0,62.0,9.0,8.0,35.0
751,38.0,8.0,69.0,8.0,11.0,10.0,11.0,11.0,12.0,10.0,62.0,9.0,8.0,34.0
752,40.0,8.0,71.0,8.0,11.0,10.0,10.0,11.0,11.0,10.0,61.0,9.0,9.0,34.0
753,41.0,8.0,70.0,8.0,11.0,11.0,11.0,11.0,11.0,10.0,61.0,9.0,9.0,34.0
754,39.0,8.0,71.0,8.0,11.0,11.0,10.0,11.0,11.0,10.0,63.0,10.0,9.0,34.0
755,38.0,8.0,71.0,8.0,11.0,10.0,10.0,11.0,11.0,10.0,65.0,11.0,9.0,35.0
756,39.0,8.0,77.0,7.0,11.0,10.0,10.0,11.0,11.0,9.0,64.0,9.0,9.0,35.0
757,40.0,8.0,78.0,7.0,11.0,10.0,10.0,10.0,11.0,8.0,64.0,9.0,9.0,34.0
758,40.0,8.0,77.0,7.0,11.0,10.0,10.0,11.0,13.0,9.0,65.0,9.0,9.0,35.0
759,37.0,8.0,79.0,7.0,11.0,11.0,11.0,11.0,12.0,10.0,65.0,9.0,8.0,36.0
760,36.0,9.0,76.0,7.0,11.0,11.0,11.0,10.0,12.0,10.0,64.0,9.0,8.0,38.0
761,36.0,9.0,74.0,8.0,11.0,10.0,10.0,10.0,12.0,9.0,64.0,9.0,8.0,38.0
762,36.0,8.0,69.0,7.0,11.0,11.0,11.0,11.0,11.0,9.0,66.0,10.0,8.0,35.0
763,36.0,8.0,66.0,7.0,11.0,11.0,11.0,11.0,11.0,9.0,66.0,9.0,8.0,35.0
764,35.0,8.0,62.0,8.0,11.0,10.0,10.0,11.0,11.0,9.0,63.0,9.0,8.0,36.0
765,35.0,8.0,61.0,8.0,11.0,10.0,10.0,11.0,11.0,9.0,63.0,9.0,8.0,36.0
766,35.0,8.0,62.0,8.0,11.0,10.0,10.0,11.0,11.0,9.0,61.0,10.0,8.0,39.0
767,36.0,8.0,61.0,8.0,11.0,11.0,11.0,11.0,11.0,9.0,61.0,9.0,8.0,38.0
768,35.0,8.0,61.0,8.0,11.0,11.0,10.0,11.0,12.0,9.0,63.0,10.0,8.0,36.0
769,35.0,8.0,62.0,8.0,11.0,11.0,11.0,11.0,12.0,9.0,64.0,9.0,8.0,37.0
770,35.0,8.0,66.0,9.0,11.0,11.0,12.0,11.0,12.0,8.0,65.0,10.0,8.0,38.0
771,34.0,8.0,66.0,9.0,11.0,11.0,12.0,11.0,11.0,8.0,66.0,10.0,8.0,38.0
772,34.0,8.0,66.0,9.0,11.0,11.0,11.0,11.0,11.0,8.0,65.0,11.0,8.0,38.0
773,35.0,8.0,66.0,9.0,11.0,11.0,12.0,11.0,11.0,8.0,67.0,11.0,9.0,38.0
774,35.0,8.0,66.0,8.0,11.0,11.0,11.0,11.0,11.0,8.0,69.0,11.0,8.0,38.0
775,35.0,8.0,65.0,8.0,11.0,11.0,11.0,11.0,11.0,8.0,70.0,12.0,8.0,38.0
776,35.0,9.0,65.0,8.0,11.0,11.0,11.0,11.0,11.0,8.0,67.0,11.0,9.0,37.0
777,36.0,9.0,66.0,8.0,11.0,10.0,11.0,11.0,11.0,8.0,68.0,11.0,9.0,37.0
778,36.0,10.0,65.0,8.0,11.0,11.0,11.0,11.0,11.0,8.0,66.0,9.0,9.0,36.0
779,36.0,10.0,65.0,8.0,11.0,11.0,11.0,11.0,11.0,8.0,67.0,9.0,8.0,37.0
780,37.0,9.0,67.0,8.0,10.0,11.0,11.0,10.0,11.0,8.0,68.0,9.0,8.0,39.0
781,37.0,8.0,68.0,8.0,10.0,11.0,11.0,10.0,11.0,8.0,69.0,10.0,8.0,40.0
782,40.0,8.0,66.0,8.0,11.0,11.0,11.0,11.0,11.0,8.0,67.0,10.0,8.0,41.0
783,42.0,8.0,64.0,8.0,11.0,11.0,11.0,11.0,12.0,9.0,67.0,10.0,8.0,40.0
784,41.0,8.0,65.0,8.0,11.0,11.0,11.0,11.0,12.0,9.0,67.0,10.0,8.0,40.0
785,42.0,8.0,63.0,8.0,11.0,11.0,11.0,11.0,12.0,10.0,67.0,9.0,8.0,38.0
786,44.0,8.0,59.0,8.0,11.0,12.0,11.0,11.0,12.0,9.0,68.0,9.0,8.0,38.0
787,44.0,8.0,58.0,8.0,11.0,11.0,11.0,11.0,12.0,8.0,68.0,10.0,9.0,38.0
788,44.0,8.0,55.0,8.0,12.0,11.0,11.0,11.0,13.0,8.0,71.0,11.0,9.0,40.0
789,43.0,8.0,55.0,8.0,12.0,11.0,12.0,11.0,13.0,8.0,71.0,10.0,9.0,41.0
790,45.0,8.0,58.0,8.0,12.0,12.0,12.0,12.0,14.0,9.0,67.0,10.0,9.0,42.0
791,45.0,8.0,57.0,8.0,12.0,12.0,13.0,12.0,15.0,9.0,68.0,10.0,9.0,43.0
792,45.0,9.0,57.0,9.0,13.0,12.0,13.0,12.0,14.0,10.0,67.0,11.0,9.0,44.0
793,46.0,9.0,58.0,9.0,13.0,12.0,12.0,12.0,15.0,10.0,67.0,12.0,9.0,44.0
794,46.0,9.0,59.0,9.0,13.0,13.0,13.0,14.0,15.0,10.0,69.0,12.0,9.0,44.0
795,46.0,8.0,59.0,9.0,13.0,14.0,13.0,15.0,14.0,11.0,71.0,12.0,9.0,44.0
796,47.0,9.0,61.0,10.0,14.0,13.0,14.0,14.0,14.0,11.0,70.0,12.0,9.0,42.0
797,47.0,9.0,60.0,9.0,13.0,13.0,13.0,13.0,14.0,11.0,71.0,11.0,9.0,43.0
798,45.0,8.0,62.0,10.0,13.0,13.0,13.0,13.0,14.0,10.0,70.0,11.0,9.0,44.0
799,43.0,9.0,63.0,10.0,13.0,13.0,13.0,13.0,14.0,11.0,71.0,11.0,9.0,44.0
800,42.0,8.0,64.0,10.0,13.0,14.0,13.0,13.0,15.0,11.0,72.0,11.0,10.0,44.0
801,43.0,9.0,67.0,9.0,13.0,13.0,13.0,13.0,16.0,10.0,75.0,11.0,10.0,43.0
802,43.0,9.0,70.0,9.0,14.0,14.0,13.0,13.0,18.0,12.0,76.0,12.0,10.0,43.0
803,43.0,9.0,71.0,9.0,14.0,13.0,13.0,13.0,19.0,12.0,76.0,12.0,10.0,42.0
804,44.0,10.0,74.0,9.0,14.0,14.0,14.0,14.0,17.0,13.0,76.0,12.0,10.0,41.0
805,44.0,11.0,74.0,9.0,15.0,15.0,16.0,15.0,16.0,13.0,76.0,12.0,10.0,40.0
806,43.0,10.0,76.0,10.0,14.0,14.0,16.0,14.0,15.0,12.0,79.0,12.0,11.0,40.0
807,42.0,10.0,75.0,10.0,13.0,15.0,16.0,14.0,15.0,11.0,79.0,12.0,11.0,40.0
808,41.0,10.0,76.0,10.0,13.0,15.0,15.0,13.0,14.0,10.0,76.0,11.0,10.0,40.0
809,42.0,9.0,77.0,11.0,13.0,14.0,15.0,13.0,14.0,10.0,76.0,12.0,9.0,41.0
810,43.0,9.0,79.0,12.0,13.0,14.0,14.0,13.0,14.0,10.0,77.0,11.0,9.0,42.0
811,44.0,9.0,80.0,12.0,14.0,14.0,14.0,13.0,14.0,10.0,76.0,11.0,9.0,44.0
812,46.0,9.0,80.0,12.0,13.0,14.0,13.0,13.0,14.0,11.0,78.0,11.0,9.0,45.0
813,47.0,9.0,80.0,11.0,13.0,14.0,14.0,14.0,14.0,10.0,77.0,11.0,9.0,44.0
814,49.0,10.0,82.0,10.0,14.0,15.0,14.0,14.0,13.0,10.0,76.0,11.0,9.0,45.0
815,50.0,10.0,84.0,10.0,13.0,15.0,14.0,13.0,14.0,11.0,76.0,11.0,9.0,46.0
816,52.0,10.0,83.0,10.0,13.0,16.0,15.0,13.0,14.0,10.0,75.0,12.0,9.0,47.0
817,53.0,10.0,83.0,10.0,13.0,16.0,15.0,13.0,15.0,10.0,75.0,12.0,9.0,50.0
818,57.0,11.0,84.0,9.0,14.0,16.0,15.0,14.0,15.0,11.0,78.0,13.0,10.0,52.0
819,59.0,11.0,87.0,10.0,14.0,16.0,16.0,14.0,15.0,11.0,78.0,12.0,10.0,53.0
820,59.0,11.0,87.0,11.0,14.0,15.0,15.0,14.0,15.0,10.0,77.0,12.0,10.0,52.0
821,58.0,10.0,87.0,10.0,17.0,15.0,15.0,14.0,15.0,10.0,78.0,13.0,10.0,53.0
822,52.0,11.0,82.0,10.0,18.0,15.0,14.0,15.0,15.0,10.0,80.0,14.0,10.0,52.0
823,50.0,10.0,79.0,10.0,14.0,14.0,14.0,14.0,15.0,10.0,80.0,14.0,9.0,53.0
824,49.0,10.0,75.0,10.0,14.0,14.0,14.0,14.0,15.0,10.0,81.0,13.0,9.0,52.0
825,50.0,10.0,76.0,10.0,14.0,14.0,14.0,14.0,16.0,10.0,81.0,13.0,9.0,51.0
826,51.0,10.0,78.0,10.0,14.0,14.0,14.0,14.0,15.0,9.0,80.0,12.0,10.0,52.0
827,50.0,10.0,75.0,10.0,14.0,14.0,14.0,15.0,14.0,9.0,79.0,11.0,11.0,53.0
828,49.0,10.0,71.0,10.0,15.0,15.0,14.0,15.0,15.0,9.0,79.0,10.0,11.0,54.0
829,50.0,10.0,70.0,10.0,15.0,14.0,14.0,15.0,16.0,8.0,79.0,10.0,11.0,55.0
830,53.0,10.0,68.0,10.0,15.0,14.0,14.0,15.0,16.0,8.0,78.0,9.0,11.0,56.0
831,52.0,10.0,67.0,10.0,15.0,14.0,14.0,15.0,15.0,8.0,78.0,9.0,12.0,56.0
832,51.0,10.0,66.0,10.0,14.0,15.0,14.0,14.0,14.0,9.0,75.0,9.0,11.0,54.0
833,53.0,10.0,64.0,11.0,14.0,15.0,14.0,14.0,14.0,9.0,73.0,9.0,11.0,55.0
834,57.0,9.0,63.0,11.0,13.0,14.0,14.0,14.0,15.0,8.0,71.0,9.0,9.0,60.0
835,57.0,9.0,62.0,11.0,13.0,14.0,14.0,14.0,14.0,8.0,71.0,9.0,10.0,62.0
836,57.0,9.0,60.0,12.0,13.0,15.0,15.0,13.0,14.0,8.0,72.0,8.0,10.0,60.0
837,56.0,9.0,59.0,12.0,13.0,15.0,15.0,13.0,15.0,8.0,71.0,9.0,9.0,61.0
838,54.0,9.0,57.0,12.0,14.0,15.0,15.0,14.0,15.0,8.0,69.0,9.0,10.0,61.0
839,53.0,9.0,58.0,12.0,14.0,15.0,15.0,14.0,15.0,8.0,67.0,9.0,10.0,61.0
840,52.0,8.0,60.0,10.0,13.0,14.0,15.0,14.0,16.0,8.0,63.0,8.0,9.0,64.0
841,53.0,9.0,59.0,10.0,14.0,14.0,15.0,13.0,17.0,8.0,63.0,8.0,8.0,65.0
842,52.0,9.0,59.0,9.0,14.0,13.0,14.0,15.0,17.0,8.0,60.0,8.0,8.0,61.0
843,52.0,9.0,59.0,9.0,15.0,13.0,13.0,15.0,17.0,8.0,59.0,8.0,9.0,59.0
844,53.0,8.0,60.0,8.0,18.0,13.0,12.0,18.0,16.0,8.0,58.0,8.0,9.0,58.0
845,53.0,8.0,61.0,8.0,18.0,13.0,12.0,18.0,14.0,8.0,58.0,9.0,9.0,56.0
846,53.0,8.0,63.0,9.0,17.0,13.0,12.0,17.0,16.0,8.0,54.0,9.0,9.0,59.0
847,51.0,8.0,63.0,9.0,16.0,13.0,12.0,16.0,16.0,8.0,53.0,9.0,9.0,59.0
848,49.0,8.0,63.0,9.0,15.0,13.0,12.0,15.0,15.0,8.0,55.0,9.0,9.0,53.0
849,48.0,8.0,61.0,9.0,15.0,13.0,12.0,14.0,14.0,8.0,55.0,9.0,9.0,51.0
850,48.0,9.0,58.0,9.0,13.0,13.0,13.0,15.0,14.0,8.0,53.0,8.0,9.0,50.0
851,47.0,8.0,56.0,9.0,30.0,13.0,13.0,14.0,14.0,8.0,53.0,8.0,10.0,48.0
852,48.0,8.0,53.0,9.0,25.0,13.0,13.0,24.0,13.0,8.0,53.0,8.0,11.0,47.0
853,49.0,8.0,52.0,9.0,21.0,13.0,13.0,22.0,13.0,8.0,52.0,8.0,11.0,47.0
854,49.0,8.0,52.0,10.0,20.0,13.0,13.0,22.0,13.0,8.0,50.0,8.0,11.0,45.0
855,50.0,8.0,52.0,11.0,19.0,12.0,12.0,19.0,13.0,8.0,50.0,8.0,10.0,43.0
856,50.0,8.0,51.0,10.0,12.0,13.0,12.0,13.0,13.0,8.0,49.0,8.0,9.0,41.0
857,50.0,8.0,51.0,9.0,12.0,13.0,13.0,12.0,13.0,8.0,49.0,8.0,9.0,40.0
858,49.0,8.0,50.0,9.0,12.0,13.0,12.0,12.0,12.0,8.0,49.0,8.0,8.0,39.0
859,50.0,8.0,50.0,10.0,12.0,14.0,11.0,12.0,12.0,8.0,48.0,8.0,8.0,38.0
860,49.0,8.0,49.0,10.0,12.0,14.0,11.0,12.0,12.0,8.0,48.0,8.0,8.0,39.0
861,49.0,8.0,50.0,9.0,11.0,13.0,12.0,11.0,12.0,8.0,48.0,8.0,9.0,39.0
862,47.0,8.0,52.0,8.0,11.0,13.0,12.0,11.0,12.0,8.0,47.0,8.0,9.0,39.0
863,46.0,8.0,53.0,8.0,11.0,12.0,12.0,11.0,12.0,8.0,47.0,8.0,9.0,39.0
864,45.0,8.0,54.0,9.0,11.0,12.0,11.0,12.0,12.0,8.0,47.0,8.0,9.0,39.0
865,46.0,8.0,52.0,9.0,12.0,12.0,11.0,12.0,12.0,8.0,46.0,8.0,10.0,40.0
866,45.0,8.0,53.0,10.0,11.0,12.0,12.0,11.0,12.0,8.0,47.0,8.0,10.0,38.0
867,45.0,8.0,53.0,10.0,11.0,12.0,12.0,11.0,12.0,8.0,47.0,8.0,10.0,39.0
868,45.0,8.0,55.0,10.0,13.0,12.0,12.0,12.0,13.0,8.0,47.0,9.0,9.0,40.0
869,44.0,9.0,53.0,9.0,13.0,12.0,12.0,12.0,13.0,8.0,47.0,9.0,9.0,39.0
870,44.0,8.0,55.0,9.0,12.0,12.0,11.0,13.0,14.0,8.0,46.0,8.0,9.0,38.0
871,47.0,8.0,55.0,9.0,12.0,11.0,11.0,13.0,15.0,8.0,46.0,8.0,9.0,38.0
872,47.0,8.0,54.0,9.0,12.0,12.0,11.0,13.0,13.0,8.0,46.0,8.0,9.0,38.0
873,48.0,8.0,53.0,9.0,11.0,12.0,11.0,11.0,13.0,8.0,46.0,8.0,9.0,38.0
874,47.0,9.0,51.0,9.0,11.0,12.0,11.0,11.0,13.0,8.0,46.0,8.0,9.0,38.0
875,47.0,9.0,50.0,9.0,11.0,12.0,11.0,11.0,13.0,8.0,46.0,8.0,9.0,38.0
876,43.0,9.0,52.0,9.0,11.0,11.0,11.0,11.0,13.0,8.0,46.0,8.0,8.0,39.0
877,43.0,9.0,51.0,9.0,11.0,11.0,12.0,11.0,13.0,8.0,46.0,8.0,8.0,39.0
878,41.0,9.0,49.0,9.0,11.0,11.0,11.0,11.0,12.0,8.0,46.0,8.0,8.0,40.0
879,42.0,9.0,48.0,9.0,11.0,11.0,11.0,11.0,12.0,8.0,46.0,8.0,8.0,42.0
880,41.0,8.0,47.0,9.0,11.0,12.0,12.0,11.0,12.0,8.0,46.0,8.0,8.0,43.0
881,42.0,8.0,47.0,9.0,11.0,12.0,11.0,12.0,12.0,8.0,46.0,8.0,8.0,41.0
882,41.0,9.0,47.0,9.0,12.0,12.0,11.0,12.0,13.0,8.0,46.0,8.0,8.0,40.0
883,39.0,9.0,47.0,9.0,11.0,11.0,11.0,12.0,13.0,8.0,46.0,8.0,8.0,38.0
884,39.0,9.0,47.0,8.0,11.0,11.0,11.0,11.0,14.0,8.0,47.0,8.0,8.0,38.0
885,40.0,8.0,47.0,8.0,11.0,11.0,11.0,11.0,14.0,8.0,46.0,8.0,8.0,38.0
886,42.0,8.0,47.0,8.0,11.0,11.0,11.0,11.0,13.0,8.0,46.0,8.0,8.0,36.0
887,42.0,8.0,47.0,8.0,11.0,10.0,10.0,11.0,13.0,8.0,46.0,8.0,8.0,35.0
888,41.0,8.0,47.0,8.0,11.0,10.0,10.0,11.0,16.0,8.0,46.0,8.0,8.0,35.0
889,44.0,8.0,47.0,8.0,11.0,10.0,10.0,11.0,15.0,8.0,46.0,8.0,9.0,35.0
890,42.0,8.0,47.0,9.0,12.0,10.0,10.0,11.0,14.0,8.0,46.0,8.0,8.0,34.0
891,42.0,8.0,47.0,9.0,12.0,10.0,10.0,12.0,14.0,8.0,46.0,8.0,8.0,34.0
892,43.0,8.0,47.0,8.0,12.0,12.0,11.0,12.0,12.0,8.0,46.0,8.0,8.0,33.0
893,42.0,8.0,47.0,8.0,12.0,12.0,11.0,12.0,11.0,8.0,46.0,8.0,8.0,33.0
894,37.0,8.0,47.0,8.0,11.0,11.0,11.0,11.0,11.0,8.0,46.0,8.0,8.0,33.0
895,36.0,10.0,47.0,8.0,11.0,11.0,11.0,11.0,11.0,8.0,46.0,8.0,8.0,34.0
896,35.0,10.0,47.0,9.0,11.0,10.0,10.0,11.0,12.0,8.0,46.0,8.0,8.0,34.0
897,34.0,10.0,47.0,8.0,11.0,10.0,10.0,11.0,12.0,8.0,46.0,8.0,8.0,34.0
898,34.0,8.0,47.0,9.0,11.0,10.0,10.0,11.0,11.0,8.0,46.0,8.0,8.0,35.0
899,34.0,8.0,47.0,8.0,11.0,11.0,10.0,11.0,11.0,8.0,46.0,8.0,8.0,35.0
900,34.0,8.0,47.0,8.0,11.0,11.0,10.0,11.0,11.0,8.0,46.0,9.0,8.0,34.0
901,33.0,8.0,47.0,8.0,11.0,11.0,10.0,11.0,11.0,8.0,46.0,8.0,8.0,34.0
902,32.0,8.0,47.0,8.0,11.0,11.0,10.0,11.0,12.0,8.0,46.0,8.0,8.0,36.0
903,33.0,8.0,47.0,8.0,11.0,11.0,11.0,11.0,11.0,8.0,46.0,8.0,8.0,35.0
904,32.0,8.0,47.0,8.0,11.0,11.0,10.0,11.0,11.0,8.0,46.0,8.0,8.0,36.0
905,32.0,8.0,47.0,9.0,11.0,10.0,10.0,11.0,11.0,8.0,46.0,8.0,8.0,35.0
906,32.0,8.0,47.0,8.0,11.0,10.0,10.0,11.0,11.0,8.0,46.0,8.0,8.0,33.0
907,32.0,8.0,47.0,8.0,11.0,10.0,10.0,11.0,11.0,8.0,46.0,8.0,8.0,33.0
908,32.0,8.0,47.0,8.0,11.0,10.0,10.0,11.0,11.0,8.0,46.0,8.0,8.0,34.0
909,32.0,8.0,47.0,8.0,11.0,10.0,10.0,11.0,11.0,8.0,46.0,8.0,8.0,34.0
910,32.0,8.0,47.0,8.0,10.0,10.0,10.0,10.0,11.0,8.0,46.0,8.0,8.0,34.0
911,32.0,8.0,47.0,8.0,10.0,10.0,11.0,10.0,11.0,8.0,46.0,8.0,8.0,34.0
912,32.0,8.0,47.0,8.0,11.0,11.0,10.0,11.0,11.0,8.0,46.0,8.0,8.0,35.0
913,31.0,8.0,47.0,8.0,11.0,11.0,11.0,11.0,11.0,8.0,46.0,8.0,8.0,34.0
914,30.0,8.0,47.0,9.0,10.0,11.0,10.0,10.0,11.0,8.0,46.0,8.0,8.0,31.0
915,30.0,8.0,47.0,8.0,10.0,11.0,11.0,10.0,11.0,8.0,46.0,8.0,8.0,31.0
916,32.0,8.0,47.0,8.0,10.0,11.0,11.0,10.0,11.0,8.0,46.0,8.0,8.0,31.0
917,31.0,8.0,47.0,8.0,11.0,10.0,11.0,10.0,11.0,8.0,46.0,8.0,8.0,31.0
918,33.0,8.0,47.0,8.0,11.0,10.0,10.0,10.0,11.0,8.0,46.0,8.0,8.0,31.0
919,33.0,8.0,47.0,8.0,11.0,10.0,10.0,11.0,11.0,8.0,46.0,8.0,8.0,31.0
920,33.0,8.0,47.0,8.0,11.0,10.0,11.0,10.0,11.0,8.0,46.0,8.0,8.0,31.0
921,33.0,8.0,47.0,9.0,10.0,10.0,11.0,10.0,11.0,8.0,46.0,8.0,8.0,31.0
922,32.0,8.0,47.0,8.0,10.0,11.0,11.0,10.0,11.0,8.0,46.0,8.0,8.0,31.0
923,32.0,8.0,47.0,8.0,10.0,11.0,10.0,10.0,11.0,8.0,46.0,8.0,8.0,31.0
924,32.0,8.0,47.0,8.0,10.0,10.0,10.0,10.0,11.0,8.0,46.0,8.0,8.0,31.0
925,32.0,8.0,47.0,8.0,10.0,10.0,10.0,10.0,11.0,8.0,46.0,8.0,8.0,31.0
926,31.0,8.0,47.0,8.0,10.0,10.0,10.0,10.0,11.0,8.0,46.0,8.0,9.0,31.0
927,31.0,8.0,47.0,8.0,10.0,10.0,10.0,10.0,11.0,8.0,46.0,8.0,9.0,31.0
928,30.0,8.0,47.0,8.0,10.0,11.0,10.0,10.0,11.0,8.0,46.0,8.0,8.0,31.0
929,30.0,8.0,47.0,8.0,10.0,10.0,10.0,10.0,11.0,8.0,46.0,8.0,8.0,31.0
930,31.0,8.0,47.0,8.0,11.0,10.0,10.0,10.0,11.0,8.0,46.0,8.0,8.0,31.0
931,32.0,8.0,47.0,9.0,11.0,10.0,10.0,10.0,11.0,8.0,46.0,8.0,8.0,31.0
932,31.0,8.0,47.0,8.0,11.0,10.0,10.0,10.0,11.0,8.0,46.0,8.0,8.0,31.0
933,32.0,8.0,47.0,8.0,11.0,10.0,10.0,11.0,11.0,8.0,46.0,8.0,8.0,31.0
934,32.0,8.0,47.0,8.0,11.0,10.0,11.0,10.0,11.0,8.0,46.0,8.0,8.0,31.0
935,31.0,8.0,47.0,8.0,10.0,10.0,10.0,10.0,11.0,8.0,46.0,8.0,8.0,31.0
936,31.0,8.0,47.0,8.0,11.0,11.0,10.0,10.0,11.0,8.0,46.0,8.0,9.0,31.0
937,31.0,8.0,47.0,8.0,11.0,11.0,10.0,10.0,11.0,8.0,46.0,9.0,9.0,31.0
938,31.0,8.0,47.0,9.0,11.0,11.0,11.0,10.0,11.0,8.0,46.0,8.0,9.0,31.0
939,30.0,8.0,47.0,8.0,11.0,11.0,11.0,11.0,11.0,8.0,46.0,8.0,8.0,31.0
940,30.0,8.0,47.0,8.0,11.0,11.0,11.0,11.0,11.0,8.0,46.0,8.0,8.0,31.0
941,31.0,8.0,47.0,8.0,11.0,11.0,11.0,11.0,11.0,8.0,46.0,8.0,8.0,31.0
942,32.0,8.0,47.0,8.0,11.0,11.0,11.0,10.0,11.0,8.0,46.0,8.0,8.0,31.0
943,33.0,8.0,47.0,8.0,11.0,11.0,11.0,10.0,11.0,8.0,46.0,8.0,8.0,31.0
944,33.0,8.0,47.0,8.0,10.0,11.0,11.0,10.0,11.0,8.0,46.0,8.0,8.0,31.0
945,34.0,8.0,47.0,8.0,11.0,11.0,11.0,11.0,11.0,8.0,46.0,8.0,8.0,31.0
946,34.0,8.0,47.0,8.0,11.0,11.0,11.0,11.0,11.0,8.0,46.0,8.0,8.0,31.0
947,34.0,8.0,47.0,8.0,11.0,11.0,11.0,11.0,11.0,8.0,46.0,8.0,8.0,31.0
948,34.0,8.0,47.0,9.0,11.0,11.0,10.0,11.0,11.0,8.0,47.0,8.0,8.0,32.0
949,34.0,8.0,47.0,9.0,11.0,11.0,10.0,11.0,11.0,8.0,47.0,8.0,8.0,32.0
950,34.0,8.0,47.0,8.0,11.0,11.0,10.0,11.0,12.0,8.0,47.0,8.0,8.0,32.0
951,34.0,8.0,47.0,8.0,11.0,11.0,11.0,11.0,12.0,8.0,48.0,8.0,8.0,32.0
952,33.0,8.0,47.0,8.0,12.0,11.0,11.0,12.0,11.0,8.0,48.0,8.0,8.0,32.0
953,33.0,8.0,47.0,8.0,11.0,11.0,11.0,12.0,11.0,8.0,48.0,8.0,8.0,32.0
954,33.0,8.0,47.0,8.0,11.0,12.0,11.0,12.0,11.0,8.0,48.0,8.0,8.0,32.0
955,34.0,8.0,47.0,8.0,11.0,11.0,11.0,11.0,11.0,8.0,48.0,8.0,8.0,32.0
956,33.0,8.0,47.0,8.0,11.0,11.0,11.0,11.0,11.0,8.0,47.0,8.0,9.0,33.0
957,33.0,8.0,47.0,8.0,12.0,11.0,11.0,11.0,11.0,8.0,47.0,8.0,9.0,32.0
958,33.0,8.0,47.0,8.0,12.0,11.0,11.0,11.0,11.0,8.0,47.0,8.0,8.0,32.0
959,33.0,8.0,47.0,8.0,11.0,11.0,11.0,11.0,11.0,8.0,48.0,8.0,8.0,32.0
960,33.0,8.0,47.0,8.0,11.0,11.0,11.0,11.0,12.0,8.0,48.0,8.0,9.0,31.0
961,33.0,8.0,47.0,8.0,11.0,11.0,10.0,11.0,11.0,8.0,48.0,8.0,9.0,31.0
962,32.0,8.0,47.0,8.0,11.0,10.0,10.0,11.0,12.0,8.0,48.0,8.0,9.0,31.0
963,31.0,8.0,47.0,8.0,11.0,11.0,10.0,11.0,11.0,8.0,48.0,8.0,9.0,31.0
964,31.0,8.0,47.0,8.0,11.0,10.0,10.0,11.0,11.0,8.0,47.0,8.0,9.0,31.0
965,31.0,8.0,47.0,8.0,11.0,11.0,10.0,11.0,11.0,8.0,47.0,8.0,9.0,31.0
966,31.0,8.0,47.0,8.0,11.0,11.0,10.0,11.0,11.0,8.0,47.0,8.0,9.0,31.0
967,31.0,8.0,47.0,8.0,11.0,11.0,10.0,11.0,11.0,8.0,46.0,8.0,9.0,31.0
968,31.0,8.0,47.0,8.0,11.0,10.0,10.0,11.0,12.0,8.0,47.0,8.0,8.0,31.0
969,31.0,8.0,47.0,8.0,11.0,11.0,11.0,11.0,12.0,8.0,47.0,8.0,8.0,31.0
970,31.0,8.0,47.0,8.0,11.0,11.0,11.0,11.0,11.0,8.0,46.0,8.0,8.0,31.0
971,31.0,8.0,47.0,8.0,11.0,11.0,11.0,11.0,11.0,8.0,46.0,8.0,8.0,31.0
972,30.0,8.0,47.0,8.0,11.0,11.0,10.0,11.0,11.0,8.0,46.0,9.0,8.0,31.0
973,30.0,8.0,48.0,7.0,11.0,11.0,10.0,11.0,11.0,8.0,46.0,9.0,9.0,31.0
974,30.0,8.0,47.0,8.0,10.0,10.0,10.0,10.0,11.0,8.0,46.0,9.0,8.0,31.0
975,31.0,8.0,47.0,8.0,10.0,10.0,10.0,10.0,11.0,8.0,46.0,9.0,8.0,31.0
976,31.0,8.0,47.0,8.0,10.0,10.0,10.0,10.0,11.0,8.0,46.0,8.0,8.0,31.0
977,30.0,8.0,47.0,8.0,10.0,11.0,10.0,10.0,11.0,8.0,46.0,8.0,8.0,31.0
978,31.0,8.0,47.0,8.0,11.0,10.0,11.0,11.0,11.0,8.0,46.0,8.0,8.0,31.0
979,31.0,8.0,47.0,8.0,11.0,11.0,11.0,11.0,11.0,8.0,46.0,8.0,8.0,31.0
980,30.0,8.0,47.0,8.0,11.0,11.0,11.0,11.0,11.0,8.0,46.0,8.0,8.0,31.0
981,31.0,8.0,47.0,8.0,11.0,11.0,11.0,11.0,11.0,8.0,46.0,8.0,8.0,31.0
982,31.0,8.0,47.0,8.0,11.0,11.0,10.0,11.0,11.0,8.0,46.0,8.0,8.0,31.0
983,31.0,8.0,47.0,7.0,11.0,11.0,10.0,11.0,11.0,8.0,46.0,8.0,8.0,31.0
984,30.0,8.0,47.0,8.0,11.0,11.0,11.0,11.0,11.0,8.0,46.0,8.0,8.0,31.0
985,30.0,8.0,47.0,8.0,11.0,11.0,11.0,11.0,11.0,8.0,46.0,8.0,8.0,31.0
986,30.0,8.0,47.0,8.0,11.0,11.0,11.0,10.0,11.0,8.0,46.0,8.0,8.0,31.0
987,30.0,8.0,47.0,8.0,11.0,11.0,11.0,10.0,11.0,8.0,46.0,8.0,8.0,31.0
988,30.0,8.0,47.0,8.0,11.0,11.0,10.0,10.0,11.0,8.0,46.0,8.0,8.0,31.0
989,30.0,8.0,47.0,8.0,10.0,11.0,10.0,10.0,11.0,8.0,46.0,8.0,8.0,32.0
990,30.0,8.0,47.0,8.0,11.0,10.0,10.0,10.0,11.0,8.0,46.0,8.0,8.0,31.0
991,30.0,8.0,47.0,8.0,11.0,10.0,10.0,10.0,11.0,8.0,46.0,8.0,8.0,32.0
992,30.0,8.0,47.0,8.0,11.0,10.0,10.0,10.0,11.0,8.0,46.0,8.0,8.0,32.0
993,30.0,8.0,47.0,8.0,10.0,10.0,10.0,10.0,11.0,8.0,46.0,8.0,8.0,32.0
994,30.0,8.0,47.0,8.0,11.0,10.0,10.0,10.0,11.0,8.0,47.0,8.0,9.0,31.0
995,30.0,8.0,47.0,8.0,11.0,10.0,10.0,11.0,11.0,8.0,47.0,8.0,9.0,31.0
996,30.0,8.0,47.0,8.0,11.0,10.0,10.0,11.0,11.0,8.0,47.0,9.0,9.0,31.0
997,30.0,8.0,47.0,8.0,11.0,10.0,10.0,11.0,11.0,8.0,47.0,8.0,8.0,31.0
998,30.0,8.0,47.0,8.0,10.0,10.0,10.0,11.0,11.0,8.0,46.0,8.0,8.0,31.0
999,30.0,8.0,47.0,8.0,10.0,10.0,10.0,10.0,11.0,8.0,46.0,8.0,8.0,31.0
