,pandemic_infected,pandemic_recovered,pandemic_susceptible
0,0.05240375,0.17394625,0.68560875
1,0.0498425,0.18357,0.6780475
2,0.04719125,0.19301500000000002,0.6708875
3,0.04474625,0.2023625,0.6642024999999999
4,0.04232875,0.21168375,0.65792
5,0.03973625,0.22044125,0.65240375
6,0.03732875,0.2289,0.64732875
7,0.03475,0.23716875,0.64267125
8,0.03250375,0.24508249999999998,0.638265
9,0.0302775,0.2529375,0.6341725
10,0.02805875,0.260445,0.63068875
11,0.02602125,0.26753000000000005,0.6273774999999999
12,0.0241475,0.27443625,0.62431375
13,0.022465,0.28101875,0.62143125
14,0.020685,0.28735125,0.618905
15,0.01915625,0.293495,0.61641125
16,0.017685,0.29928125,0.61421875
17,0.016275,0.304875,0.61229
18,0.01516375,0.31017125,0.61034125
19,0.01400625,0.31523125,0.6085925
20,0.01282875,0.3200825,0.6070325
21,0.01177625,0.32474125,0.605615
22,0.0108675,0.3290125,0.60427125
23,0.00993875,0.3331525,0.60309625
24,0.0092025,0.33698625,0.6019899999999999
25,0.008459999999999999,0.34072875,0.60095625
26,0.00782375,0.34427125,0.60002375
27,0.0072075,0.34766125,0.59919625
28,0.006675,0.35091999999999995,0.5984075
29,0.0061200000000000004,0.353905,0.59764375
30,0.00558625,0.35678625,0.596985
31,0.00517125,0.3595325,0.59635625
32,0.004755,0.3620525,0.595785
33,0.00430375,0.36455,0.595275
34,0.0039875,0.36689375,0.594795
35,0.0036950000000000004,0.36904625,0.5943350000000001
36,0.0034049999999999996,0.37105875,0.59392875
37,0.0031550000000000003,0.37301125,0.59355
38,0.002905,0.374815,0.59321125
39,0.00264375,0.376625,0.5929075
40,0.00244125,0.378275,0.5926100000000001
41,0.00221,0.3798225,0.59233875
42,0.00205375,0.38129375,0.59209625
43,0.0019149999999999998,0.38265625,0.5918800000000001
44,0.0018,0.38392875,0.5916575
45,0.0016600000000000002,0.3852075,0.5914475
46,0.00152875,0.38641,0.5912775
47,0.00139875,0.3875,0.5911125
48,0.001285,0.38846875,0.59096875
49,0.0012125,0.38937875,0.5908074999999999
50,0.001105,0.39026750000000004,0.5906875
51,0.00103625,0.39109,0.5905675
52,0.000935,0.39188875,0.59046
53,0.00080625,0.3927125,0.59036625
54,0.000755,0.39341,0.59028625
55,0.00066625,0.39407,0.59022
56,0.00062375,0.3946975,0.59013625
57,0.00056125,0.3953075,0.59006125
58,0.00050375,0.39583375,0.58999875
59,0.000455,0.3963575,0.5899525
60,0.00041125,0.396835,0.589915
61,0.0003675,0.39734,0.5898774999999999
62,0.00033999999999999997,0.3977775,0.58983375
63,0.000295,0.39818125,0.5898
64,0.0002625,0.39858625,0.5897675
65,0.00023999999999999998,0.39893375,0.58975
66,0.000225,0.39923625,0.58971875
67,0.00020625,0.399525,0.5896975
68,0.00019375,0.39980125,0.58967375
69,0.00018625,0.40009875,0.5896524999999999
70,0.00016999999999999999,0.4003375,0.58963625
71,0.00014875,0.40057875,0.58962125
72,0.000135,0.40081375,0.5896024999999999
73,0.00013000000000000002,0.40103625,0.58957875
74,0.00011375,0.40121125,0.58957125
75,0.0001075,0.40139250000000004,0.58955625
76,9.75e-05,0.40152375,0.58954375
77,8.375e-05,0.40168375,0.589535
78,8e-05,0.40185,0.589525
79,7.625e-05,0.40202,0.589515
80,6.25e-05,0.40213499999999996,0.58951125
81,5.5e-05,0.40225375,0.58950625
82,5.125e-05,0.4023625,0.58950375
83,4.2499999999999996e-05,0.40248249999999997,0.58950125
84,3.625e-05,0.40258875,0.58949375
85,3.875e-05,0.40268000000000004,0.5894875
86,3.125e-05,0.40276,0.58948625
87,3.125e-05,0.4028225,0.58948375
88,2.9999999999999997e-05,0.40288,0.58947875
89,2.9999999999999997e-05,0.40295125,0.5894775
90,2.875e-05,0.4030225,0.589475
91,2.25e-05,0.40309375,0.589475
92,1.875e-05,0.403145,0.589475
93,1.625e-05,0.40318625,0.58947375
94,1.25e-05,0.4032475,0.58947125
95,1.4999999999999999e-05,0.40329875,0.58946875
96,1.25e-05,0.40335,0.5894675
97,1.4999999999999999e-05,0.40339375,0.589465
98,1.375e-05,0.40343375,0.5894625
99,1.375e-05,0.40346625,0.5894625
100,7.499999999999999e-06,0.40349,0.5894625
101,1e-05,0.4035275,0.58946
102,6.25e-06,0.40354875,0.58946
103,5e-06,0.40357625,0.58946
104,6.25e-06,0.40359875,0.58945875
105,6.25e-06,0.40362875,0.58945875
106,3.75e-06,0.40365375,0.58945875
107,3.75e-06,0.40367125,0.58945875
108,5e-06,0.40369875,0.5894575
109,6.25e-06,0.40371875,0.58945625
110,6.25e-06,0.40373375,0.58945625
111,3.75e-06,0.40375375,0.58945625
112,2.5e-06,0.4037725,0.58945625
113,2.5e-06,0.40378375,0.58945625
114,1.25e-06,0.4037975,0.58945625
115,1.25e-06,0.403805,0.58945625
116,1.25e-06,0.40381625,0.58945625
117,1.25e-06,0.40383125,0.58945625
118,1.25e-06,0.4038375,0.58945625
119,1.25e-06,0.4038425,0.58945625
120,1.25e-06,0.40384875,0.58945625
121,1.25e-06,0.40386125,0.58945625
122,1.25e-06,0.40387125,0.58945625
123,1.25e-06,0.40388,0.58945625
124,1.25e-06,0.40389250000000004,0.58945625
125,1.25e-06,0.403895,0.58945625
126,1.25e-06,0.40390125,0.58945625
127,1.25e-06,0.4039075,0.58945625
128,0.00062,1.25e-06,0.9993725
129,0.0006575,4.2499999999999996e-05,0.99921625
130,0.00078875,0.00010625,0.99893125
131,0.00107875,0.000185,0.99847375
132,0.00161125,0.00029875,0.9976825
133,0.0026325,0.0005125,0.9961899999999999
134,0.00462375,0.0008375,0.993455
135,0.00813125,0.0014125,0.98866625
136,0.01380125,0.002395,0.98080875
137,0.0213175,0.00396875,0.9697049999999999
138,0.03002875,0.00631875,0.95562625
139,0.03812125,0.0095725,0.940585
140,0.045395,0.01358625,0.9248875
141,0.05139875,0.018359999999999998,0.9091674999999999
142,0.056205,0.02397625,0.89355625
143,0.06048875,0.03018625,0.8776
144,0.06415125,0.0370625,0.861525
145,0.06762625,0.04456125,0.84488875
146,0.07034,0.052675,0.8283475
147,0.07222875,0.06139375,0.8122024999999999
148,0.0739325,0.07046375,0.79605875
149,0.07481875,0.07994375,0.780475
150,0.07482375,0.0899875,0.7655850000000001
151,0.0740125,0.10023,0.7516149999999999
152,0.0723975,0.1105825,0.73846625
153,0.07065125,0.12116125,0.7260725
154,0.0682875,0.13167125,0.71445875
155,0.0655125,0.14223125,0.70381875
156,0.06269875,0.15280375,0.6939425
157,0.05973625,0.16308625,0.68484375
158,0.05660375,0.17345750000000001,0.67657875
159,0.05363875,0.18348875,0.668665
160,0.05061875,0.193625,0.66132875
161,0.04761125,0.20334125,0.6547475
162,0.04467625,0.21286750000000002,0.64853625
163,0.041897500000000004,0.22196,0.6427324999999999
164,0.03901375,0.23112125,0.63749
165,0.036375,0.24003249999999998,0.6324725
166,0.03394625,0.24865625,0.62792625
167,0.0316625,0.25697375,0.62368375
168,0.0294825,0.26491,0.61968375
169,0.02751875,0.272515,0.61596375
170,0.02561,0.28001,0.61257125
171,0.02378375,0.28712375,0.60941
172,0.02205875,0.29395125,0.60650625
173,0.02032125,0.30049000000000003,0.60393
174,0.01901125,0.30654375,0.60145625
175,0.01774375,0.31247625,0.59906
176,0.01646875,0.31807125,0.59697
177,0.015365,0.32342625,0.5949125
178,0.01422375,0.32864499999999996,0.59307125
179,0.0132225,0.333635,0.59136625
180,0.01227125,0.338355,0.58973125
181,0.01146625,0.34282125,0.5881625
182,0.010725,0.34708875,0.586795
183,0.0099775,0.3512125,0.58547375
184,0.00937125,0.35506375,0.58417
185,0.00874125,0.35877375,0.58296625
186,0.00818625,0.3622725,0.58186625
187,0.00753625,0.365675,0.58090625
188,0.00706125,0.36898125,0.57997625
189,0.006509999999999999,0.37197625,0.57914125
190,0.0060799999999999995,0.3748975,0.57834875
191,0.00564,0.37757625,0.57764125
192,0.00536,0.3802725,0.57690125
193,0.00500625,0.38270875,0.5762425
194,0.00467125,0.3851075,0.5756074999999999
195,0.00434,0.387355,0.5750225
196,0.00406125,0.38940625,0.57451375
197,0.003825,0.3914875,0.5740149999999999
198,0.0035275,0.3933975,0.57354875
199,0.003325,0.39515,0.57308375
200,0.00308375,0.39686750000000004,0.57270625
201,0.00285,0.39844625,0.57233125
202,0.00266,0.39995749999999997,0.57198125
203,0.00248,0.40134000000000003,0.571685
204,0.002285,0.40271375,0.571385
205,0.00213375,0.40407,0.57112875
206,0.0019,0.40524,0.57091875
207,0.0017850000000000001,0.40641125,0.5706825
208,0.00165375,0.40749875,0.57045125
209,0.00154875,0.40856,0.57024125
210,0.00142875,0.409525,0.570055
211,0.00133375,0.4104475,0.56987125
212,0.001235,0.41139625,0.5697125
213,0.00115,0.41219625,0.56957375
214,0.0010825,0.4129625,0.56943875
215,0.0009875,0.41371125,0.56932125
216,0.00086,0.41438,0.56923875
217,0.0007974999999999999,0.415005,0.56913375
218,0.00074125,0.41563249999999996,0.5690324999999999
219,0.00068125,0.4162275,0.56894625
220,0.00065375,0.416775,0.5688575
221,0.0006125,0.417285,0.56878125
222,0.0005825,0.41774875,0.56871875
223,0.00052875,0.41818,0.568655
224,0.00046875,0.418595,0.56860875
225,0.00042249999999999997,0.41901499999999997,0.56856375
226,0.0003925,0.41937250000000004,0.5685125
227,0.00037999999999999997,0.4197125,0.56846125
228,0.0003575,0.42001125,0.568415
229,0.0003575,0.4203,0.56835625
230,0.00033999999999999997,0.42060125,0.568315
231,0.00032250000000000003,0.42088000000000003,0.56827875
232,0.0002875,0.42109625,0.5682575
233,0.0002475,0.42133999999999994,0.56823125
234,0.00023625,0.42157,0.56820625
235,0.00021375,0.42176875,0.56818
236,0.0001975,0.42198125,0.56815125
237,0.000185,0.42218125,0.5681350000000001
238,0.00018125,0.4223875,0.56811
239,0.00017250000000000002,0.4225575,0.56808625
240,0.00015625,0.42271000000000003,0.5680625
241,0.000135,0.42284875,0.56804875
242,0.00011875,0.42297749999999995,0.56803625
243,0.0001,0.42309875,0.56802875
244,9.25e-05,0.42321625,0.5680175000000001
245,9.125e-05,0.42332250000000005,0.56800875
246,8.625e-05,0.42343625,0.5679975
247,7.625e-05,0.42353,0.5679875
248,7.125e-05,0.42362375,0.56798
249,6.500000000000001e-05,0.42372250000000006,0.5679725
250,5.5e-05,0.42380125,0.5679649999999999
251,4.625e-05,0.42388375,0.56796375
252,4.5e-05,0.42395375,0.56796
253,4.2499999999999996e-05,0.4240175,0.5679575
254,3.375e-05,0.4240825,0.5679575
255,3.5e-05,0.42414625,0.5679525
256,3.5e-05,0.424205,0.56794625
257,3.125e-05,0.42425125,0.5679425
258,3.125e-05,0.42430500000000004,0.5679375
259,2.625e-05,0.42434875,0.5679350000000001
260,2.375e-05,0.4243875,0.5679325
261,1.75e-05,0.42444,0.56793125
262,1.625e-05,0.42448375,0.56792875
263,1.625e-05,0.42452875,0.5679274999999999
264,1.75e-05,0.42456125,0.56792375
265,2e-05,0.4245825,0.56792
266,1.375e-05,0.42461875,0.56792
267,7.499999999999999e-06,0.42464250000000003,0.56792
268,7.499999999999999e-06,0.42467,0.5679175
269,7.499999999999999e-06,0.42469250000000003,0.56791625
270,6.25e-06,0.42471000000000003,0.56791625
271,3.75e-06,0.4247275,0.56791625
272,3.75e-06,0.42475125,0.567915
273,5e-06,0.42476499999999995,0.56791375
274,3.75e-06,0.42478,0.56791375
275,5e-06,0.42479750000000005,0.56791125
276,5e-06,0.42481,0.56791125
277,2.5e-06,0.42483000000000004,0.56791125
278,3.75e-06,0.4248375,0.56790875
279,3.75e-06,0.42484750000000004,0.56790875
280,3.75e-06,0.42486,0.56790875
281,2.5e-06,0.4248675,0.56790875
282,2.5e-06,0.42487625,0.56790875
283,2.5e-06,0.42488375,0.56790875
284,2.5e-06,0.42489125,0.56790875
285,2.5e-06,0.42490249999999996,0.56790875
286,1.25e-06,0.4249125,0.56790875
287,1.25e-06,0.4249175,0.56790875
288,0.00062,3.75e-06,0.99937375
289,0.00071375,5.5e-05,0.99914625
290,0.00095625,0.0001225,0.99872625
291,0.00154125,0.0002525,0.9978725
292,0.0027975,0.0004375,0.99615875
293,0.00604125,0.0008175000000000001,0.99199875
294,0.012692499999999999,0.00159625,0.98350375
295,0.02404375,0.00318125,0.9683950000000001
296,0.0383125,0.00586625,0.9478475000000001
297,0.05136,0.00994875,0.9256075
298,0.0604825,0.01516,0.9051925
299,0.06575125,0.02129125,0.8875225
300,0.06748875,0.02798875,0.872505
301,0.06638875,0.03524375,0.86001125
302,0.064235,0.042667500000000004,0.8492625
303,0.061364999999999996,0.050225,0.83978625
304,0.05790625,0.05799875,0.83128125
305,0.05433875,0.06573375,0.823675
306,0.051019999999999996,0.07355375,0.81663125
307,0.047845,0.08111875,0.8098625
308,0.04494,0.0885775,0.80348875
309,0.042527499999999996,0.0961525,0.797245
310,0.040452499999999995,0.10352875,0.79112625
311,0.0390625,0.110825,0.7846774999999999
312,0.037925,0.11796875,0.77804
313,0.0373325,0.12509625,0.77114125
314,0.036972500000000005,0.13228499999999999,0.76400125
315,0.03685875,0.13948125,0.7567649999999999
316,0.03677375,0.14662999999999998,0.74942875
317,0.03674625,0.15399000000000002,0.742045
318,0.036735000000000004,0.16125875,0.73462875
319,0.036855,0.16832625,0.72729625
320,0.036985000000000004,0.1756375,0.7199625
321,0.03688875,0.182615,0.71276375
322,0.03641125,0.18961,0.7059875
323,0.035925,0.1966425,0.69927875
324,0.03544375,0.2037825,0.69271875
325,0.0346625,0.2108675,0.68655125
326,0.03401125,0.21793,0.68039875
327,0.0329425,0.22473375,0.67472875
328,0.03182375,0.23139749999999998,0.66929625
329,0.03082125,0.2380375,0.66398375
330,0.0299225,0.24446375,0.65895125
331,0.0288675,0.2507775,0.65420875
332,0.02763625,0.25702375,0.64982625
333,0.026535000000000003,0.26316999999999996,0.64548875
334,0.02544625,0.269125,0.6415175
335,0.0241725,0.27491875,0.63786375
336,0.023015,0.28070125,0.63440625
337,0.021845,0.28615875,0.6311
338,0.02089,0.2914575,0.62797375
339,0.019895,0.2966625,0.624965
340,0.0189125,0.30183375,0.62213375
341,0.01786125,0.30675749999999996,0.6195475
342,0.016915,0.3115575,0.61700375
343,0.01598,0.3160725,0.614685
344,0.0151075,0.32029125,0.6125149999999999
345,0.014230000000000001,0.32458875,0.61048125
346,0.0133875,0.32868125,0.60859
347,0.0124425,0.33251625,0.606925
348,0.01179875,0.33626,0.60524
349,0.011005,0.33991375,0.6037225
350,0.010347499999999999,0.34343625,0.60229
351,0.00967,0.34676999999999997,0.6009275
352,0.0090275,0.34995375,0.59970375
353,0.008445000000000001,0.3529575,0.598635
354,0.0073375,0.358645,0.59659875
355,0.00687375,0.36128375,0.59561625
356,0.00637875,0.3638425,0.59479875
357,0.00604375,0.36627750000000003,0.59395125
358,0.0056475,0.36855,0.59319375
359,0.005265,0.37074125,0.5924625
360,0.00487125,0.37286125,0.59184875
361,0.0046125,0.37477875,0.591225
362,0.00432625,0.37672375,0.59059125
363,0.0040425,0.378515,0.5900425
364,0.00375375,0.3801325,0.5895625
365,0.00350625,0.38171625,0.58911875
366,0.003225,0.38323,0.58872125
367,0.00300875,0.38469749999999997,0.5882925
368,0.00274875,0.38611875,0.58795375
369,0.0025875,0.38749625,0.58761625
370,0.00239375,0.3887975,0.5872925
371,0.0022475,0.39002625,0.5869825
372,0.0021175,0.391205,0.5866675
373,0.00197,0.39225875,0.58641
374,0.00180125,0.39327,0.58620125
375,0.0016725000000000002,0.39424875,0.5859825
376,0.001535,0.39521125,0.5858125
377,0.00144625,0.39608625,0.58562125
378,0.0013375,0.39687,0.5854375
379,0.00122875,0.397625,0.58527375
380,0.00112125,0.398285,0.5851324999999999
381,0.001035,0.39892875,0.58499875
382,0.00099,0.39956375,0.58486375
383,0.0009375,0.40016,0.58472625
384,0.00089375,0.40074875,0.58458875
385,0.00083375,0.40129875,0.5844975
386,0.00076875,0.40182375,0.58440375
387,0.00071875,0.40231,0.58429125
388,0.00067625,0.40279,0.58418875
389,0.00061125,0.40319625,0.58412
390,0.0005650000000000001,0.403595,0.58404
391,0.00053125,0.40398375,0.58397
392,0.00049125,0.40433,0.58390625
393,0.00045999999999999996,0.40465875,0.583845
394,0.00042125,0.40497625,0.58377375
395,0.00040375,0.40529,0.5837100000000001
396,0.00037875,0.40557,0.58365625
397,0.00033,0.40584875,0.58362
398,0.00031375,0.40610999999999997,0.58358
399,0.00030625,0.40636500000000003,0.58353375
400,0.00028875,0.40660250000000003,0.583495
401,0.00027125,0.4068225,0.58346375
402,0.0002525,0.407035,0.58342625
403,0.000245,0.40723375,0.583395
404,0.00022875,0.40742,0.58336625
405,0.000225,0.4076,0.58333125
406,0.00021125,0.4077625,0.5833
407,0.00020125,0.40791625,0.58327125
408,0.000195,0.40804625,0.58324125
409,0.00018,0.4082,0.58322125
410,0.00017125,0.40831625,0.5831975
411,0.00015625,0.40843625,0.58318
412,0.0001375,0.40854375,0.5831675000000001
413,0.00013625,0.40864625,0.58314625
414,0.00012625,0.40874499999999997,0.58313375
415,0.00012625,0.40885875,0.5831175000000001
416,0.00011999999999999999,0.40894875,0.5831
417,0.0001025,0.40903625,0.583095
418,9.25e-05,0.40912375,0.58308125
419,9.375e-05,0.40917625,0.5830625
420,8.875e-05,0.40924625,0.58305125
421,8.75e-05,0.40929875,0.5830350000000001
422,7.875e-05,0.4093675,0.583025
423,8.25e-05,0.40943125,0.58300875
424,7.375e-05,0.4095,0.583
425,6.75e-05,0.40954375,0.58299125
426,6.375e-05,0.40961625,0.58298125
427,6.125e-05,0.4096825,0.5829725
428,5.25e-05,0.409735,0.582965
429,4.625e-05,0.409775,0.58295625
430,4.875e-05,0.40982375,0.58294625
431,5e-05,0.4098675,0.5829325
432,3.75e-05,0.40990875,0.58292875
433,3.375e-05,0.4099375,0.582925
434,3.125e-05,0.40996499999999997,0.5829225
435,2.9999999999999997e-05,0.40998999999999997,0.58291625
436,2.5e-05,0.41002,0.58291125
437,2.625e-05,0.41004375,0.58290625
438,2.875e-05,0.41006000000000004,0.58289875
439,2.25e-05,0.4100875,0.5828975000000001
440,1.75e-05,0.41010875,0.5828949999999999
441,8.75e-06,0.41014125,0.5828925
442,6.25e-06,0.41016125,0.58289125
443,6.25e-06,0.410175,0.5828899999999999
444,8.75e-06,0.4101875,0.58288625
445,6.25e-06,0.41019875,0.58288625
446,5e-06,0.41021499999999994,0.58288625
447,5e-06,0.41022375,0.58288625
448,1.25e-06,0.41023375,0.58288625
449,1.25e-06,0.41024750000000004,0.58288625
450,1.25e-06,0.4102575,0.58288625
451,1.25e-06,0.41027125,0.58288625
452,1.25e-06,0.41027875,0.58288625
453,1.25e-06,0.41029,0.58288625
454,1.25e-06,0.41029875,0.58288625
455,1.25e-06,0.41030875,0.58288625
456,1.25e-06,0.41032125,0.58288625
457,1.25e-06,0.41033000000000003,0.58288625
458,1.25e-06,0.4103375,0.58288625
459,1.25e-06,0.41034375,0.58288625
460,1.25e-06,0.41035249999999995,0.58288625
461,1.25e-06,0.41035375,0.58288625
462,1.25e-06,0.410355,0.58288625
463,1.25e-06,0.41036000000000006,0.58288625
464,1.25e-06,0.410365,0.58288625
465,0.00062875,3.75e-06,0.99936375
466,0.0007725,5.9999999999999995e-05,0.9990825000000001
467,0.00114,0.0001425,0.99852125
468,0.00187125,0.0002675,0.9974875
469,0.00353125,0.00047625,0.995315
470,0.00762375,0.00096125,0.99008
471,0.01621375,0.00196375,0.9790675
472,0.03108625,0.0039975,0.95932625
473,0.05248125,0.00758875,0.9294525
474,0.076475,0.0132925,0.89228625
475,0.0987425,0.021235,0.8523175
476,0.11605,0.03134625,0.8130725000000001
477,0.12796,0.04344125,0.77656875
478,0.1347375,0.05696625,0.74357375
479,0.137545,0.07153,0.7138774999999999
480,0.13679875,0.08697625,0.6872275
481,0.13387375,0.10311,0.66295625
482,0.128935,0.11964625,0.64145875
483,0.12343,0.136415,0.6218825
484,0.11705625,0.15331375,0.60429
485,0.10982125,0.17005,0.58870125
486,0.1031325,0.18672,0.5744199999999999
487,0.0958325,0.20318250000000002,0.56166
488,0.08884375,0.2191875,0.55030625
489,0.08200125,0.235035,0.54010375
490,0.07562875,0.25033,0.53088125
491,0.06960625,0.26517125,0.52277875
492,0.06350375,0.2793375,0.515515
493,0.05792875,0.29325999999999997,0.50912
494,0.0527025,0.30649,0.50318625
495,0.04785625,0.31914375,0.4980575
496,0.04348125,0.33142125,0.49334375
497,0.03953,0.34285,0.48915375
498,0.0356825,0.35404625,0.48549499999999995
499,0.032285,0.36463375,0.48223625
500,0.02924125,0.37456500000000004,0.4792825
501,0.026247500000000003,0.38419125,0.47673375
502,0.023657499999999998,0.39327875,0.474375
503,0.021255,0.40175500000000003,0.4723425
504,0.01926125,0.40978125,0.47039125
505,0.017365000000000002,0.41741125,0.468765
506,0.01573625,0.4245825,0.46718999999999994
507,0.01415875,0.43129125,0.465845
508,0.0127625,0.43774875,0.464625
509,0.011484999999999999,0.443855,0.46356499999999995
510,0.0103225,0.44964375,0.4626375
511,0.00934625,0.45507375,0.46176625
512,0.00843625,0.46023625,0.46089625
513,0.00758875,0.464925,0.46013625
514,0.00683125,0.46951750000000003,0.45948125
515,0.00605,0.4737575,0.45893249999999997
516,0.00535125,0.47780875,0.45845125
517,0.00481125,0.48149125,0.45797125
518,0.00433375,0.48512875,0.45752625
519,0.00387,0.48838000000000004,0.45718625
520,0.0035,0.49145125,0.45685
521,0.00311875,0.49448000000000003,0.45652875
522,0.0027949999999999997,0.4972125,0.4562575
523,0.00253125,0.49981125,0.4560025
524,0.00230875,0.502265,0.455765
525,0.00207625,0.50462375,0.4555675
526,0.0018524999999999998,0.506735,0.45538249999999997
527,0.00162,0.50871875,0.4552375
528,0.00147125,0.5105824999999999,0.45508875
529,0.00131375,0.51232625,0.45496000000000003
530,0.00121125,0.5139825,0.45483
531,0.00108375,0.5155475,0.45472125
532,0.00097125,0.51703875,0.454625
533,0.00087875,0.51839375,0.45455875
534,0.00079,0.51965625,0.45448625
535,0.0007125,0.52081625,0.45441875
536,0.00065125,0.5218925,0.45435625
537,0.00061625,0.52288875,0.45428375
538,0.0005525,0.523835,0.45422749999999995
539,0.00050875,0.524755,0.45417749999999996
540,0.00045125,0.52555625,0.45413625
541,0.0003975,0.52638125,0.4541
542,0.00035499999999999996,0.52713875,0.45406499999999994
543,0.00031625,0.52785125,0.45404625
544,0.00028125,0.52846875,0.45401875
545,0.0002625,0.529055,0.45399125
546,0.0002375,0.529555,0.45397125
547,0.00020750000000000003,0.53008375,0.45395375
548,0.00018875,0.53059375,0.4539375
549,0.00016125,0.5310675,0.45392375
550,0.00015375,0.53147875,0.4538975
551,0.0001375,0.53187,0.45388375
552,0.00012125,0.532235,0.453875
553,0.00011625,0.53257875,0.45386750000000003
554,0.000105,0.5329125,0.453855
555,9.375e-05,0.53323625,0.4538475
556,8.75e-05,0.5335225,0.4538375
557,7.25e-05,0.5338,0.45383375
558,6.625e-05,0.53405,0.45382625
559,6.500000000000001e-05,0.53432,0.45382
560,6.375e-05,0.53452125,0.45381375
561,6.25e-05,0.53472625,0.45380875
562,5.125e-05,0.5348975,0.45380875
563,4.875e-05,0.5350550000000001,0.45380625
564,3.5e-05,0.5352475,0.45380625
565,2.75e-05,0.535395,0.45380375
566,2.75e-05,0.5355475000000001,0.45380125
567,1.75e-05,0.53570375,0.4538
568,1.4999999999999999e-05,0.5358324999999999,0.4537975
569,1.625e-05,0.53593,0.45379375
570,1.625e-05,0.5360225000000001,0.45379250000000004
571,1.125e-05,0.53610875,0.45379250000000004
572,1.125e-05,0.53619625,0.45378999999999997
573,8.75e-06,0.53628625,0.45378875
574,7.499999999999999e-06,0.536375,0.45378875
575,6.25e-06,0.5364475000000001,0.4537875
576,3.75e-06,0.53652375,0.4537875
577,2.5e-06,0.5366,0.4537875
578,1.25e-06,0.5366449999999999,0.4537875
579,1.25e-06,0.5366975,0.4537875
580,1.25e-06,0.53675125,0.4537875
581,1.25e-06,0.53681,0.4537875
582,1.25e-06,0.536855,0.4537875
583,1.25e-06,0.5369075,0.4537875
584,1.25e-06,0.53695,0.4537875
585,1.25e-06,0.53697375,0.4537875
586,1.25e-06,0.53701625,0.4537875
587,1.25e-06,0.5370550000000001,0.4537875
588,2.5e-06,0.53707375,0.45378625
589,3.75e-06,0.5371,0.45378500000000005
590,3.75e-06,0.537125,0.45378500000000005
591,3.75e-06,0.53714375,0.45378500000000005
592,5e-06,0.53717,0.45378375
593,7.499999999999999e-06,0.53719375,0.45378125
594,6.25e-06,0.53722,0.45378125
595,6.25e-06,0.5372375,0.45378
596,5e-06,0.53725875,0.45378
597,6.25e-06,0.537275,0.45377875
598,2.5e-06,0.53729625,0.45377875
599,2.5e-06,0.53731875,0.45377875
600,2.5e-06,0.53733,0.45377875
601,1.25e-06,0.53735125,0.45377875
602,1.25e-06,0.5373625,0.45377875
603,1.25e-06,0.5373725,0.45377875
604,1.25e-06,0.537385,0.45377875
605,1.25e-06,0.537395,0.45377875
606,1.25e-06,0.53739875,0.45377875
607,1.25e-06,0.5374025,0.45377875
608,1.25e-06,0.53741,0.45377875
609,1.25e-06,0.5374175,0.45377875
610,3.75e-06,0.537425,0.45377625
611,2.5e-06,0.5374275,0.45377625
612,2.5e-06,0.53743125,0.45377625
613,1.25e-06,0.53743625,0.45377625
614,1.25e-06,0.537445,0.45377625
615,1.25e-06,0.53745625,0.45377625
616,1.25e-06,0.5374625,0.45377625
617,1.25e-06,0.53746625,0.45377625
618,1.25e-06,0.53747125,0.45377625
619,1.25e-06,0.53747375,0.45377625
620,2.5e-06,0.537475,0.453775
621,2.5e-06,0.5374774999999999,0.453775
622,2.5e-06,0.53747875,0.453775
623,1.25e-06,0.5374800000000001,0.453775
624,1.25e-06,0.5374825,0.453775
625,3.75e-06,0.53748375,0.4537725
626,2.5e-06,0.53748875,0.4537725
627,2.5e-06,0.53748875,0.4537725
628,2.5e-06,0.53748875,0.4537725
629,2.5e-06,0.5374899999999999,0.4537725
630,2.5e-06,0.5374925,0.4537725
631,2.5e-06,0.53749375,0.4537725
632,2.5e-06,0.5374975000000001,0.4537725
633,1.25e-06,0.53750125,0.4537725
634,0.00062,2.5e-06,0.999375
635,0.00073125,5e-05,0.9991325000000001
636,0.00095375,0.0001025,0.998755
637,0.00144125,0.000205,0.9980375
638,0.0026100000000000003,0.00038250000000000003,0.99646875
639,0.00526,0.0007174999999999999,0.99305125
640,0.01056125,0.00141625,0.986125
641,0.02089375,0.00270875,0.97262
642,0.037545,0.00524375,0.94987375
643,0.05776,0.00952375,0.91981
644,0.07724,0.01562375,0.88650875
645,0.09163875,0.02366375,0.85484375
646,0.100125,0.032964999999999994,0.827175
647,0.10375125,0.04346625,0.8031175
648,0.1036675,0.05460625,0.7827274999999999
649,0.10047875,0.06617625,0.76556625
650,0.09522375,0.0782125,0.75118125
651,0.08906,0.09004375,0.7390074999999999
652,0.08235,0.10190375,0.72861625
653,0.07570249999999999,0.11364,0.7196100000000001
654,0.06919375,0.12504749999999998,0.711695
655,0.06299625,0.1364675,0.7047074999999999
656,0.057415,0.14737999999999998,0.69841125
657,0.05240125,0.1577875,0.6927175
658,0.04773875,0.1679,0.68747
659,0.0435175,0.17752125,0.6827274999999999
660,0.039785,0.18693375,0.67825125
661,0.03657,0.1959775,0.6739875
662,0.03385375,0.2047025,0.669855
663,0.031294999999999996,0.21308249999999998,0.66607125
664,0.02904125,0.22112125,0.66234625
665,0.02703125,0.22878125,0.6586925
666,0.02559875,0.23626375,0.6549375
667,0.0242175,0.24348375,0.65140625
668,0.023022499999999998,0.25051375,0.6479
669,0.02191875,0.25733625,0.64451625
670,0.021230000000000002,0.26364499999999996,0.64109625
671,0.02055375,0.269905,0.637595
672,0.0197675,0.2760375,0.63432375
673,0.01917625,0.2819075,0.630975
674,0.01864,0.28778375,0.62765875
675,0.01803,0.29325,0.6245775
676,0.0176125,0.29872,0.6214225
677,0.0169775,0.30398375,0.6184149999999999
678,0.016665,0.308975,0.6154275
679,0.01644125,0.31383,0.61247125
680,0.01614,0.31845125,0.60953125
681,0.0157775,0.32297625,0.6066825
682,0.015492500000000001,0.32749625,0.60393
683,0.01547375,0.331845,0.60107375
684,0.01523875,0.33601375,0.59837625
685,0.0148175,0.34013625,0.5957775
686,0.01433875,0.3442075,0.59330625
687,0.014007499999999999,0.3482375,0.590835
688,0.01373625,0.35191,0.58840625
689,0.0134875,0.35552875,0.58608
690,0.013309999999999999,0.359145,0.58365875
691,0.012842500000000001,0.36257875,0.58147125
692,0.01247,0.36591125,0.57931
693,0.01212125,0.36935375,0.57731625
694,0.01170375,0.372665,0.57533875
695,0.01121375,0.37599375,0.5735275
696,0.01076375,0.37911999999999996,0.57179875
697,0.01037,0.38201625,0.57008875
698,0.00983625,0.38505625,0.5684925000000001
699,0.00939625,0.38774250000000005,0.56699125
700,0.00907,0.39027125,0.5655475000000001
701,0.00864625,0.39282249999999996,0.56414375
702,0.00827875,0.39524875,0.5628725
703,0.00794125,0.39774375,0.5616575
704,0.0075575,0.40005999999999997,0.56053875
705,0.007215000000000001,0.40237125,0.55945375
706,0.0069225,0.404495,0.5584
707,0.006534999999999999,0.4065225,0.55743125
708,0.00614125,0.40859875,0.55652125
709,0.0057525,0.41053249999999997,0.5556925
710,0.00547375,0.41239125,0.5548625
711,0.00523875,0.41418375,0.554055
712,0.0049325,0.4159,0.55333375
713,0.0046475,0.41754125,0.55266125
714,0.004295,0.41913500000000004,0.55206
715,0.004035,0.42065749999999996,0.551505
716,0.00388125,0.42202375,0.55093125
717,0.0036475,0.42335875,0.550415
718,0.00346125,0.42471875,0.5498925
719,0.00321625,0.42600625,0.54944125
720,0.00301,0.42720375,0.54903375
721,0.0028525,0.42836,0.5485975000000001
722,0.00270375,0.429505,0.548205
723,0.00254375,0.43056000000000005,0.5478525
724,0.0023350000000000003,0.43156375,0.5475375
725,0.00215375,0.4325075,0.54723
726,0.00200875,0.43341,0.54696875
727,0.00185625,0.43421875,0.54669875
728,0.0017649999999999999,0.43499875,0.54642125
729,0.00166375,0.4357875,0.54617375
730,0.0015375,0.43654499999999996,0.54595625
731,0.0014175000000000001,0.43728125,0.54575375
732,0.00129875,0.43795249999999997,0.5455899999999999
733,0.0012075,0.43860249999999995,0.5454175
734,0.00113875,0.439205,0.54526875
735,0.0010675,0.43978,0.54512625
736,0.00099625,0.44031750000000003,0.54498375
737,0.0009175,0.44084625,0.54487375
738,0.00082,0.44133999999999995,0.5447725
739,0.00077875,0.44183249999999996,0.544655
740,0.00070625,0.44228875,0.5445625
741,0.0006375,0.442705,0.54449125
742,0.00059125,0.44309499999999996,0.54441625
743,0.0005675,0.44344875,0.54433
744,0.000535,0.44379625,0.5442575
745,0.000505,0.44414625,0.5442024999999999
746,0.00046125,0.44443375,0.5441325
747,0.00043125,0.4447125,0.54407625
748,0.000395,0.44497749999999997,0.54404
749,0.00037,0.44523375,0.54399
750,0.00034875,0.44547250000000005,0.54394
751,0.000325,0.44571000000000005,0.54389
752,0.00028625,0.44595875,0.5438525
753,0.00026125,0.44615125,0.54381
754,0.00026125,0.446355,0.54376125
755,0.00023375,0.4465425,0.54372875
756,0.00023625,0.44671125,0.5436850000000001
757,0.00022250000000000001,0.44687,0.5436525
758,0.00020375,0.44702,0.54363375
759,0.0001875,0.4471625,0.5436175
760,0.00017749999999999998,0.44729125,0.54359125
761,0.00015375,0.44741375,0.54357875
762,0.00015125,0.44753375,0.543555
763,0.00014125,0.44764875,0.54354125
764,0.0001325,0.44775,0.54352375
765,0.00012875,0.4478375,0.54350375
766,0.00011875,0.447945,0.54348875
767,0.0001125,0.44803125,0.54347625
768,9.499999999999999e-05,0.4481125,0.54347
769,8e-05,0.44817250000000003,0.543465
770,7.25e-05,0.4482375,0.54345625
771,7.625e-05,0.44831375,0.54343625
772,7e-05,0.44838625,0.54343
773,6.875e-05,0.44844375,0.54342125
774,6.125e-05,0.44852375,0.54340875
775,5.9999999999999995e-05,0.44856625,0.54339625
776,5.625e-05,0.4486075,0.5433925000000001
777,5.5e-05,0.44865249999999995,0.5433825
778,4.875e-05,0.44869,0.54338
779,5e-05,0.44872749999999995,0.54337375
780,5e-05,0.44877375,0.5433675
781,3.2500000000000004e-05,0.44881625,0.54336625
782,3.125e-05,0.44885125,0.5433600000000001
783,3.2500000000000004e-05,0.44888125,0.543355
784,2.9999999999999997e-05,0.4489175,0.5433475
785,2.75e-05,0.4489425,0.54334625
786,2.5e-05,0.44897375,0.54334375
787,2.875e-05,0.44899875,0.5433399999999999
788,2e-05,0.4490325,0.54333875
789,2e-05,0.44905625,0.543335
790,1.75e-05,0.44908000000000003,0.54333375
791,2.125e-05,0.44910125,0.5433275
792,2e-05,0.449125,0.54332375
793,2e-05,0.44913375,0.54332125
794,1.625e-05,0.44915249999999995,0.54332
795,1.4999999999999999e-05,0.449165,0.5433175
796,1.4999999999999999e-05,0.44918,0.543315
797,1e-05,0.4491925,0.543315
798,8.75e-06,0.44920375,0.543315
799,6.25e-06,0.44921875,0.543315
800,3.75e-06,0.44923,0.543315
801,3.75e-06,0.44924125,0.543315
802,3.75e-06,0.44925375,0.543315
803,2.5e-06,0.44926625,0.543315
804,2.5e-06,0.44927625,0.543315
805,2.5e-06,0.44928125,0.543315
806,1.25e-06,0.44928875,0.543315
807,1.25e-06,0.449295,0.543315
808,1.25e-06,0.44930375,0.543315
809,1.25e-06,0.44931000000000004,0.543315
810,1.25e-06,0.44931499999999996,0.54331375
811,0.00062625,1.25e-06,0.9993725
812,0.00073625,4.7499999999999996e-05,0.9991225
813,0.001105,0.000135,0.99855375
814,0.00220875,0.00027,0.99715125
815,0.004975,0.00057125,0.9936725000000001
816,0.0114675,0.001275,0.98547375
817,0.02479375,0.00286,0.96838875
818,0.04592125,0.00589875,0.93996625
819,0.072275,0.01110125,0.9016075000000001
820,0.09893875,0.01881375,0.8571924999999999
821,0.12294000000000001,0.029115,0.8105525
822,0.14071875,0.04193875,0.76556375
823,0.15283,0.05657,0.72409375
824,0.15978875,0.072995,0.6859350000000001
825,0.16110875,0.090685,0.65225625
826,0.1594125,0.10916875,0.6221225
827,0.15449749999999998,0.12854875,0.59582875
828,0.1472625,0.14787,0.57326125
829,0.13843875,0.1671975,0.55393875
830,0.12872625,0.18695875,0.5370225000000001
831,0.1188825,0.20603625,0.52234125
832,0.10917249999999999,0.22473875,0.50964
833,0.09947125,0.24309250000000002,0.49856000000000006
834,0.09027125,0.26087625,0.48889499999999997
835,0.08188375,0.2778375,0.48039625
836,0.07372875,0.29404,0.47317375
837,0.06629375,0.30978875,0.466605
838,0.0592975,0.32474875,0.46111625
839,0.05299500000000001,0.339065,0.45619625
840,0.0474625,0.35273375,0.45174875
841,0.04247,0.36570125,0.4478375
842,0.037982499999999995,0.37787125,0.44443375
843,0.033822500000000005,0.3895125,0.44145125
844,0.03015875,0.4006675,0.43882125
845,0.02697125,0.41096750000000004,0.4364575
846,0.024067500000000002,0.420745,0.434375
847,0.0214525,0.42998500000000006,0.43245500000000003
848,0.0191375,0.43873875,0.430805
849,0.017107499999999998,0.44687250000000006,0.42930125
850,0.01529375,0.45486000000000004,0.42798500000000006
851,0.013494999999999998,0.46226000000000006,0.42687625
852,0.01211625,0.46921125,0.42584625
853,0.010805,0.4757625,0.42490125
854,0.0096175,0.48189,0.42404250000000004
855,0.008517499999999999,0.48754625,0.42335500000000004
856,0.0075375,0.493025,0.42268
857,0.006722499999999999,0.49810625,0.42211499999999996
858,0.00599375,0.502955,0.4215875
859,0.0053425,0.50740875,0.42112
860,0.004675,0.51159875,0.42074875
861,0.0041375,0.51564375,0.420365
862,0.0036575,0.51942625,0.42003999999999997
863,0.00325625,0.52294375,0.4197275
864,0.0028875,0.526355,0.41948625
865,0.00258375,0.5294725,0.419245
866,0.0022600000000000003,0.53235125,0.41904875
867,0.002,0.53503,0.4188675
868,0.001805,0.53766,0.41869875
869,0.0016,0.5400275,0.418575
870,0.0014275,0.54225625,0.41845375
871,0.001295,0.54431875,0.4183125
872,0.0011275,0.546265,0.41822250000000005
873,0.0010175000000000002,0.54807375,0.41812250000000006
874,0.0008849999999999999,0.54977,0.41805
875,0.0007625,0.55133625,0.41799250000000004
876,0.0006724999999999999,0.55277875,0.41793125
877,0.00059375,0.5541875,0.4178825
878,0.00052625,0.55542125,0.4178425
879,0.00047875,0.5566175,0.4177925
880,0.00045,0.55776375,0.417745
881,0.00040625,0.55875875,0.41771625
882,0.00038625,0.55975625,0.41768249999999996
883,0.0003425,0.560685,0.4176525
884,0.00032250000000000003,0.5616,0.41761499999999996
885,0.00028875,0.56240125,0.41758625
886,0.0002525,0.56315875,0.41756625
887,0.0002325,0.5639125,0.41753625
888,0.00020375,0.56461125,0.41751375
889,0.00017250000000000002,0.56523125,0.417505
890,0.00014875,0.5657800000000001,0.417495
891,0.00013000000000000002,0.56634875,0.41748125
892,0.00011875,0.56684125,0.41746875
893,0.0001075,0.56731,0.4174575
894,9.499999999999999e-05,0.56780625,0.41745
895,8.625e-05,0.56817125,0.41743875
896,7.875e-05,0.5685675,0.41743125
897,7.25e-05,0.56888375,0.41742250000000003
898,6.875e-05,0.5691875,0.41741375
899,6.625e-05,0.5694825,0.41741000000000006
900,5.9999999999999995e-05,0.5697875,0.417405
901,5.375e-05,0.57004375,0.4174
902,4.7499999999999996e-05,0.57028125,0.41739750000000003
903,4.375e-05,0.57049625,0.41739125
904,4.2499999999999996e-05,0.5707175,0.41738625
905,4.375e-05,0.57091375,0.41737875
906,4e-05,0.57113125,0.41737125
907,4.2499999999999996e-05,0.571295,0.417365
908,4.125e-05,0.57148375,0.4173575
909,3.5e-05,0.571615,0.41735375
910,4.125e-05,0.57177625,0.41734625
911,3.375e-05,0.57192625,0.41734125
912,2.75e-05,0.5720875,0.41734
913,2.625e-05,0.5722075,0.41733875
914,2.625e-05,0.5723175,0.4173325
915,2.9999999999999997e-05,0.57241875,0.41732625
916,3.125e-05,0.57250375,0.41732125
917,3.625e-05,0.57259125,0.4173125
918,3.625e-05,0.5726825,0.41730625
919,3.75e-05,0.57274375,0.41730249999999997
920,3.125e-05,0.57281125,0.41730125
921,2.75e-05,0.5728625,0.41729750000000004
922,1.625e-05,0.572925,0.41729499999999997
923,1.375e-05,0.57298875,0.41729375
924,1.375e-05,0.5730625,0.4172925
925,1.625e-05,0.5731175000000001,0.41728875
926,1.4999999999999999e-05,0.57316875,0.41728875
927,1.4999999999999999e-05,0.57321375,0.41728625
928,1.4999999999999999e-05,0.57325125,0.417285
929,1.625e-05,0.5732825,0.4172825
930,1.625e-05,0.5733225000000001,0.41728125
931,1.4999999999999999e-05,0.57336375,0.41727875
932,1.4999999999999999e-05,0.57339375,0.41727625
933,1.25e-05,0.57341875,0.417275
934,1.25e-05,0.57344,0.41727375
935,1.125e-05,0.57346625,0.41727375
936,1.125e-05,0.5734875,0.41727
937,1.125e-05,0.5735100000000001,0.41727
938,1.125e-05,0.57353125,0.4172675
939,1.25e-05,0.57354125,0.41726499999999994
940,1e-05,0.57356375,0.41726499999999994
941,7.499999999999999e-06,0.57357625,0.41726375
942,8.75e-06,0.5735899999999999,0.41726125
943,8.75e-06,0.573595,0.41726125
944,1e-05,0.573605,0.41725875
945,1e-05,0.57361125,0.4172575
946,1.25e-05,0.5736225,0.41725375
947,1.125e-05,0.5736325,0.41725125
948,1e-05,0.57364625,0.41725
949,1e-05,0.5736600000000001,0.41724875
950,8.75e-06,0.57366875,0.41724875
951,7.499999999999999e-06,0.573685,0.41724875
952,6.25e-06,0.5736925,0.41724875
953,6.25e-06,0.57370125,0.41724750000000005
954,6.25e-06,0.57370625,0.41724750000000005
955,5e-06,0.57372,0.41724750000000005
956,5e-06,0.57372875,0.41724750000000005
957,5e-06,0.5737375,0.41724625
958,3.75e-06,0.57374375,0.41724625
959,3.75e-06,0.57374875,0.41724625
960,2.5e-06,0.57375375,0.41724625
961,1.25e-06,0.57375875,0.41724625
962,0.00062,2.5e-06,0.99937125
963,0.0007375,4.375e-05,0.9991025
964,0.0010125,0.00012875,0.99864125
965,0.00166625,0.00024625,0.99773375
966,0.0031325,0.00042625,0.9957825000000001
967,0.0065375,0.000825,0.99138375
968,0.01373625,0.00163125,0.9821825000000001
969,0.0261575,0.00325625,0.96583
970,0.04197625,0.00618,0.94311625
971,0.0577025,0.01063375,0.91726875
972,0.071835,0.01661,0.89015375
973,0.08335,0.02398625,0.862815
974,0.0929075,0.0328625,0.83555375
975,0.100425,0.04288125,0.8088225
976,0.10518499999999999,0.05397625,0.78337625
977,0.10739000000000001,0.06590875,0.7599475
978,0.10761,0.07857,0.73833625
979,0.10594,0.091875,0.71885875
980,0.10251500000000001,0.1052925,0.7014175
981,0.09829625,0.11882125,0.68594625
982,0.0936625,0.13222,0.67189
983,0.08785625,0.14613375,0.65949625
984,0.08189375,0.15956875,0.64857875
985,0.075975,0.1731,0.638705
986,0.07052125,0.18604625,0.62976125
987,0.0649375,0.198825,0.62185375
988,0.0602325,0.21086,0.61436625
989,0.05582625,0.22285625,0.60730375
990,0.05149,0.23431625,0.6010225
991,0.04730375,0.24536875,0.59512
992,0.04355375,0.25614875,0.58977125
993,0.04031875,0.26645625,0.58467875
994,0.03746,0.27631875,0.57976875
995,0.03476,0.28590875,0.5752625
996,0.03243875,0.29519875,0.57097875
997,0.030239999999999996,0.30397875,0.56709625
998,0.02799375,0.31249625,0.56356375
999,0.026164999999999997,0.32059499999999996,0.5600824999999999
