,hospital-er-wait-minutes-columbus_midtown,hospital-er-wait-minutes-columbus_midtown_peds,hospital-er-wait-minutes-columbus_northside
0,27.0,11.0,16.0
1,35.0,2.0,5.0
2,35.0,2.0,5.0
3,40.0,7.0,3.0
4,40.0,7.0,3.0
5,46.0,12.0,6.0
6,46.0,12.0,6.0
7,61.0,12.0,12.0
8,61.0,12.0,12.0
9,81.0,18.0,25.0
10,81.0,18.0,25.0
11,78.0,18.0,35.0
12,78.0,18.0,35.0
13,67.0,19.0,28.0
14,67.0,19.0,28.0
15,70.0,13.0,13.0
16,70.0,13.0,13.0
17,88.0,12.0,12.0
18,88.0,12.0,12.0
19,102.0,15.0,8.0
20,102.0,15.0,8.0
21,162.0,14.0,13.0
22,162.0,14.0,13.0
23,144.0,15.0,18.0
24,144.0,15.0,18.0
25,97.0,20.0,12.0
26,97.0,20.0,12.0
27,96.0,21.0,10.0
28,96.0,21.0,10.0
29,95.0,23.0,13.0
30,95.0,23.0,13.0
31,97.0,17.0,10.0
32,97.0,17.0,10.0
33,133.0,11.0,9.0
34,133.0,11.0,9.0
35,115.0,14.0,11.0
36,115.0,14.0,11.0
37,105.0,21.0,38.0
38,105.0,21.0,38.0
39,120.0,15.0,19.0
40,120.0,15.0,19.0
41,174.0,13.0,7.0
42,174.0,13.0,7.0
43,147.0,16.0,13.0
44,147.0,16.0,13.0
45,158.0,21.0,10.0
46,158.0,21.0,10.0
47,180.0,20.0,5.0
48,180.0,20.0,5.0
49,249.0,10.0,5.0
50,249.0,10.0,5.0
51,278.0,1.0,26.0
52,278.0,1.0,26.0
53,215.0,1.0,46.0
54,215.0,1.0,46.0
55,220.0,2.0,61.0
56,220.0,2.0,61.0
57,178.0,2.0,104.0
58,178.0,2.0,104.0
59,196.0,0.0,104.0
60,196.0,0.0,104.0
61,227.0,27.0,0.0
62,227.0,27.0,0.0
63,200.0,0.0,0.0
64,200.0,0.0,0.0
65,192.0,0.0,0.0
66,192.0,0.0,0.0
67,223.0,0.0,1.0
68,223.0,0.0,1.0
69,171.0,0.0,1.0
70,171.0,0.0,1.0
71,190.0,0.0,0.0
72,190.0,0.0,0.0
73,245.0,0.0,0.0
74,245.0,0.0,0.0
75,184.0,6.0,0.0
76,184.0,6.0,0.0
77,214.0,6.0,0.0
78,214.0,6.0,0.0
79,216.0,0.0,0.0
80,216.0,0.0,0.0
81,452.0,0.0,0.0
82,452.0,0.0,0.0
83,276.0,8.0,0.0
84,276.0,8.0,0.0
85,114.0,10.0,1.0
86,114.0,10.0,1.0
87,95.0,21.0,1.0
88,95.0,21.0,1.0
89,170.0,35.0,5.0
90,170.0,35.0,5.0
91,165.0,53.0,10.0
92,165.0,53.0,10.0
93,138.0,74.0,19.0
94,138.0,74.0,19.0
95,156.0,78.0,38.0
96,156.0,78.0,38.0
97,179.0,68.0,36.0
98,179.0,68.0,36.0
99,139.0,52.0,45.0
100,139.0,52.0,45.0
101,130.0,61.0,48.0
102,130.0,61.0,48.0
103,133.0,4.0,61.0
104,133.0,4.0,61.0
105,93.0,7.0,67.0
106,93.0,7.0,67.0
107,98.0,8.0,73.0
108,98.0,8.0,73.0
109,108.0,13.0,58.0
110,108.0,13.0,58.0
111,145.0,15.0,58.0
112,145.0,15.0,58.0
113,180.0,14.0,70.0
114,180.0,14.0,70.0
115,167.0,13.0,53.0
116,167.0,13.0,53.0
117,178.0,13.0,43.0
118,178.0,13.0,43.0
119,204.0,19.0,25.0
120,204.0,19.0,25.0
121,218.0,30.0,18.0
122,218.0,30.0,18.0
123,204.0,55.0,15.0
124,204.0,55.0,15.0
125,243.0,76.0,6.0
126,243.0,76.0,6.0
127,218.0,51.0,8.0
128,218.0,51.0,8.0
129,233.0,34.0,7.0
130,233.0,34.0,7.0
131,234.0,11.0,4.0
132,234.0,11.0,4.0
133,155.0,13.0,6.0
134,155.0,13.0,6.0
135,135.0,12.0,5.0
136,135.0,12.0,5.0
137,151.0,10.0,4.0
138,151.0,10.0,4.0
139,171.0,8.0,4.0
140,171.0,8.0,4.0
141,200.0,8.0,3.0
142,200.0,8.0,3.0
143,222.0,7.0,0.0
144,222.0,7.0,0.0
145,217.0,4.0,0.0
146,217.0,4.0,0.0
147,225.0,5.0,0.0
148,225.0,5.0,0.0
149,240.0,5.0,5.0
150,240.0,5.0,5.0
151,234.0,0.0,5.0
152,234.0,0.0,5.0
153,275.0,0.0,0.0
154,275.0,0.0,0.0
155,277.0,4.0,0.0
156,277.0,4.0,0.0
157,282.0,4.0,2.0
158,282.0,4.0,2.0
159,211.0,7.0,2.0
160,211.0,7.0,2.0
161,191.0,5.0,1.0
162,191.0,5.0,1.0
163,186.0,4.0,1.0
164,186.0,4.0,1.0
165,216.0,1.0,2.0
166,216.0,1.0,2.0
167,282.0,1.0,4.0
168,282.0,1.0,4.0
169,146.0,0.0,26.0
170,146.0,0.0,26.0
171,190.0,3.0,26.0
172,190.0,3.0,26.0
173,1837.0,4.0,0.0
174,1837.0,4.0,0.0
175,2123.0,17.0,7.0
176,2123.0,17.0,7.0
177,3397.0,21.0,9.0
178,3397.0,21.0,9.0
179,2564.0,19.0,17.0
180,2564.0,19.0,17.0
181,1151.0,13.0,31.0
182,1151.0,13.0,31.0
183,1154.0,11.0,34.0
184,1154.0,11.0,34.0
185,1485.0,13.0,31.0
186,1485.0,13.0,31.0
187,1165.0,13.0,26.0
188,1165.0,13.0,26.0
189,882.0,30.0,23.0
190,882.0,30.0,23.0
191,1056.0,20.0,33.0
192,1056.0,20.0,33.0
193,968.0,17.0,47.0
194,968.0,17.0,47.0
195,898.0,12.0,51.0
196,898.0,12.0,51.0
197,902.0,11.0,41.0
198,902.0,11.0,41.0
199,1082.0,0.0,37.0
200,1082.0,0.0,37.0
201,1081.0,0.0,43.0
202,1081.0,0.0,43.0
203,910.0,0.0,45.0
204,910.0,0.0,45.0
205,998.0,4.0,49.0
206,998.0,4.0,49.0
207,805.0,4.0,51.0
208,805.0,4.0,51.0
209,951.0,0.0,53.0
210,951.0,0.0,53.0
211,1048.0,0.0,78.0
212,1048.0,0.0,78.0
213,1159.0,7.0,103.0
214,1159.0,7.0,103.0
215,92.0,9.0,71.0
216,92.0,9.0,71.0
217,62.0,11.0,22.0
218,62.0,11.0,22.0
219,85.0,9.0,26.0
220,85.0,9.0,26.0
221,108.0,8.0,23.0
222,108.0,8.0,23.0
223,121.0,8.0,24.0
224,121.0,8.0,24.0
225,155.0,9.0,29.0
226,155.0,9.0,29.0
227,119.0,9.0,41.0
228,119.0,9.0,41.0
229,127.0,11.0,51.0
230,127.0,11.0,51.0
231,170.0,11.0,55.0
232,170.0,11.0,55.0
233,170.0,8.0,41.0
234,170.0,8.0,41.0
235,165.0,8.0,23.0
236,165.0,8.0,23.0
237,206.0,0.0,6.0
238,206.0,0.0,6.0
239,240.0,4.0,9.0
240,240.0,4.0,9.0
241,188.0,4.0,1.0
242,188.0,4.0,1.0
243,184.0,7.0,1.0
244,184.0,7.0,1.0
245,191.0,7.0,0.0
246,191.0,7.0,0.0
247,172.0,0.0,0.0
248,172.0,0.0,0.0
249,168.0,0.0,0.0
250,168.0,0.0,0.0
251,148.0,0.0,0.0
252,148.0,0.0,0.0
253,35.0,13.0,0.0
254,35.0,13.0,0.0
255,39.0,13.0,0.0
256,39.0,13.0,0.0
257,43.0,0.0,10.0
258,43.0,0.0,10.0
259,62.0,0.0,10.0
260,62.0,0.0,10.0
261,62.0,0.0,0.0
262,62.0,0.0,0.0
263,0.0,0.0,0.0
264,0.0,0.0,0.0
265,14.0,0.0,0.0
266,14.0,0.0,0.0
267,26.0,0.0,0.0
268,26.0,0.0,0.0
269,50.0,24.0,0.0
270,50.0,24.0,0.0
271,50.0,54.0,5.0
272,50.0,54.0,5.0
273,37.0,57.0,5.0
274,37.0,57.0,5.0
275,25.0,57.0,3.0
276,25.0,57.0,3.0
277,38.0,18.0,3.0
278,38.0,18.0,3.0
279,38.0,13.0,3.0
280,38.0,13.0,3.0
281,32.0,10.0,4.0
282,32.0,10.0,4.0
283,43.0,13.0,6.0
284,43.0,13.0,6.0
285,50.0,0.0,9.0
286,50.0,0.0,9.0
287,42.0,8.0,12.0
288,42.0,8.0,12.0
289,67.0,8.0,15.0
290,67.0,8.0,15.0
291,71.0,0.0,10.0
292,71.0,0.0,10.0
293,73.0,16.0,13.0
294,73.0,16.0,13.0
295,85.0,9.0,16.0
296,85.0,9.0,16.0
297,92.0,9.0,23.0
298,92.0,9.0,23.0
299,119.0,32.0,22.0
300,119.0,32.0,22.0
301,153.0,37.0,20.0
302,153.0,37.0,20.0
303,158.0,2.0,30.0
304,158.0,2.0,30.0
305,190.0,23.0,31.0
306,190.0,23.0,31.0
307,190.0,20.0,31.0
308,190.0,20.0,31.0
309,192.0,15.0,37.0
310,192.0,15.0,37.0
311,194.0,13.0,35.0
312,194.0,13.0,35.0
313,195.0,9.0,20.0
314,195.0,9.0,20.0
315,209.0,15.0,22.0
316,209.0,15.0,22.0
317,195.0,18.0,20.0
318,195.0,18.0,20.0
319,236.0,22.0,19.0
320,236.0,22.0,19.0
321,277.0,19.0,22.0
322,277.0,19.0,22.0
323,343.0,18.0,27.0
324,343.0,18.0,27.0
325,266.0,30.0,55.0
326,266.0,30.0,55.0
327,233.0,29.0,59.0
328,233.0,29.0,59.0
329,155.0,24.0,37.0
330,155.0,24.0,37.0
331,172.0,11.0,34.0
332,172.0,11.0,34.0
333,189.0,11.0,46.0
334,189.0,11.0,46.0
335,190.0,14.0,27.0
336,190.0,14.0,27.0
337,226.0,11.0,27.0
338,226.0,11.0,27.0
339,237.0,13.0,7.0
340,237.0,13.0,7.0
341,277.0,18.0,10.0
342,277.0,18.0,10.0
343,278.0,0.0,12.0
344,278.0,0.0,12.0
345,224.0,0.0,22.0
346,224.0,0.0,22.0
347,241.0,0.0,38.0
348,241.0,0.0,38.0
349,309.0,0.0,39.0
350,309.0,0.0,39.0
351,316.0,0.0,40.0
352,316.0,0.0,40.0
353,288.0,0.0,35.0
354,288.0,0.0,35.0
355,488.0,0.0,32.0
356,488.0,0.0,32.0
357,248.0,0.0,21.0
358,248.0,0.0,21.0
359,262.0,0.0,26.0
360,262.0,0.0,26.0
361,348.0,0.0,21.0
362,348.0,0.0,21.0
363,203.0,0.0,17.0
364,203.0,0.0,17.0
365,171.0,0.0,19.0
366,171.0,0.0,19.0
367,191.0,6.0,5.0
368,191.0,6.0,5.0
369,170.0,17.0,5.0
370,170.0,17.0,5.0
371,284.0,17.0,11.0
372,284.0,17.0,11.0
373,275.0,9.0,3.0
374,275.0,9.0,3.0
375,282.0,12.0,8.0
376,282.0,12.0,8.0
377,292.0,12.0,8.0
378,292.0,12.0,8.0
379,180.0,13.0,20.0
380,180.0,13.0,20.0
381,258.0,19.0,35.0
382,258.0,19.0,35.0
383,194.0,20.0,39.0
384,194.0,20.0,39.0
385,126.0,19.0,28.0
386,126.0,19.0,28.0
387,119.0,10.0,21.0
388,119.0,10.0,21.0
389,130.0,9.0,33.0
390,130.0,9.0,33.0
391,142.0,13.0,36.0
392,142.0,13.0,36.0
393,127.0,14.0,39.0
394,127.0,14.0,39.0
395,187.0,12.0,44.0
396,187.0,12.0,44.0
397,202.0,8.0,43.0
398,202.0,8.0,43.0
399,170.0,8.0,14.0
400,170.0,8.0,14.0
401,182.0,1.0,13.0
402,182.0,1.0,13.0
403,168.0,9.0,13.0
404,168.0,9.0,13.0
405,196.0,6.0,17.0
406,196.0,6.0,17.0
407,196.0,6.0,17.0
408,256.0,7.0,17.0
409,410.0,10.0,20.0
410,410.0,10.0,20.0
411,410.0,10.0,20.0
412,270.0,5.0,35.0
413,196.0,5.0,45.0
414,196.0,5.0,45.0
415,195.0,10.0,47.0
416,195.0,10.0,47.0
417,293.0,11.0,37.0
418,293.0,11.0,37.0
419,448.0,8.0,23.0
420,448.0,8.0,23.0
421,352.0,5.0,13.0
422,352.0,5.0,13.0
423,246.0,0.0,15.0
424,246.0,0.0,15.0
425,216.0,0.0,16.0
426,216.0,0.0,16.0
427,280.0,3.0,19.0
428,280.0,3.0,19.0
429,341.0,6.0,20.0
430,341.0,6.0,20.0
431,397.0,4.0,9.0
432,397.0,4.0,9.0
433,423.0,9.0,12.0
434,423.0,9.0,12.0
435,338.0,48.0,21.0
436,338.0,48.0,21.0
437,330.0,48.0,26.0
438,330.0,48.0,26.0
439,547.0,0.0,15.0
440,547.0,0.0,15.0
441,559.0,5.0,15.0
442,559.0,5.0,15.0
443,573.0,5.0,0.0
444,573.0,5.0,0.0
445,573.0,18.0,6.0
446,573.0,18.0,6.0
447,725.0,15.0,16.0
448,725.0,15.0,16.0
449,982.0,12.0,16.0
450,982.0,12.0,16.0
451,618.0,0.0,25.0
452,618.0,0.0,25.0
453,636.0,0.0,25.0
454,636.0,0.0,25.0
455,1064.0,0.0,24.0
456,1064.0,0.0,24.0
457,829.0,0.0,21.0
458,829.0,0.0,21.0
459,555.0,0.0,21.0
460,555.0,0.0,21.0
461,560.0,19.0,0.0
462,560.0,19.0,0.0
463,848.0,22.0,0.0
464,848.0,22.0,0.0
465,863.0,22.0,2.0
466,863.0,22.0,2.0
467,872.0,0.0,10.0
468,872.0,0.0,10.0
469,516.0,11.0,23.0
470,516.0,11.0,23.0
471,411.0,10.0,41.0
472,411.0,10.0,41.0
473,347.0,10.0,41.0
474,347.0,10.0,41.0
475,425.0,10.0,43.0
476,425.0,10.0,43.0
477,429.0,11.0,45.0
478,429.0,11.0,45.0
479,397.0,12.0,33.0
480,397.0,12.0,33.0
481,338.0,9.0,31.0
482,338.0,9.0,31.0
483,410.0,5.0,15.0
484,410.0,5.0,15.0
485,518.0,6.0,9.0
486,518.0,6.0,9.0
487,829.0,7.0,19.0
488,829.0,7.0,19.0
489,607.0,9.0,19.0
490,607.0,9.0,19.0
491,487.0,10.0,24.0
492,487.0,10.0,24.0
493,349.0,12.0,26.0
494,349.0,12.0,26.0
495,285.0,10.0,20.0
496,285.0,10.0,20.0
497,415.0,10.0,23.0
498,415.0,10.0,23.0
499,557.0,12.0,26.0
500,557.0,12.0,26.0
501,471.0,8.0,29.0
502,471.0,8.0,29.0
503,334.0,9.0,23.0
504,334.0,9.0,23.0
505,363.0,11.0,8.0
506,363.0,11.0,8.0
507,443.0,6.0,8.0
508,443.0,6.0,8.0
509,453.0,8.0,5.0
510,453.0,8.0,5.0
511,447.0,14.0,5.0
512,447.0,14.0,5.0
513,517.0,15.0,5.0
514,517.0,15.0,5.0
515,783.0,16.0,5.0
516,783.0,16.0,5.0
517,893.0,9.0,9.0
518,893.0,9.0,9.0
519,675.0,8.0,10.0
520,675.0,8.0,10.0
521,554.0,10.0,17.0
522,554.0,10.0,17.0
523,609.0,15.0,19.0
524,609.0,15.0,19.0
525,775.0,10.0,12.0
526,775.0,10.0,12.0
527,794.0,12.0,0.0
528,794.0,12.0,0.0
529,807.0,21.0,0.0
530,807.0,21.0,0.0
531,722.0,50.0,1.0
532,722.0,50.0,1.0
533,829.0,93.0,1.0
534,829.0,93.0,1.0
535,1145.0,2.0,3.0
536,1145.0,2.0,3.0
537,829.0,5.0,3.0
538,829.0,5.0,3.0
539,1145.0,5.0,0.0
540,1145.0,5.0,0.0
541,1907.0,0.0,0.0
542,1907.0,0.0,0.0
543,1448.0,0.0,2.0
544,1448.0,0.0,2.0
545,1935.0,12.0,2.0
546,1935.0,12.0,2.0
547,1954.0,12.0,4.0
548,1954.0,12.0,4.0
549,1197.0,0.0,13.0
550,1197.0,0.0,13.0
551,871.0,0.0,13.0
552,871.0,0.0,13.0
553,883.0,6.0,0.0
554,883.0,6.0,0.0
555,1235.0,6.0,0.0
556,1235.0,6.0,0.0
557,1246.0,0.0,0.0
558,1246.0,0.0,0.0
559,981.0,0.0,9.0
560,981.0,0.0,9.0
561,503.0,1.0,9.0
562,503.0,1.0,9.0
563,415.0,1.0,4.0
564,415.0,1.0,4.0
565,465.0,0.0,11.0
566,465.0,0.0,11.0
567,382.0,1.0,12.0
568,382.0,1.0,12.0
569,412.0,5.0,17.0
570,412.0,5.0,17.0
571,467.0,6.0,26.0
572,467.0,6.0,26.0
573,475.0,10.0,31.0
574,475.0,10.0,31.0
575,609.0,12.0,29.0
576,609.0,12.0,29.0
577,843.0,11.0,22.0
578,843.0,11.0,22.0
579,536.0,10.0,27.0
580,536.0,10.0,27.0
581,483.0,11.0,24.0
582,483.0,11.0,24.0
583,452.0,7.0,14.0
584,452.0,7.0,14.0
585,429.0,12.0,16.0
586,429.0,12.0,16.0
587,444.0,12.0,29.0
588,444.0,12.0,29.0
589,612.0,8.0,52.0
590,612.0,8.0,52.0
591,610.0,7.0,38.0
592,610.0,7.0,38.0
593,358.0,12.0,28.0
594,358.0,12.0,28.0
595,300.0,11.0,28.0
596,300.0,11.0,28.0
597,567.0,7.0,27.0
598,567.0,7.0,27.0
599,339.0,8.0,27.0
600,339.0,8.0,27.0
601,318.0,7.0,23.0
602,318.0,7.0,23.0
603,421.0,5.0,24.0
604,421.0,5.0,24.0
605,565.0,7.0,28.0
606,565.0,7.0,28.0
607,456.0,11.0,27.0
608,456.0,11.0,27.0
609,798.0,10.0,27.0
610,798.0,10.0,27.0
611,450.0,8.0,33.0
612,450.0,8.0,33.0
613,360.0,7.0,34.0
614,360.0,7.0,34.0
615,509.0,6.0,31.0
616,509.0,6.0,31.0
617,564.0,6.0,41.0
618,564.0,6.0,41.0
619,663.0,0.0,51.0
620,663.0,0.0,51.0
621,537.0,0.0,43.0
622,537.0,0.0,43.0
623,514.0,9.0,33.0
624,514.0,9.0,33.0
625,1046.0,10.0,55.0
626,1046.0,10.0,55.0
627,886.0,11.0,99.0
628,886.0,11.0,99.0
629,756.0,21.0,99.0
630,756.0,21.0,99.0
631,658.0,21.0,0.0
632,658.0,21.0,0.0
633,589.0,0.0,0.0
634,589.0,0.0,0.0
635,595.0,8.0,0.0
636,595.0,8.0,0.0
637,875.0,8.0,0.0
638,875.0,8.0,0.0
639,1302.0,0.0,0.0
640,1302.0,0.0,0.0
641,1705.0,0.0,0.0
642,1705.0,0.0,0.0
643,1292.0,0.0,4.0
644,1292.0,0.0,4.0
645,1733.0,0.0,14.0
646,1733.0,0.0,14.0
647,1756.0,0.0,14.0
648,1756.0,0.0,14.0
649,1766.0,0.0,6.0
650,1766.0,0.0,6.0
651,2630.0,1.0,26.0
652,2630.0,1.0,26.0
653,2651.0,2.0,23.0
654,2651.0,2.0,23.0
655,905.0,9.0,24.0
656,905.0,9.0,24.0
657,554.0,9.0,16.0
658,554.0,9.0,16.0
659,691.0,7.0,17.0
660,691.0,7.0,17.0
661,795.0,7.0,21.0
662,795.0,7.0,21.0
663,706.0,6.0,16.0
664,706.0,6.0,16.0
665,482.0,6.0,21.0
666,482.0,6.0,21.0
667,458.0,7.0,25.0
668,458.0,7.0,25.0
669,367.0,7.0,31.0
670,367.0,7.0,31.0
671,625.0,8.0,50.0
672,625.0,8.0,50.0
673,500.0,6.0,57.0
674,500.0,6.0,57.0
675,460.0,4.0,67.0
676,460.0,4.0,67.0
677,638.0,5.0,79.0
678,638.0,5.0,79.0
679,473.0,6.0,74.0
680,473.0,6.0,74.0
681,400.0,6.0,85.0
682,400.0,6.0,85.0
683,481.0,0.0,107.0
684,481.0,0.0,107.0
685,511.0,0.0,106.0
686,511.0,0.0,106.0
687,518.0,2.0,115.0
688,518.0,2.0,115.0
689,422.0,10.0,91.0
690,422.0,10.0,91.0
691,563.0,10.0,80.0
692,563.0,10.0,80.0
693,115.0,10.0,71.0
694,115.0,10.0,71.0
695,113.0,7.0,100.0
696,113.0,7.0,100.0
697,115.0,8.0,111.0
698,115.0,8.0,111.0
699,142.0,8.0,124.0
700,142.0,8.0,124.0
701,165.0,15.0,115.0
702,165.0,15.0,115.0
703,150.0,18.0,100.0
704,150.0,18.0,100.0
705,155.0,12.0,142.0
706,155.0,12.0,142.0
707,185.0,9.0,158.0
708,185.0,9.0,158.0
709,173.0,12.0,126.0
710,173.0,12.0,126.0
711,197.0,15.0,140.0
712,197.0,15.0,140.0
713,204.0,16.0,166.0
714,204.0,16.0,166.0
715,180.0,25.0,174.0
716,180.0,25.0,174.0
717,135.0,18.0,147.0
718,135.0,18.0,147.0
719,118.0,13.0,201.0
720,118.0,13.0,201.0
721,114.0,11.0,204.0
722,114.0,11.0,204.0
723,71.0,0.0,202.0
724,71.0,0.0,202.0
725,64.0,0.0,100.0
726,64.0,0.0,100.0
727,68.0,0.0,89.0
728,68.0,0.0,89.0
729,71.0,0.0,2.0
730,71.0,0.0,2.0
731,45.0,0.0,12.0
732,45.0,0.0,12.0
733,55.0,0.0,12.0
734,55.0,0.0,12.0
735,58.0,0.0,0.0
736,58.0,0.0,0.0
737,55.0,0.0,0.0
738,55.0,0.0,0.0
739,77.0,0.0,0.0
740,77.0,0.0,0.0
741,52.0,0.0,0.0
742,52.0,0.0,0.0
743,68.0,12.0,8.0
744,68.0,12.0,8.0
745,86.0,13.0,9.0
746,86.0,13.0,9.0
747,86.0,11.0,9.0
748,86.0,11.0,9.0
749,63.0,9.0,2.0
750,63.0,9.0,2.0
751,65.0,0.0,2.0
752,65.0,0.0,2.0
753,39.0,0.0,0.0
754,39.0,0.0,0.0
755,30.0,0.0,0.0
756,30.0,0.0,0.0
757,33.0,8.0,4.0
758,33.0,8.0,4.0
759,28.0,8.0,6.0
760,28.0,8.0,6.0
761,21.0,10.0,6.0
762,21.0,10.0,6.0
763,29.0,17.0,1.0
764,29.0,17.0,1.0
765,36.0,26.0,1.0
766,36.0,26.0,1.0
767,41.0,6.0,3.0
768,41.0,6.0,3.0
769,45.0,11.0,4.0
770,45.0,11.0,4.0
771,57.0,13.0,5.0
772,57.0,13.0,5.0
773,62.0,6.0,2.0
774,62.0,6.0,2.0
775,80.0,1.0,2.0
776,80.0,1.0,2.0
777,92.0,0.0,3.0
778,92.0,0.0,3.0
779,66.0,12.0,4.0
780,66.0,12.0,4.0
781,74.0,12.0,6.0
782,74.0,12.0,6.0
783,99.0,0.0,6.0
784,99.0,0.0,6.0
785,99.0,0.0,4.0
786,99.0,0.0,4.0
787,120.0,8.0,2.0
788,120.0,8.0,2.0
789,159.0,6.0,6.0
790,159.0,6.0,6.0
791,145.0,7.0,7.0
792,145.0,7.0,7.0
793,163.0,8.0,7.0
794,163.0,8.0,7.0
795,140.0,8.0,14.0
796,140.0,8.0,14.0
797,116.0,19.0,12.0
798,116.0,19.0,12.0
799,110.0,16.0,5.0
800,110.0,16.0,5.0
801,142.0,14.0,10.0
802,142.0,14.0,10.0
803,158.0,13.0,25.0
804,158.0,13.0,25.0
805,213.0,11.0,35.0
806,213.0,11.0,35.0
807,208.0,4.0,24.0
808,208.0,4.0,24.0
809,202.0,7.0,7.0
810,202.0,7.0,7.0
811,272.0,17.0,2.0
812,272.0,17.0,2.0
813,279.0,24.0,7.0
814,279.0,24.0,7.0
815,264.0,25.0,7.0
816,264.0,25.0,7.0
817,265.0,33.0,0.0
818,265.0,33.0,0.0
819,239.0,22.0,6.0
820,239.0,22.0,6.0
821,245.0,17.0,11.0
822,245.0,17.0,11.0
823,262.0,9.0,22.0
824,262.0,9.0,22.0
825,244.0,0.0,11.0
826,244.0,0.0,11.0
827,222.0,0.0,11.0
828,222.0,0.0,11.0
829,220.0,6.0,6.0
830,220.0,6.0,6.0
831,266.0,6.0,6.0
832,266.0,6.0,6.0
833,198.0,0.0,0.0
834,198.0,0.0,0.0
835,130.0,0.0,0.0
836,130.0,0.0,0.0
837,24.0,0.0,0.0
838,24.0,0.0,0.0
839,25.0,0.0,0.0
840,25.0,0.0,0.0
841,32.0,0.0,2.0
842,32.0,0.0,2.0
843,42.0,0.0,3.0
844,42.0,0.0,3.0
845,60.0,0.0,4.0
846,60.0,0.0,4.0
847,113.0,3.0,0.0
848,113.0,3.0,0.0
849,127.0,5.0,0.0
850,127.0,5.0,0.0
851,105.0,9.0,1.0
852,105.0,9.0,1.0
853,96.0,8.0,13.0
854,96.0,8.0,13.0
855,77.0,11.0,11.0
856,77.0,11.0,11.0
857,77.0,14.0,14.0
858,77.0,14.0,14.0
859,83.0,15.0,14.0
860,83.0,15.0,14.0
861,86.0,14.0,13.0
862,86.0,14.0,13.0
863,106.0,18.0,20.0
864,106.0,18.0,20.0
865,125.0,16.0,23.0
866,125.0,16.0,23.0
867,108.0,10.0,22.0
868,108.0,10.0,22.0
869,110.0,9.0,27.0
870,110.0,9.0,27.0
871,148.0,10.0,37.0
872,148.0,10.0,37.0
873,148.0,10.0,37.0
874,177.0,11.0,44.0
875,177.0,11.0,44.0
876,127.0,17.0,37.0
877,126.0,13.0,35.0
878,126.0,13.0,35.0
879,137.0,17.0,44.0
880,137.0,17.0,44.0
881,146.0,25.0,37.0
882,146.0,25.0,37.0
883,137.0,27.0,27.0
884,137.0,27.0,27.0
885,134.0,25.0,34.0
886,134.0,25.0,34.0
887,162.0,27.0,38.0
888,162.0,27.0,38.0
889,178.0,24.0,47.0
890,178.0,24.0,47.0
891,206.0,19.0,71.0
892,206.0,19.0,71.0
893,225.0,20.0,55.0
894,225.0,20.0,55.0
895,189.0,30.0,41.0
896,189.0,30.0,41.0
897,204.0,18.0,41.0
898,204.0,18.0,41.0
899,252.0,11.0,46.0
900,252.0,11.0,46.0
901,246.0,14.0,40.0
902,246.0,14.0,40.0
903,263.0,11.0,33.0
904,263.0,11.0,33.0
905,316.0,8.0,29.0
906,316.0,8.0,29.0
907,349.0,8.0,32.0
908,349.0,8.0,32.0
909,296.0,5.0,72.0
910,296.0,5.0,72.0
911,311.0,8.0,64.0
912,311.0,8.0,64.0
913,308.0,16.0,57.0
914,308.0,16.0,57.0
915,271.0,19.0,0.0
916,271.0,19.0,0.0
917,306.0,14.0,0.0
918,306.0,14.0,0.0
919,278.0,20.0,0.0
920,278.0,20.0,0.0
921,280.0,30.0,13.0
922,280.0,30.0,13.0
923,220.0,24.0,13.0
924,220.0,24.0,13.0
925,150.0,8.0,5.0
926,150.0,8.0,5.0
927,94.0,10.0,12.0
928,94.0,10.0,12.0
929,39.0,14.0,16.0
930,39.0,14.0,16.0
931,43.0,0.0,23.0
932,43.0,0.0,23.0
933,59.0,0.0,0.0
934,59.0,0.0,0.0
935,59.0,2.0,0.0
936,59.0,2.0,0.0
937,47.0,2.0,0.0
938,47.0,2.0,0.0
939,48.0,4.0,8.0
940,48.0,4.0,8.0
941,51.0,19.0,15.0
942,51.0,19.0,15.0
943,45.0,19.0,14.0
944,45.0,19.0,14.0
945,29.0,0.0,11.0
946,29.0,0.0,11.0
947,13.0,18.0,15.0
948,13.0,18.0,15.0
949,23.0,24.0,19.0
950,23.0,24.0,19.0
951,15.0,33.0,7.0
952,15.0,33.0,7.0
953,12.0,3.0,5.0
954,12.0,3.0,5.0
955,19.0,4.0,6.0
956,19.0,4.0,6.0
957,32.0,17.0,9.0
958,32.0,17.0,9.0
959,42.0,18.0,8.0
960,42.0,18.0,8.0
961,66.0,6.0,6.0
962,66.0,6.0,6.0
963,68.0,14.0,4.0
964,68.0,14.0,4.0
965,72.0,16.0,8.0
966,72.0,16.0,8.0
967,86.0,6.0,17.0
968,86.0,6.0,17.0
969,102.0,4.0,19.0
970,102.0,4.0,19.0
971,110.0,0.0,23.0
972,110.0,0.0,23.0
973,110.0,24.0,28.0
974,110.0,24.0,28.0
975,154.0,21.0,35.0
976,154.0,21.0,35.0
977,170.0,22.0,44.0
978,170.0,22.0,44.0
979,166.0,27.0,44.0
980,166.0,27.0,44.0
981,176.0,13.0,31.0
982,176.0,13.0,31.0
983,229.0,31.0,25.0
984,229.0,31.0,25.0
985,224.0,34.0,20.0
986,224.0,34.0,20.0
987,171.0,18.0,17.0
988,171.0,18.0,17.0
989,188.0,20.0,24.0
990,188.0,20.0,24.0
991,213.0,25.0,34.0
992,213.0,25.0,34.0
993,242.0,24.0,45.0
994,242.0,24.0,45.0
995,253.0,16.0,67.0
996,253.0,16.0,67.0
997,250.0,10.0,65.0
998,250.0,10.0,65.0
999,229.0,14.0,54.0
