,traffic-nj511-minutes-route_46_from_fort_lee_to_the_alexander_hamilton_bridge_via_the_lower_level,traffic-nj511-minutes-i-95_from_i-80_to_the_alexander_hamilton_bridge_via_lower_level,traffic-nj511-minutes-route_4_from_fort_lee_to_the_alexander_hamilton_bridge_via_the_upper_level,traffic-nj511-minutes-i-95_from_i-80_to_the_alexander_hamilton_bridge_via_upper_level,traffic-nj511-minutes-route_4_from_fort_lee_to_the_alexander_hamilton_bridge_via_the_lower_level
0,6.0,8.0,5.0,8.0,5.0
1,5.0,8.0,5.0,8.0,5.0
2,5.0,8.0,5.0,8.0,5.0
3,5.0,8.0,5.0,8.0,5.0
4,5.0,8.0,5.0,8.0,5.0
5,5.0,8.0,5.0,8.0,5.0
6,5.0,8.0,5.0,8.0,5.0
7,5.0,8.0,5.0,8.0,5.0
8,5.0,8.0,5.0,8.0,5.0
9,5.0,8.0,5.0,8.0,5.0
10,5.0,8.0,5.0,8.0,5.0
11,5.0,8.0,5.0,8.0,5.0
12,6.0,8.0,5.0,8.0,5.0
13,6.0,8.0,5.0,8.0,5.0
14,6.0,8.0,5.0,8.0,5.0
15,6.0,8.0,5.0,7.0,5.0
16,6.0,8.0,5.0,7.0,5.0
17,6.0,8.0,5.0,7.0,5.0
18,6.0,7.0,5.0,7.0,5.0
19,6.0,8.0,5.0,7.0,5.0
20,6.0,8.0,5.0,7.0,5.0
21,5.0,8.0,5.0,7.0,5.0
22,5.0,8.0,5.0,8.0,5.0
23,5.0,7.0,5.0,8.0,5.0
24,5.0,7.0,5.0,8.0,5.0
25,5.0,7.0,5.0,7.0,5.0
26,5.0,7.0,5.0,7.0,5.0
27,5.0,7.0,5.0,7.0,5.0
28,5.0,7.0,5.0,7.0,5.0
29,5.0,7.0,5.0,7.0,5.0
30,5.0,7.0,5.0,7.0,5.0
31,5.0,7.0,5.0,7.0,5.0
32,5.0,7.0,5.0,7.0,5.0
33,5.0,7.0,5.0,7.0,5.0
34,5.0,7.0,5.0,7.0,5.0
35,6.0,7.0,5.0,7.0,5.0
36,5.0,7.0,5.0,7.0,5.0
37,5.0,7.0,5.0,7.0,5.0
38,5.0,7.0,5.0,7.0,5.0
39,5.0,7.0,5.0,7.0,5.0
40,5.0,7.0,5.0,7.0,5.0
41,6.0,7.0,5.0,7.0,5.0
42,5.0,7.0,5.0,7.0,5.0
43,5.0,7.0,5.0,7.0,5.0
44,5.0,7.0,5.0,7.0,5.0
45,5.0,7.0,5.0,7.0,5.0
46,5.0,7.0,5.0,7.0,5.0
47,5.0,7.0,5.0,7.0,5.0
48,5.0,7.0,5.0,7.0,5.0
49,5.0,7.0,5.0,7.0,5.0
50,5.0,7.0,5.0,7.0,5.0
51,5.0,7.0,5.0,7.0,5.0
52,5.0,7.0,5.0,7.0,5.0
53,5.0,7.0,5.0,7.0,5.0
54,5.0,7.0,5.0,7.0,5.0
55,5.0,7.0,5.0,7.0,5.0
56,5.0,7.0,5.0,7.0,5.0
57,5.0,7.0,5.0,7.0,5.0
58,5.0,7.0,5.0,7.0,5.0
59,5.0,7.0,5.0,7.0,5.0
60,5.0,7.0,5.0,7.0,5.0
61,5.0,7.0,5.0,7.0,5.0
62,5.0,7.0,5.0,7.0,5.0
63,6.0,7.0,5.0,7.0,5.0
64,5.0,7.0,5.0,7.0,5.0
65,5.0,7.0,5.0,7.0,5.0
66,5.0,8.0,5.0,7.0,5.0
67,6.0,7.0,5.0,7.0,5.0
68,6.0,7.0,5.0,7.0,5.0
69,6.0,7.0,5.0,7.0,5.0
70,5.0,7.0,5.0,7.0,5.0
71,5.0,7.0,5.0,7.0,5.0
72,5.0,7.0,5.0,7.0,5.0
73,5.0,7.0,5.0,7.0,5.0
74,5.0,7.0,5.0,7.0,5.0
75,5.0,7.0,5.0,7.0,5.0
76,5.0,7.0,5.0,7.0,5.0
77,5.0,7.0,5.0,7.0,5.0
78,5.0,7.0,5.0,7.0,5.0
79,5.0,7.0,5.0,7.0,5.0
80,5.0,7.0,5.0,7.0,5.0
81,5.0,7.0,5.0,7.0,5.0
82,5.0,7.0,5.0,7.0,5.0
83,5.0,7.0,5.0,7.0,5.0
84,5.0,7.0,5.0,7.0,5.0
85,5.0,7.0,5.0,7.0,5.0
86,5.0,7.0,5.0,7.0,5.0
87,5.0,7.0,5.0,7.0,5.0
88,5.0,7.0,5.0,7.0,5.0
89,5.0,7.0,5.0,7.0,5.0
90,5.0,7.0,5.0,7.0,5.0
91,5.0,7.0,5.0,7.0,5.0
92,5.0,7.0,5.0,7.0,5.0
93,5.0,7.0,5.0,7.0,5.0
94,5.0,7.0,5.0,7.0,5.0
95,5.0,7.0,5.0,7.0,5.0
96,5.0,7.0,5.0,7.0,5.0
97,5.0,7.0,5.0,7.0,5.0
98,5.0,7.0,5.0,7.0,5.0
99,5.0,7.0,5.0,7.0,5.0
100,5.0,7.0,5.0,7.0,5.0
101,5.0,7.0,5.0,7.0,5.0
102,15.0,18.0,5.0,7.0,15.0
103,15.0,17.0,5.0,7.0,15.0
104,13.0,15.0,5.0,7.0,13.0
105,11.0,13.0,5.0,7.0,11.0
106,6.0,8.0,5.0,7.0,6.0
107,5.0,7.0,5.0,7.0,5.0
108,5.0,7.0,5.0,7.0,5.0
109,5.0,7.0,5.0,7.0,5.0
110,5.0,8.0,5.0,7.0,5.0
111,5.0,8.0,5.0,7.0,5.0
112,5.0,7.0,5.0,7.0,5.0
113,5.0,7.0,5.0,7.0,5.0
114,5.0,7.0,5.0,7.0,5.0
115,5.0,7.0,5.0,7.0,5.0
116,5.0,7.0,5.0,7.0,5.0
117,5.0,7.0,5.0,7.0,5.0
118,5.0,7.0,5.0,7.0,5.0
119,5.0,7.0,5.0,7.0,5.0
120,5.0,7.0,5.0,7.0,5.0
121,5.0,7.0,5.0,7.0,5.0
122,5.0,7.0,5.0,7.0,5.0
123,5.0,7.0,5.0,7.0,5.0
124,5.0,7.0,5.0,7.0,5.0
125,5.0,7.0,5.0,7.0,5.0
126,5.0,7.0,5.0,7.0,5.0
127,5.0,7.0,5.0,7.0,5.0
128,5.0,7.0,5.0,7.0,5.0
129,5.0,7.0,5.0,7.0,5.0
130,5.0,7.0,5.0,7.0,5.0
131,5.0,7.0,5.0,7.0,5.0
132,5.0,7.0,5.0,7.0,5.0
133,5.0,7.0,5.0,7.0,5.0
134,5.0,7.0,5.0,7.0,5.0
135,5.0,7.0,5.0,7.0,5.0
136,5.0,7.0,5.0,7.0,5.0
137,5.0,7.0,5.0,7.0,5.0
138,5.0,7.0,5.0,7.0,5.0
139,5.0,7.0,5.0,7.0,5.0
140,5.0,7.0,5.0,7.0,5.0
141,5.0,7.0,5.0,7.0,5.0
142,5.0,7.0,5.0,7.0,5.0
143,5.0,7.0,5.0,7.0,5.0
144,5.0,7.0,5.0,7.0,5.0
145,5.0,7.0,5.0,7.0,5.0
146,5.0,7.0,5.0,7.0,5.0
147,5.0,7.0,5.0,7.0,5.0
148,5.0,7.0,5.0,7.0,5.0
149,5.0,7.0,5.0,7.0,5.0
150,6.0,7.0,5.0,7.0,5.0
151,7.0,7.0,5.0,7.0,5.0
152,5.0,7.0,5.0,7.0,5.0
153,5.0,7.0,5.0,7.0,5.0
154,5.0,7.0,5.0,7.0,5.0
155,5.0,7.0,5.0,7.0,5.0
156,5.0,7.0,5.0,7.0,5.0
157,5.0,7.0,5.0,7.0,5.0
158,5.0,7.0,5.0,7.0,5.0
159,5.0,7.0,5.0,7.0,5.0
160,5.0,7.0,5.0,7.0,5.0
161,5.0,7.0,5.0,7.0,5.0
162,5.0,7.0,5.0,7.0,5.0
163,5.0,7.0,5.0,7.0,5.0
164,5.0,7.0,5.0,7.0,5.0
165,5.0,7.0,5.0,7.0,5.0
166,5.0,7.0,5.0,7.0,5.0
167,5.0,7.0,5.0,7.0,5.0
168,5.0,7.0,5.0,7.0,5.0
169,5.0,7.0,5.0,7.0,5.0
170,5.0,7.0,5.0,7.0,5.0
171,5.0,7.0,5.0,7.0,5.0
172,5.0,7.0,5.0,7.0,5.0
173,5.0,7.0,5.0,7.0,5.0
174,5.0,7.0,5.0,7.0,5.0
175,5.0,7.0,5.0,7.0,5.0
176,5.0,7.0,5.0,7.0,5.0
177,5.0,7.0,5.0,7.0,5.0
178,5.0,7.0,5.0,7.0,5.0
179,5.0,7.0,5.0,7.0,5.0
180,5.0,7.0,5.0,7.0,5.0
181,5.0,7.0,5.0,7.0,5.0
182,5.0,7.0,5.0,7.0,5.0
183,5.0,7.0,5.0,7.0,5.0
184,5.0,7.0,5.0,7.0,5.0
185,5.0,7.0,5.0,7.0,5.0
186,5.0,7.0,5.0,7.0,5.0
187,5.0,7.0,5.0,7.0,5.0
188,5.0,7.0,5.0,7.0,5.0
189,5.0,7.0,5.0,7.0,5.0
190,5.0,7.0,5.0,7.0,5.0
191,5.0,7.0,5.0,7.0,5.0
192,5.0,7.0,5.0,7.0,5.0
193,5.0,7.0,5.0,7.0,5.0
194,5.0,7.0,5.0,7.0,5.0
195,5.0,7.0,5.0,7.0,5.0
196,5.0,7.0,5.0,7.0,5.0
197,5.0,7.0,5.0,7.0,5.0
198,5.0,7.0,5.0,7.0,5.0
199,5.0,7.0,5.0,7.0,5.0
200,5.0,7.0,5.0,7.0,5.0
201,5.0,7.0,5.0,7.0,5.0
202,5.0,7.0,5.0,7.0,5.0
203,5.0,7.0,5.0,7.0,5.0
204,5.0,7.0,5.0,7.0,5.0
205,5.0,7.0,5.0,7.0,5.0
206,5.0,7.0,5.0,7.0,5.0
207,5.0,7.0,5.0,7.0,5.0
208,5.0,7.0,5.0,7.0,5.0
209,5.0,7.0,5.0,7.0,5.0
210,5.0,7.0,5.0,7.0,5.0
211,5.0,7.0,5.0,7.0,5.0
212,5.0,7.0,5.0,7.0,5.0
213,5.0,7.0,5.0,7.0,5.0
214,5.0,7.0,5.0,7.0,5.0
215,5.0,7.0,5.0,7.0,5.0
216,5.0,7.0,5.0,7.0,5.0
217,5.0,7.0,5.0,7.0,5.0
218,5.0,7.0,5.0,7.0,5.0
219,5.0,7.0,5.0,7.0,5.0
220,5.0,7.0,5.0,7.0,5.0
221,5.0,7.0,5.0,7.0,5.0
222,5.0,7.0,5.0,7.0,5.0
223,5.0,7.0,5.0,7.0,5.0
224,9.0,11.0,5.0,7.0,8.0
225,8.0,10.0,5.0,7.0,7.0
226,6.0,8.0,5.0,7.0,6.0
227,5.0,7.0,5.0,7.0,5.0
228,5.0,7.0,5.0,7.0,5.0
229,5.0,7.0,5.0,7.0,5.0
230,5.0,7.0,5.0,7.0,5.0
231,5.0,7.0,5.0,7.0,5.0
232,5.0,7.0,5.0,7.0,5.0
233,5.0,7.0,5.0,7.0,5.0
234,5.0,7.0,5.0,7.0,5.0
235,5.0,7.0,5.0,7.0,5.0
236,5.0,7.0,5.0,7.0,5.0
237,5.0,7.0,5.0,7.0,5.0
238,5.0,7.0,5.0,7.0,5.0
239,5.0,7.0,5.0,7.0,5.0
240,5.0,7.0,5.0,7.0,5.0
241,5.0,7.0,5.0,7.0,5.0
242,5.0,7.0,5.0,7.0,5.0
243,5.0,7.0,5.0,7.0,5.0
244,5.0,7.0,5.0,7.0,5.0
245,5.0,7.0,5.0,7.0,5.0
246,5.0,7.0,5.0,7.0,5.0
247,5.0,7.0,5.0,7.0,5.0
248,5.0,7.0,5.0,7.0,5.0
249,5.0,7.0,5.0,7.0,5.0
250,5.0,7.0,5.0,7.0,5.0
251,5.0,7.0,5.0,7.0,5.0
252,5.0,7.0,5.0,7.0,5.0
253,5.0,7.0,5.0,7.0,5.0
254,5.0,7.0,5.0,7.0,5.0
255,5.0,7.0,5.0,7.0,5.0
256,5.0,7.0,5.0,7.0,5.0
257,5.0,7.0,5.0,7.0,5.0
258,5.0,7.0,5.0,7.0,5.0
259,5.0,7.0,5.0,7.0,5.0
260,5.0,7.0,5.0,7.0,5.0
261,5.0,7.0,5.0,7.0,5.0
262,5.0,7.0,5.0,7.0,5.0
263,5.0,7.0,5.0,7.0,5.0
264,5.0,7.0,5.0,7.0,5.0
265,5.0,7.0,5.0,7.0,5.0
266,5.0,7.0,5.0,7.0,5.0
267,5.0,7.0,5.0,7.0,5.0
268,5.0,7.0,5.0,7.0,5.0
269,5.0,7.0,5.0,7.0,5.0
270,5.0,7.0,5.0,7.0,5.0
271,5.0,7.0,5.0,7.0,5.0
272,5.0,7.0,5.0,7.0,5.0
273,5.0,7.0,5.0,7.0,5.0
274,5.0,7.0,5.0,7.0,5.0
275,5.0,7.0,5.0,7.0,5.0
276,5.0,7.0,5.0,7.0,5.0
277,6.0,7.0,5.0,7.0,5.0
278,5.0,7.0,5.0,7.0,5.0
279,5.0,7.0,5.0,7.0,5.0
280,5.0,7.0,5.0,7.0,5.0
281,5.0,7.0,5.0,7.0,5.0
282,5.0,7.0,5.0,7.0,5.0
283,6.0,7.0,5.0,7.0,5.0
284,5.0,7.0,5.0,7.0,5.0
285,5.0,7.0,5.0,7.0,5.0
286,5.0,7.0,5.0,7.0,5.0
287,5.0,7.0,5.0,7.0,5.0
288,5.0,7.0,5.0,7.0,5.0
289,5.0,7.0,5.0,7.0,5.0
290,5.0,7.0,5.0,7.0,5.0
291,6.0,7.0,5.0,7.0,5.0
292,5.0,7.0,5.0,7.0,5.0
293,5.0,7.0,5.0,7.0,5.0
294,5.0,7.0,5.0,7.0,5.0
295,5.0,7.0,5.0,7.0,5.0
296,5.0,7.0,5.0,7.0,5.0
297,5.0,7.0,5.0,7.0,5.0
298,5.0,7.0,5.0,7.0,5.0
299,5.0,7.0,5.0,7.0,5.0
300,5.0,7.0,5.0,7.0,5.0
301,5.0,7.0,5.0,7.0,5.0
302,5.0,7.0,5.0,7.0,5.0
303,5.0,7.0,5.0,7.0,5.0
304,5.0,7.0,5.0,7.0,5.0
305,5.0,7.0,5.0,7.0,5.0
306,5.0,7.0,5.0,7.0,5.0
307,5.0,7.0,5.0,7.0,5.0
308,5.0,7.0,5.0,7.0,5.0
309,5.0,7.0,5.0,7.0,5.0
310,5.0,7.0,5.0,7.0,5.0
311,6.0,7.0,5.0,7.0,5.0
312,6.0,7.0,5.0,7.0,5.0
313,6.0,7.0,5.0,7.0,5.0
314,6.0,7.0,5.0,7.0,5.0
315,5.0,7.0,5.0,7.0,5.0
316,5.0,7.0,5.0,7.0,5.0
317,5.0,7.0,5.0,7.0,5.0
318,5.0,7.0,5.0,7.0,5.0
319,5.0,7.0,5.0,7.0,5.0
320,6.0,7.0,5.0,7.0,5.0
321,6.0,7.0,5.0,7.0,5.0
322,6.0,7.0,5.0,7.0,5.0
323,6.0,7.0,5.0,7.0,5.0
324,6.0,7.0,5.0,7.0,5.0
325,6.0,7.0,5.0,7.0,5.0
326,6.0,7.0,5.0,7.0,5.0
327,6.0,7.0,5.0,7.0,5.0
328,5.0,7.0,5.0,7.0,5.0
329,5.0,7.0,5.0,7.0,5.0
330,5.0,7.0,5.0,7.0,5.0
331,5.0,7.0,5.0,7.0,5.0
332,5.0,7.0,5.0,7.0,5.0
333,5.0,7.0,5.0,7.0,5.0
334,5.0,7.0,5.0,7.0,5.0
335,5.0,7.0,5.0,7.0,5.0
336,5.0,7.0,5.0,7.0,5.0
337,5.0,7.0,5.0,7.0,5.0
338,5.0,7.0,5.0,7.0,5.0
339,5.0,7.0,5.0,7.0,5.0
340,6.0,7.0,5.0,7.0,5.0
341,5.0,7.0,5.0,7.0,5.0
342,6.0,7.0,5.0,7.0,5.0
343,6.0,7.0,5.0,7.0,5.0
344,5.0,7.0,5.0,7.0,5.0
345,5.0,7.0,5.0,7.0,5.0
346,6.0,7.0,5.0,7.0,5.0
347,6.0,8.0,5.0,7.0,5.0
348,5.0,8.0,5.0,7.0,5.0
349,6.0,8.0,5.0,7.0,5.0
350,5.0,7.0,5.0,7.0,5.0
351,5.0,8.0,5.0,7.0,5.0
352,5.0,7.0,5.0,7.0,5.0
353,5.0,7.0,5.0,7.0,5.0
354,6.0,7.0,5.0,7.0,5.0
355,6.0,8.0,5.0,7.0,5.0
356,6.0,7.0,5.0,7.0,5.0
357,6.0,7.0,5.0,7.0,5.0
358,6.0,8.0,5.0,8.0,5.0
359,6.0,8.0,5.0,8.0,5.0
360,5.0,8.0,5.0,7.0,5.0
361,5.0,8.0,5.0,7.0,5.0
362,6.0,8.0,5.0,7.0,5.0
363,6.0,8.0,5.0,8.0,5.0
364,6.0,7.0,5.0,7.0,5.0
365,5.0,8.0,5.0,7.0,5.0
366,5.0,8.0,5.0,7.0,5.0
367,5.0,8.0,5.0,7.0,5.0
368,5.0,8.0,5.0,7.0,5.0
369,6.0,8.0,5.0,7.0,5.0
370,7.0,8.0,5.0,7.0,5.0
371,7.0,8.0,5.0,7.0,6.0
372,7.0,8.0,5.0,7.0,6.0
373,7.0,8.0,5.0,7.0,6.0
374,7.0,8.0,5.0,7.0,6.0
375,7.0,9.0,5.0,7.0,6.0
376,7.0,10.0,5.0,8.0,7.0
377,8.0,10.0,6.0,8.0,7.0
378,9.0,11.0,6.0,9.0,8.0
379,9.0,12.0,6.0,9.0,9.0
380,11.0,14.0,8.0,10.0,11.0
381,12.0,14.0,8.0,10.0,12.0
382,13.0,15.0,9.0,11.0,13.0
383,13.0,15.0,9.0,12.0,13.0
384,13.0,16.0,9.0,12.0,13.0
385,14.0,17.0,10.0,12.0,14.0
386,14.0,17.0,12.0,14.0,14.0
387,15.0,18.0,12.0,14.0,15.0
388,15.0,18.0,12.0,15.0,14.0
389,15.0,18.0,12.0,15.0,15.0
390,15.0,19.0,12.0,15.0,15.0
391,15.0,19.0,12.0,15.0,15.0
392,15.0,18.0,13.0,16.0,15.0
393,14.0,17.0,12.0,15.0,14.0
394,14.0,17.0,11.0,15.0,13.0
395,13.0,15.0,10.0,13.0,12.0
396,12.0,15.0,9.0,12.0,11.0
397,12.0,14.0,9.0,12.0,11.0
398,11.0,12.0,8.0,10.0,9.0
399,10.0,12.0,8.0,10.0,9.0
400,10.0,12.0,8.0,11.0,9.0
401,9.0,11.0,7.0,10.0,9.0
402,8.0,10.0,5.0,8.0,7.0
403,7.0,10.0,5.0,8.0,7.0
404,7.0,9.0,5.0,8.0,6.0
405,8.0,9.0,5.0,8.0,6.0
406,8.0,10.0,6.0,8.0,7.0
407,8.0,10.0,6.0,8.0,7.0
408,8.0,11.0,5.0,8.0,8.0
409,9.0,12.0,5.0,8.0,9.0
410,9.0,12.0,5.0,8.0,9.0
411,9.0,11.0,5.0,8.0,8.0
412,8.0,11.0,5.0,8.0,8.0
413,8.0,10.0,6.0,9.0,7.0
414,8.0,10.0,6.0,9.0,7.0
415,8.0,10.0,6.0,9.0,7.0
416,7.0,10.0,6.0,9.0,7.0
417,7.0,10.0,6.0,9.0,7.0
418,7.0,10.0,6.0,9.0,7.0
419,7.0,9.0,6.0,9.0,6.0
420,7.0,9.0,6.0,9.0,6.0
421,7.0,9.0,6.0,9.0,6.0
422,7.0,9.0,6.0,9.0,6.0
423,6.0,9.0,6.0,9.0,6.0
424,6.0,9.0,6.0,9.0,5.0
425,5.0,8.0,5.0,8.0,5.0
426,5.0,8.0,5.0,8.0,5.0
427,6.0,8.0,5.0,8.0,5.0
428,6.0,8.0,5.0,7.0,5.0
429,6.0,8.0,5.0,8.0,5.0
430,6.0,8.0,5.0,7.0,5.0
431,7.0,8.0,5.0,8.0,6.0
432,7.0,9.0,5.0,8.0,6.0
433,7.0,10.0,5.0,7.0,6.0
434,7.0,9.0,5.0,8.0,6.0
435,6.0,8.0,5.0,8.0,6.0
436,6.0,8.0,6.0,9.0,5.0
437,6.0,8.0,6.0,9.0,5.0
438,6.0,8.0,6.0,9.0,5.0
439,6.0,8.0,6.0,9.0,5.0
440,6.0,9.0,6.0,9.0,5.0
441,6.0,9.0,6.0,9.0,5.0
442,6.0,9.0,6.0,9.0,5.0
443,6.0,8.0,5.0,8.0,5.0
444,6.0,8.0,5.0,8.0,5.0
445,6.0,8.0,5.0,8.0,5.0
446,6.0,9.0,5.0,8.0,5.0
447,6.0,9.0,5.0,8.0,5.0
448,6.0,9.0,5.0,8.0,5.0
449,6.0,9.0,5.0,8.0,5.0
450,6.0,9.0,5.0,8.0,5.0
451,6.0,9.0,5.0,8.0,5.0
452,6.0,8.0,5.0,8.0,5.0
453,6.0,8.0,5.0,8.0,5.0
454,6.0,8.0,5.0,8.0,5.0
455,6.0,8.0,5.0,8.0,5.0
456,6.0,8.0,5.0,8.0,5.0
457,6.0,8.0,5.0,8.0,5.0
458,6.0,8.0,5.0,8.0,5.0
459,6.0,8.0,5.0,8.0,5.0
460,7.0,10.0,5.0,8.0,6.0
461,8.0,10.0,5.0,8.0,7.0
462,8.0,12.0,5.0,8.0,8.0
463,8.0,12.0,5.0,8.0,8.0
464,7.0,11.0,5.0,8.0,7.0
465,7.0,10.0,5.0,8.0,6.0
466,6.0,9.0,5.0,9.0,6.0
467,6.0,9.0,5.0,9.0,5.0
468,6.0,9.0,5.0,9.0,5.0
469,6.0,8.0,6.0,9.0,5.0
470,6.0,8.0,6.0,9.0,5.0
471,6.0,8.0,6.0,9.0,5.0
472,6.0,9.0,6.0,9.0,6.0
473,6.0,9.0,6.0,9.0,6.0
474,6.0,10.0,6.0,9.0,6.0
475,6.0,10.0,6.0,9.0,6.0
476,6.0,9.0,5.0,8.0,6.0
477,6.0,9.0,5.0,8.0,5.0
478,6.0,9.0,5.0,8.0,5.0
479,6.0,8.0,5.0,8.0,5.0
480,6.0,8.0,5.0,8.0,5.0
481,6.0,8.0,5.0,8.0,5.0
482,6.0,9.0,5.0,8.0,5.0
483,5.0,8.0,5.0,8.0,5.0
484,6.0,9.0,5.0,8.0,5.0
485,6.0,8.0,5.0,8.0,5.0
486,6.0,8.0,5.0,8.0,5.0
487,6.0,8.0,5.0,8.0,5.0
488,6.0,9.0,5.0,8.0,5.0
489,7.0,9.0,5.0,8.0,5.0
490,6.0,8.0,5.0,8.0,5.0
491,6.0,9.0,5.0,8.0,5.0
492,6.0,8.0,5.0,8.0,5.0
493,6.0,8.0,5.0,8.0,5.0
494,5.0,9.0,5.0,8.0,5.0
495,5.0,9.0,5.0,8.0,5.0
496,6.0,10.0,5.0,8.0,5.0
497,6.0,9.0,5.0,8.0,5.0
498,6.0,9.0,5.0,8.0,5.0
499,6.0,9.0,5.0,8.0,5.0
500,6.0,8.0,5.0,7.0,5.0
501,6.0,8.0,5.0,7.0,5.0
502,6.0,8.0,5.0,7.0,5.0
503,6.0,8.0,5.0,8.0,5.0
504,6.0,8.0,5.0,8.0,5.0
505,6.0,8.0,5.0,8.0,5.0
506,6.0,8.0,5.0,8.0,5.0
507,6.0,8.0,5.0,8.0,5.0
508,5.0,8.0,5.0,8.0,5.0
509,6.0,8.0,5.0,8.0,5.0
510,6.0,8.0,5.0,8.0,5.0
511,6.0,8.0,5.0,8.0,5.0
512,6.0,8.0,5.0,8.0,5.0
513,6.0,8.0,5.0,8.0,5.0
514,6.0,8.0,5.0,8.0,5.0
515,6.0,8.0,5.0,8.0,5.0
516,6.0,8.0,5.0,8.0,5.0
517,6.0,8.0,5.0,8.0,5.0
518,5.0,7.0,5.0,8.0,5.0
519,5.0,7.0,5.0,8.0,5.0
520,6.0,8.0,5.0,7.0,5.0
521,5.0,8.0,5.0,7.0,5.0
522,6.0,8.0,5.0,8.0,5.0
523,6.0,8.0,5.0,7.0,5.0
524,7.0,9.0,5.0,7.0,6.0
525,8.0,9.0,5.0,7.0,6.0
526,7.0,8.0,5.0,7.0,6.0
527,6.0,8.0,5.0,7.0,5.0
528,5.0,7.0,5.0,7.0,5.0
529,5.0,7.0,5.0,7.0,5.0
530,5.0,7.0,5.0,7.0,5.0
531,5.0,7.0,5.0,8.0,5.0
532,5.0,7.0,5.0,7.0,5.0
533,6.0,7.0,5.0,7.0,5.0
534,6.0,8.0,5.0,7.0,5.0
535,6.0,8.0,5.0,7.0,5.0
536,5.0,8.0,5.0,7.0,5.0
537,5.0,7.0,5.0,7.0,5.0
538,5.0,7.0,5.0,7.0,5.0
539,6.0,7.0,5.0,7.0,5.0
540,6.0,7.0,5.0,7.0,5.0
541,6.0,7.0,5.0,7.0,5.0
542,5.0,7.0,5.0,7.0,5.0
543,5.0,7.0,5.0,7.0,5.0
544,5.0,7.0,5.0,7.0,5.0
545,5.0,8.0,5.0,7.0,5.0
546,5.0,8.0,5.0,7.0,5.0
547,6.0,9.0,5.0,7.0,5.0
548,6.0,8.0,5.0,7.0,5.0
549,5.0,7.0,5.0,7.0,5.0
550,5.0,7.0,5.0,7.0,5.0
551,5.0,7.0,5.0,7.0,5.0
552,5.0,7.0,5.0,7.0,5.0
553,5.0,7.0,5.0,7.0,5.0
554,5.0,7.0,5.0,7.0,5.0
555,5.0,7.0,5.0,7.0,5.0
556,5.0,7.0,5.0,7.0,5.0
557,5.0,7.0,5.0,7.0,5.0
558,5.0,7.0,5.0,7.0,5.0
559,5.0,7.0,5.0,7.0,5.0
560,6.0,7.0,5.0,7.0,5.0
561,5.0,7.0,5.0,7.0,5.0
562,5.0,7.0,5.0,7.0,5.0
563,5.0,7.0,5.0,7.0,5.0
564,5.0,7.0,5.0,7.0,5.0
565,5.0,7.0,5.0,7.0,5.0
566,5.0,7.0,5.0,7.0,5.0
567,5.0,7.0,5.0,7.0,5.0
568,5.0,7.0,5.0,7.0,5.0
569,5.0,7.0,5.0,7.0,5.0
570,5.0,7.0,5.0,7.0,5.0
571,5.0,7.0,5.0,7.0,5.0
572,18.0,21.0,5.0,7.0,12.0
573,17.0,20.0,5.0,7.0,11.0
574,18.0,20.0,5.0,7.0,11.0
575,20.0,22.0,5.0,7.0,14.0
576,17.0,18.0,5.0,7.0,13.0
577,14.0,15.0,5.0,7.0,11.0
578,13.0,13.0,5.0,7.0,12.0
579,12.0,13.0,5.0,7.0,11.0
580,11.0,12.0,5.0,7.0,10.0
581,10.0,11.0,5.0,7.0,9.0
582,5.0,7.0,5.0,7.0,5.0
583,5.0,7.0,5.0,7.0,5.0
584,5.0,7.0,5.0,7.0,5.0
585,5.0,7.0,5.0,7.0,5.0
586,5.0,7.0,5.0,7.0,5.0
587,5.0,7.0,5.0,7.0,5.0
588,5.0,7.0,5.0,7.0,5.0
589,5.0,7.0,5.0,7.0,5.0
590,5.0,7.0,5.0,7.0,5.0
591,5.0,7.0,5.0,7.0,5.0
592,5.0,7.0,5.0,7.0,5.0
593,5.0,7.0,5.0,7.0,5.0
594,5.0,7.0,5.0,7.0,5.0
595,5.0,7.0,5.0,16.0,5.0
596,5.0,7.0,5.0,16.0,5.0
597,5.0,7.0,5.0,7.0,5.0
598,5.0,7.0,5.0,7.0,5.0
599,5.0,7.0,5.0,7.0,5.0
600,5.0,7.0,5.0,7.0,5.0
601,5.0,7.0,5.0,7.0,5.0
602,5.0,7.0,5.0,7.0,5.0
603,5.0,7.0,5.0,7.0,5.0
604,5.0,7.0,5.0,7.0,5.0
605,5.0,7.0,5.0,7.0,5.0
606,5.0,7.0,5.0,7.0,5.0
607,5.0,7.0,5.0,7.0,5.0
608,5.0,7.0,5.0,7.0,5.0
609,5.0,7.0,5.0,7.0,5.0
610,5.0,7.0,5.0,7.0,5.0
611,5.0,7.0,5.0,7.0,5.0
612,5.0,7.0,5.0,7.0,5.0
613,5.0,7.0,5.0,7.0,5.0
614,5.0,7.0,5.0,7.0,5.0
615,5.0,7.0,5.0,7.0,5.0
616,5.0,7.0,5.0,7.0,5.0
617,5.0,7.0,5.0,7.0,5.0
618,5.0,7.0,5.0,7.0,5.0
619,5.0,7.0,5.0,7.0,5.0
620,5.0,7.0,5.0,7.0,5.0
621,5.0,7.0,5.0,7.0,5.0
622,5.0,7.0,5.0,7.0,5.0
623,5.0,7.0,5.0,7.0,5.0
624,5.0,7.0,5.0,7.0,5.0
625,5.0,7.0,5.0,7.0,5.0
626,5.0,7.0,5.0,7.0,5.0
627,5.0,7.0,5.0,7.0,5.0
628,5.0,7.0,5.0,7.0,5.0
629,5.0,7.0,5.0,7.0,5.0
630,5.0,7.0,5.0,7.0,5.0
631,5.0,7.0,5.0,7.0,5.0
632,5.0,7.0,5.0,7.0,5.0
633,5.0,7.0,5.0,7.0,5.0
634,5.0,7.0,5.0,7.0,5.0
635,5.0,7.0,5.0,7.0,5.0
636,5.0,7.0,5.0,7.0,5.0
637,5.0,7.0,5.0,7.0,5.0
638,5.0,7.0,5.0,7.0,5.0
639,5.0,7.0,5.0,7.0,5.0
640,5.0,7.0,5.0,7.0,5.0
641,5.0,7.0,5.0,7.0,5.0
642,5.0,7.0,5.0,7.0,5.0
643,5.0,7.0,5.0,7.0,5.0
644,5.0,7.0,5.0,7.0,5.0
645,5.0,7.0,5.0,7.0,5.0
646,5.0,7.0,5.0,7.0,5.0
647,5.0,7.0,5.0,7.0,5.0
648,5.0,7.0,5.0,7.0,5.0
649,5.0,7.0,5.0,7.0,5.0
650,5.0,7.0,5.0,7.0,5.0
651,5.0,7.0,5.0,7.0,5.0
652,5.0,7.0,5.0,7.0,5.0
653,5.0,7.0,5.0,7.0,5.0
654,5.0,7.0,5.0,7.0,5.0
655,5.0,7.0,5.0,7.0,5.0
656,5.0,7.0,5.0,7.0,5.0
657,5.0,7.0,5.0,7.0,5.0
658,5.0,7.0,5.0,7.0,5.0
659,6.0,7.0,5.0,7.0,5.0
660,5.0,7.0,5.0,7.0,5.0
661,5.0,7.0,5.0,7.0,5.0
662,5.0,7.0,5.0,7.0,5.0
663,5.0,7.0,5.0,7.0,5.0
664,5.0,7.0,5.0,7.0,5.0
665,5.0,7.0,5.0,7.0,5.0
666,5.0,7.0,5.0,7.0,5.0
667,5.0,7.0,5.0,7.0,5.0
668,5.0,7.0,5.0,7.0,5.0
669,5.0,7.0,5.0,7.0,5.0
670,5.0,7.0,5.0,7.0,5.0
671,5.0,7.0,5.0,7.0,5.0
672,5.0,7.0,5.0,7.0,5.0
673,5.0,7.0,5.0,7.0,5.0
674,5.0,7.0,5.0,7.0,5.0
675,5.0,7.0,5.0,9.0,5.0
676,5.0,7.0,5.0,7.0,5.0
677,5.0,7.0,5.0,7.0,5.0
678,5.0,7.0,5.0,7.0,5.0
679,5.0,7.0,5.0,7.0,5.0
680,5.0,7.0,5.0,7.0,5.0
681,5.0,7.0,5.0,7.0,5.0
682,5.0,7.0,5.0,7.0,5.0
683,5.0,7.0,5.0,7.0,5.0
684,5.0,7.0,5.0,7.0,5.0
685,5.0,7.0,5.0,7.0,5.0
686,5.0,7.0,5.0,7.0,5.0
687,5.0,7.0,5.0,7.0,5.0
688,5.0,7.0,5.0,7.0,5.0
689,5.0,7.0,5.0,7.0,5.0
690,5.0,7.0,5.0,7.0,5.0
691,5.0,7.0,5.0,7.0,5.0
692,5.0,7.0,5.0,7.0,5.0
693,5.0,7.0,5.0,7.0,5.0
694,5.0,7.0,5.0,7.0,5.0
695,5.0,7.0,5.0,7.0,5.0
696,5.0,7.0,5.0,7.0,5.0
697,5.0,7.0,5.0,7.0,5.0
698,5.0,7.0,5.0,7.0,5.0
699,6.0,7.0,5.0,7.0,5.0
700,6.0,7.0,5.0,7.0,5.0
701,6.0,7.0,5.0,7.0,5.0
702,5.0,7.0,5.0,7.0,5.0
703,5.0,7.0,5.0,7.0,5.0
704,5.0,7.0,5.0,7.0,5.0
705,5.0,7.0,5.0,7.0,5.0
706,5.0,7.0,5.0,7.0,5.0
707,5.0,7.0,5.0,7.0,5.0
708,5.0,7.0,5.0,7.0,5.0
709,5.0,7.0,5.0,7.0,5.0
710,5.0,7.0,5.0,7.0,5.0
711,5.0,7.0,5.0,7.0,5.0
712,5.0,7.0,5.0,7.0,5.0
713,5.0,7.0,5.0,7.0,5.0
714,5.0,7.0,5.0,7.0,5.0
715,5.0,7.0,5.0,7.0,5.0
716,5.0,7.0,5.0,7.0,5.0
717,5.0,7.0,5.0,7.0,5.0
718,5.0,7.0,5.0,7.0,5.0
719,5.0,7.0,5.0,7.0,5.0
720,5.0,7.0,5.0,7.0,5.0
721,5.0,7.0,5.0,7.0,5.0
722,5.0,7.0,5.0,7.0,5.0
723,5.0,7.0,5.0,7.0,5.0
724,5.0,7.0,5.0,7.0,5.0
725,5.0,7.0,5.0,7.0,5.0
726,5.0,7.0,5.0,7.0,5.0
727,5.0,7.0,5.0,7.0,5.0
728,5.0,7.0,5.0,7.0,5.0
729,5.0,7.0,5.0,7.0,5.0
730,5.0,7.0,5.0,7.0,5.0
731,5.0,7.0,5.0,7.0,5.0
732,5.0,7.0,5.0,7.0,5.0
733,6.0,7.0,5.0,7.0,5.0
734,5.0,7.0,5.0,7.0,5.0
735,5.0,7.0,5.0,7.0,5.0
736,5.0,7.0,5.0,7.0,5.0
737,5.0,7.0,5.0,7.0,5.0
738,5.0,7.0,5.0,7.0,5.0
739,5.0,7.0,5.0,7.0,5.0
740,5.0,7.0,5.0,7.0,5.0
741,5.0,7.0,5.0,7.0,5.0
742,5.0,7.0,5.0,7.0,5.0
743,5.0,7.0,5.0,7.0,5.0
744,5.0,7.0,5.0,7.0,5.0
745,5.0,7.0,5.0,7.0,5.0
746,5.0,7.0,5.0,7.0,5.0
747,5.0,7.0,5.0,7.0,5.0
748,5.0,7.0,5.0,7.0,5.0
749,5.0,7.0,5.0,7.0,5.0
750,5.0,7.0,5.0,7.0,5.0
751,5.0,7.0,5.0,7.0,5.0
752,5.0,7.0,5.0,7.0,5.0
753,5.0,7.0,5.0,7.0,5.0
754,5.0,7.0,5.0,7.0,5.0
755,5.0,7.0,5.0,7.0,5.0
756,5.0,7.0,5.0,7.0,5.0
757,5.0,7.0,5.0,7.0,5.0
758,5.0,7.0,5.0,7.0,5.0
759,6.0,7.0,5.0,7.0,5.0
760,6.0,7.0,5.0,7.0,5.0
761,6.0,7.0,5.0,7.0,5.0
762,5.0,7.0,5.0,7.0,5.0
763,5.0,7.0,5.0,7.0,5.0
764,5.0,7.0,5.0,7.0,5.0
765,5.0,7.0,5.0,7.0,5.0
766,5.0,7.0,5.0,7.0,5.0
767,5.0,7.0,5.0,7.0,5.0
768,5.0,7.0,5.0,7.0,5.0
769,5.0,7.0,5.0,7.0,5.0
770,5.0,7.0,5.0,7.0,5.0
771,5.0,7.0,5.0,7.0,5.0
772,5.0,7.0,5.0,7.0,5.0
773,5.0,7.0,5.0,7.0,5.0
774,5.0,7.0,5.0,7.0,5.0
775,5.0,7.0,5.0,7.0,5.0
776,5.0,7.0,5.0,7.0,5.0
777,5.0,7.0,5.0,7.0,5.0
778,5.0,7.0,5.0,7.0,5.0
779,5.0,7.0,5.0,7.0,5.0
780,5.0,7.0,5.0,7.0,5.0
781,5.0,7.0,5.0,7.0,5.0
782,5.0,7.0,5.0,7.0,5.0
783,5.0,7.0,5.0,7.0,5.0
784,6.0,7.0,5.0,7.0,5.0
785,5.0,7.0,5.0,7.0,5.0
786,5.0,7.0,5.0,7.0,5.0
787,5.0,8.0,5.0,9.0,5.0
788,5.0,9.0,5.0,9.0,5.0
789,5.0,8.0,5.0,8.0,5.0
790,5.0,7.0,5.0,7.0,5.0
791,5.0,7.0,5.0,7.0,5.0
792,5.0,7.0,5.0,7.0,5.0
793,5.0,7.0,5.0,7.0,5.0
794,5.0,7.0,5.0,7.0,5.0
795,5.0,7.0,5.0,7.0,5.0
796,5.0,7.0,5.0,7.0,5.0
797,5.0,7.0,5.0,7.0,5.0
798,5.0,7.0,5.0,7.0,5.0
799,5.0,7.0,5.0,7.0,5.0
800,5.0,7.0,5.0,7.0,5.0
801,5.0,7.0,5.0,7.0,5.0
802,5.0,7.0,5.0,7.0,5.0
803,5.0,7.0,5.0,7.0,5.0
804,5.0,7.0,5.0,7.0,5.0
805,5.0,7.0,5.0,7.0,5.0
806,5.0,7.0,5.0,7.0,5.0
807,5.0,7.0,5.0,7.0,5.0
808,5.0,7.0,5.0,7.0,5.0
809,5.0,7.0,5.0,7.0,5.0
810,5.0,7.0,5.0,7.0,5.0
811,5.0,7.0,5.0,7.0,5.0
812,6.0,7.0,5.0,7.0,5.0
813,6.0,7.0,5.0,7.0,5.0
814,6.0,7.0,5.0,7.0,5.0
815,6.0,7.0,5.0,7.0,5.0
816,6.0,8.0,5.0,7.0,5.0
817,5.0,8.0,5.0,7.0,5.0
818,5.0,8.0,5.0,7.0,5.0
819,5.0,7.0,5.0,7.0,5.0
820,5.0,8.0,5.0,7.0,5.0
821,5.0,7.0,5.0,7.0,5.0
822,5.0,7.0,5.0,7.0,5.0
823,6.0,7.0,5.0,7.0,5.0
824,5.0,7.0,5.0,7.0,5.0
825,5.0,7.0,5.0,7.0,5.0
826,5.0,8.0,5.0,8.0,5.0
827,5.0,8.0,6.0,9.0,5.0
828,5.0,8.0,6.0,9.0,5.0
829,5.0,8.0,6.0,8.0,5.0
830,5.0,8.0,5.0,8.0,5.0
831,5.0,8.0,5.0,7.0,5.0
832,5.0,7.0,5.0,7.0,5.0
833,5.0,7.0,5.0,7.0,5.0
834,5.0,8.0,5.0,7.0,5.0
835,6.0,8.0,5.0,7.0,5.0
836,6.0,8.0,5.0,7.0,5.0
837,6.0,8.0,5.0,8.0,5.0
838,6.0,8.0,5.0,7.0,6.0
839,6.0,8.0,5.0,7.0,5.0
840,6.0,8.0,5.0,7.0,5.0
841,6.0,7.0,5.0,7.0,5.0
842,6.0,7.0,5.0,7.0,5.0
843,6.0,8.0,5.0,7.0,5.0
844,6.0,8.0,5.0,8.0,5.0
845,6.0,9.0,5.0,8.0,5.0
846,6.0,8.0,6.0,9.0,5.0
847,6.0,8.0,7.0,10.0,5.0
848,6.0,9.0,7.0,10.0,5.0
849,6.0,9.0,8.0,12.0,5.0
850,6.0,10.0,9.0,12.0,5.0
851,7.0,9.0,10.0,13.0,5.0
852,8.0,11.0,10.0,14.0,7.0
853,11.0,14.0,9.0,13.0,10.0
854,14.0,15.0,8.0,12.0,13.0
855,15.0,17.0,7.0,10.0,14.0
856,18.0,21.0,7.0,10.0,18.0
857,20.0,23.0,7.0,10.0,19.0
858,24.0,27.0,8.0,10.0,25.0
859,30.0,32.0,8.0,10.0,27.0
860,34.0,36.0,8.0,11.0,30.0
861,36.0,37.0,9.0,12.0,30.0
862,45.0,47.0,10.0,14.0,39.0
863,47.0,48.0,10.0,14.0,40.0
864,48.0,50.0,11.0,14.0,40.0
865,48.0,50.0,12.0,17.0,41.0
866,55.0,56.0,13.0,18.0,47.0
867,57.0,58.0,13.0,18.0,48.0
868,58.0,60.0,12.0,18.0,50.0
869,59.0,62.0,12.0,18.0,51.0
870,67.0,71.0,12.0,18.0,60.0
871,70.0,73.0,12.0,19.0,61.0
872,74.0,80.0,13.0,20.0,67.0
873,75.0,84.0,13.0,20.0,70.0
874,79.0,85.0,14.0,21.0,71.0
875,79.0,85.0,14.0,21.0,71.0
876,70.0,77.0,14.0,23.0,63.0
877,68.0,74.0,14.0,23.0,60.0
878,48.0,54.0,14.0,23.0,39.0
879,42.0,48.0,14.0,23.0,33.0
880,29.0,34.0,15.0,22.0,21.0
881,26.0,30.0,15.0,22.0,18.0
882,22.0,24.0,15.0,22.0,14.0
883,22.0,22.0,14.0,22.0,13.0
884,18.0,19.0,14.0,21.0,11.0
885,16.0,17.0,14.0,21.0,10.0
886,16.0,17.0,14.0,21.0,10.0
887,16.0,18.0,14.0,21.0,11.0
888,16.0,19.0,13.0,20.0,11.0
889,15.0,19.0,14.0,20.0,11.0
890,15.0,20.0,13.0,19.0,11.0
891,14.0,17.0,14.0,19.0,11.0
892,13.0,17.0,13.0,18.0,11.0
893,13.0,17.0,13.0,18.0,11.0
894,13.0,16.0,13.0,17.0,11.0
895,13.0,16.0,12.0,16.0,11.0
896,12.0,15.0,11.0,15.0,11.0
897,12.0,15.0,11.0,15.0,10.0
898,11.0,14.0,10.0,13.0,10.0
899,11.0,13.0,10.0,13.0,10.0
900,10.0,12.0,9.0,12.0,9.0
901,10.0,13.0,8.0,11.0,9.0
902,10.0,13.0,7.0,11.0,9.0
903,10.0,13.0,7.0,11.0,9.0
904,10.0,13.0,8.0,11.0,9.0
905,9.0,12.0,8.0,11.0,8.0
906,9.0,11.0,9.0,12.0,8.0
907,8.0,11.0,9.0,13.0,7.0
908,7.0,10.0,9.0,13.0,6.0
909,7.0,10.0,9.0,12.0,6.0
910,7.0,9.0,8.0,11.0,6.0
911,6.0,9.0,8.0,11.0,6.0
912,7.0,10.0,8.0,11.0,7.0
913,7.0,10.0,8.0,12.0,7.0
914,8.0,11.0,8.0,12.0,7.0
915,7.0,11.0,7.0,10.0,7.0
916,8.0,11.0,7.0,10.0,7.0
917,9.0,11.0,7.0,10.0,7.0
918,9.0,11.0,6.0,9.0,8.0
919,10.0,11.0,6.0,9.0,8.0
920,10.0,12.0,5.0,8.0,9.0
921,10.0,12.0,5.0,8.0,9.0
922,10.0,12.0,5.0,8.0,9.0
923,9.0,11.0,5.0,8.0,8.0
924,7.0,10.0,7.0,9.0,6.0
925,6.0,8.0,8.0,10.0,5.0
926,6.0,8.0,9.0,11.0,5.0
927,7.0,10.0,11.0,13.0,6.0
928,7.0,10.0,15.0,17.0,6.0
929,6.0,10.0,17.0,20.0,5.0
930,6.0,9.0,20.0,24.0,5.0
931,6.0,10.0,22.0,26.0,5.0
932,7.0,13.0,25.0,31.0,6.0
933,8.0,14.0,26.0,32.0,6.0
934,8.0,15.0,28.0,35.0,7.0
935,9.0,15.0,29.0,36.0,7.0
936,10.0,17.0,29.0,36.0,9.0
937,11.0,19.0,27.0,35.0,10.0
938,13.0,20.0,27.0,36.0,12.0
939,14.0,23.0,27.0,36.0,13.0
940,18.0,26.0,27.0,37.0,15.0
941,19.0,27.0,27.0,37.0,16.0
942,23.0,30.0,30.0,40.0,19.0
943,23.0,30.0,29.0,40.0,19.0
944,23.0,31.0,29.0,40.0,19.0
945,24.0,32.0,30.0,41.0,19.0
946,24.0,30.0,30.0,39.0,19.0
947,25.0,29.0,27.0,36.0,18.0
948,24.0,28.0,24.0,31.0,18.0
949,22.0,25.0,19.0,26.0,16.0
950,21.0,25.0,14.0,21.0,16.0
951,20.0,24.0,13.0,20.0,15.0
952,20.0,23.0,13.0,18.0,15.0
953,19.0,22.0,12.0,18.0,15.0
954,20.0,23.0,13.0,18.0,16.0
955,20.0,23.0,14.0,18.0,17.0
956,20.0,22.0,14.0,18.0,17.0
957,18.0,20.0,14.0,18.0,15.0
958,15.0,17.0,13.0,17.0,14.0
959,13.0,16.0,13.0,16.0,12.0
960,12.0,15.0,10.0,13.0,11.0
961,11.0,13.0,10.0,13.0,10.0
962,9.0,11.0,10.0,13.0,8.0
963,9.0,10.0,9.0,12.0,7.0
964,7.0,9.0,8.0,12.0,6.0
965,7.0,8.0,8.0,10.0,6.0
966,6.0,8.0,6.0,9.0,5.0
967,6.0,8.0,6.0,8.0,5.0
968,6.0,8.0,5.0,8.0,5.0
969,6.0,8.0,5.0,8.0,5.0
970,6.0,8.0,5.0,8.0,5.0
971,6.0,8.0,5.0,8.0,5.0
972,6.0,9.0,5.0,8.0,5.0
973,6.0,8.0,5.0,8.0,5.0
974,6.0,8.0,5.0,8.0,5.0
975,6.0,8.0,5.0,8.0,5.0
976,6.0,8.0,5.0,8.0,5.0
977,6.0,8.0,5.0,8.0,5.0
978,6.0,8.0,5.0,8.0,5.0
979,6.0,8.0,5.0,8.0,5.0
980,6.0,8.0,5.0,8.0,5.0
981,6.0,8.0,6.0,8.0,5.0
982,6.0,8.0,6.0,8.0,5.0
983,6.0,8.0,6.0,8.0,5.0
984,6.0,8.0,6.0,8.0,5.0
985,6.0,8.0,6.0,9.0,5.0
986,6.0,8.0,7.0,10.0,5.0
987,6.0,8.0,7.0,10.0,5.0
988,6.0,8.0,6.0,10.0,5.0
989,6.0,8.0,6.0,9.0,5.0
990,6.0,8.0,6.0,8.0,5.0
991,6.0,8.0,5.0,8.0,5.0
992,6.0,8.0,5.0,8.0,5.0
993,6.0,8.0,5.0,8.0,5.0
994,6.0,8.0,5.0,8.0,5.0
995,6.0,8.0,5.0,8.0,5.0
996,6.0,8.0,5.0,8.0,5.0
997,6.0,8.0,5.0,8.0,5.0
998,6.0,8.0,5.0,8.0,5.0
999,6.0,8.0,5.0,8.0,5.0
