,three_body_y,three_body_z,three_body_x
0,-0.15517074079007465,-0.10230843636653485,3.9881382940929613
1,-0.053636715924475796,-0.09568481245928832,3.915617025915786
2,-0.09361866024384341,0.03292716735033302,3.879330935739342
3,0.23171390969594502,-0.0989365458364607,3.7505289477817465
4,0.08615060961611545,-0.03761165341127862,3.6933409288023205
5,-0.045894941777894376,-0.11570120336386347,3.9240154156764353
6,-0.011942840194964353,-0.06042122386068747,3.951212221672175
7,0.08306019347288351,-0.016662177128340238,3.8792241523561306
8,-0.032551266639826194,-0.024615166597555013,3.8344077045452116
9,0.09930337229717609,0.06868887750978153,3.896658510506535
10,-0.001472673219106116,-0.000585802463101314,3.92621558904541
11,0.08268328037536235,-0.041707897528435595,3.813296113705636
12,0.24235840214844873,-0.07578425497568918,3.7967897061320524
13,0.08193662948253311,-0.08834717039284191,4.009035244523439
14,0.09880590750078551,-0.08325917309758116,3.766454666788665
15,0.14586332414728945,0.1499507939258092,3.881393547645
16,0.16391083493217776,-0.04770469498703612,3.8841943291398042
17,-8.857993252800456e-06,-0.08718530187264568,3.903729570100596
18,0.03148884875759819,-0.16665833368183933,3.758539689685497
19,0.10673400264162317,0.11900108453990353,3.899480705399106
20,0.015102581731302432,-0.10700530787358227,3.684550148074779
21,-0.014524756080064767,-0.09880012259106165,3.871951411301944
22,0.045261435662021156,-0.0070695078457451935,3.988226606487681
23,0.12227780522406664,0.17141657734971272,3.981552624036941
24,-0.03834218623646941,-0.1385837373196017,3.854668672135977
25,-0.1000267178846144,-0.06482473716370164,3.6979391682749507
26,-0.035701708294314606,0.11039358573137537,3.727050100629164
27,0.12674094726238166,-0.04813245244077676,3.775661568526224
28,-0.12979212364362086,0.16584392347747448,3.7432211407558915
29,0.16301782681440424,0.03568159817354482,3.775066579133365
30,-0.008172320276455876,-0.1591453249887603,3.8716323653574816
31,0.10975861004398677,-0.007528358149893719,3.837670222457783
32,0.03470758562288191,0.25062681442777834,3.735744665487975
33,-0.009823674289047422,0.02894413608322834,3.859322493556742
34,0.07897275699222488,-0.05769266557644012,3.837429106165928
35,0.1684235605897373,-0.026648867415881433,3.5241121351325306
36,0.11269734777467133,0.03234721186352294,3.907006024675623
37,0.1203767604332524,-0.013057468137696536,3.6774727028898435
38,-0.007348378320916407,-0.053575656075544875,3.824757864654782
39,0.23956519055956088,-0.05350603005622179,3.9108089702850504
40,-0.05429392364317406,0.10668147372795206,3.707797782841563
41,-0.03605556099825761,0.08993962891605808,3.8531079518430547
42,0.11374997944213633,-0.0363091514722717,3.8324714454537023
43,0.06308960074370817,0.10637992667238659,3.7244182946484687
44,-0.073074808018748,-0.05692590659304858,3.8674097170692727
45,0.04329169436326344,-0.023306375134502788,3.885445606900526
46,0.07217695776904126,-0.1178151956629881,3.731685302111791
47,0.07250084165761854,-0.03789768490710316,3.8917705760213286
48,-0.03433720219470555,-0.1660874405214798,3.87364967425216
49,0.11325230975506158,-0.17402144027023758,3.692816102317901
50,0.13812217910325822,0.059985122674919046,3.8867621046850354
51,-0.07102173843874743,-0.20149031497956288,3.975383316492142
52,-0.01896346662496682,0.010993169647444201,3.9094055992314036
53,-0.08369231962001733,0.08718534208289538,3.6822104366116473
54,0.14623572842911556,-0.10403982170372227,3.653751501861249
55,-0.12460330492184929,0.019789947446028067,3.8669136169485534
56,0.1954058731399378,-0.09485264858955528,3.9233694509804247
57,0.06055648600501191,-0.06463461580857208,3.9495354531964852
58,-0.07793314229806761,-0.02714463084381067,3.8668847507821718
59,0.025944336711118447,0.08747025422382727,3.967992166498884
60,0.10591334332296168,-0.03374272811090646,3.7803280918464246
61,0.027717199679427103,0.005284993690737389,3.774977529155156
62,0.10415825138515902,0.07870310656502577,3.7419460939103275
63,0.13271877528370093,0.1469729117247993,3.949768996534641
64,-0.013559283854159228,-0.12554097619762372,3.7521042299384044
65,0.08322889233453046,-0.10700361007602893,3.973583382593635
66,0.2426322187973608,0.05047880779622041,4.070946375812889
67,0.03793377178928721,-0.03437269017172182,3.8022218905867846
68,0.052965223979565865,-0.07957252691416111,3.9973382041303473
69,0.06998469931947046,0.02777666472569859,3.9302195025054583
70,0.1712297828634974,0.05426535101424417,3.9267457897814726
71,0.17264202454525565,0.011545917693085363,3.8996338517231353
72,-0.05693138585956734,-0.008139729489989462,3.7853143339839255
73,0.09036009361031563,0.0028870364275630487,3.6286279005669857
74,0.2769247975320042,-0.18298681896656174,3.872362097379342
75,0.09275752133006461,0.016064530794666902,3.633533356902869
76,0.052951142346110106,0.058831603776445696,3.903214438215512
77,-0.09445182265411009,0.15964226208728377,3.6551864559085145
78,-0.05886859825675384,-0.0844292134107863,3.828836115202329
79,0.06072405471280212,-0.08004695424977565,3.83421065484948
80,0.00315682792540338,-0.1279979922897474,3.872482230879726
81,0.07111813722504046,0.07149954342408736,3.8151929847712602
82,-0.11582987866304009,-0.11493135512424119,3.8372550357938406
83,0.11894215038259207,-0.004483718190857851,3.799972151126604
84,0.050385055846157295,0.21960506266688784,3.9269524304498806
85,-0.07103993956183949,0.08728204936523112,4.002960477823801
86,0.07948414185669161,0.07506231656942954,3.867905587535452
87,0.0067397329509333165,-0.014499344319451447,3.8897139929441935
88,0.05878497738507303,0.1286954583283093,3.7313686830888226
89,0.03501284242527785,-0.07558660489702455,3.8209979164616765
90,-0.0009109042420265903,-0.11293732538796918,3.9554974225447035
91,0.19506373874440194,-0.0007126254138966842,4.002221402774884
92,0.21862491196866088,0.13102946219582878,3.7601221295113594
93,0.08808468455080498,-0.12042659669245628,3.72666383020522
94,-0.1056215446504388,-0.0724623008021253,3.6121465586934667
95,0.1028930642534146,0.021325716670011426,3.7450570471819438
96,0.11685772298254479,-0.0911754820982288,4.000558106845522
97,0.08428166535565793,-0.11225136176831374,3.857659448902159
98,0.23556811418721588,-0.10545602008438129,3.7949523890375225
99,0.09596691907444982,0.1251390486950545,3.739960798947651
100,0.1620495266866064,0.07627197479754688,3.7533723816014124
101,-0.049042386525787705,-0.06141219497641984,3.985104120256424
102,0.07563402880096469,0.25596371219269226,4.034413321089671
103,-0.005737719079115362,0.1442344913878699,3.842297066512977
104,0.17160217914582893,0.1344654586678548,3.8746344911789206
105,-0.09674431204710307,-0.12256513530132421,3.7608805977484883
106,0.2519625984131585,-0.12309347886357234,3.8951211215229176
107,0.0897442630443584,0.043469897897588414,3.891647110627001
108,0.15266682392179723,0.09653394708563229,4.0571415283207095
109,0.1260161656403102,0.12765446048737553,4.061930411809304
110,-0.05946245220963584,0.22507153228033247,3.848863087995189
111,-0.1334923365713678,-0.012976851547136235,3.882054364387863
112,-0.05062823969026201,0.2113590545832912,3.798330556630992
113,0.09580894092869571,-0.025906916438130635,3.7811265477311053
114,0.013848517003412213,-0.057614451850556685,3.933951876509703
115,0.23603547194361188,0.04024157638940237,3.933880603387462
116,0.12808760305208972,-0.04083291811756836,3.7894642449551577
117,-0.135448141447763,0.17605291199035,3.9216263747533864
118,-0.060642700173821416,-0.11377902939203453,3.7586792323641296
119,0.15845355206441833,-0.03003099472970033,3.878154453938963
120,0.09414391493568099,-0.04903038725685148,3.6469892722989283
121,0.024197798052115624,0.0484391628950947,3.8254130462720317
122,0.21584868980753047,0.1067097729567004,3.854392118655417
123,-0.010577070366091144,0.2495983670819727,3.772985603983069
124,0.22072499144904312,0.07609253440653699,3.800515678222617
125,0.0957541158366525,-0.10504140869150276,3.8801299046107434
126,0.09000954944699208,-0.07731320453165193,3.968190094257932
127,0.18053663822964855,-0.15979692348015512,4.1147937839183575
128,-0.10424942514872035,-0.11614071468900199,3.900940316558517
129,-0.18516791993579923,0.09665394016113399,4.01637401761053
130,0.07408602398869957,0.09800850193554818,3.7010611926039765
131,-0.058550470004842974,-0.009579948089662615,3.898642868249246
132,-0.010826148462206663,-0.04179502838029724,3.7088461016032888
133,0.003493706391520239,-0.09965034579532267,3.8121506737999185
134,-0.011720468614320877,-0.039662585368408505,3.8495551671978534
135,0.14396912351306232,-0.11410460067084138,3.857813774920006
136,0.10893658886037105,0.021327265323383297,3.798655490035308
137,0.016182357522608132,0.11670564190280691,3.943275752294488
138,0.0843006462711297,-0.04667048248549742,3.8602869083253917
139,-0.018667504798722638,0.05066395289533302,3.7553244578896754
140,0.04676652576582194,-0.023655943021687442,3.919242105803406
141,0.028496874612476634,-0.18830947663306127,3.7594590273765043
142,0.02377993939588536,0.10284193842862549,3.82480808844452
143,0.00821353427751003,0.11767387045606943,3.944139691420383
144,-0.008453142715214516,-0.08829775593079231,3.8907163264410025
145,0.04975252476350189,0.10666276090336801,3.7294206304785775
146,0.10447971221650931,-0.0014726132959054648,4.006118320279004
147,-0.07977258074592247,-0.049272995244205454,3.7363899070885975
148,-0.09219388899731129,0.07474258987843839,3.9195118979414163
149,0.3181911826237209,-0.030091851600517867,3.734604522136368
150,0.07401253270275604,0.21305222002305985,3.9731659482322703
151,0.06344130131792729,-0.014374517071209406,3.688161647472805
152,0.13989447417601508,-0.004600684614713165,3.8463131863082407
153,-0.03820178791592175,0.003365264399995854,3.640431408130348
154,0.04743708992051937,-0.07425265051497006,3.881276249391534
155,0.04980590719184682,-0.022316365750885463,3.960468443530598
156,0.058525588934345826,0.02696857989472593,3.8069150528238724
157,-0.018349132833296804,0.04348691894261759,3.9260263252966343
158,0.11193129422605431,-0.0861968680913115,3.8384641979837273
159,0.0726530182134694,0.053524248556258036,3.916619766916664
160,0.10394899571273541,-0.04442102307269324,3.8180239653929875
161,-0.009241146243871963,-0.03439724464947607,3.7118591331211173
162,0.10561189561695429,0.07465427945840183,3.940525812016246
163,-0.015889812196855556,0.08220750834412283,3.8002207166132522
164,0.06743003579981023,-0.16875932441865768,3.8102280256188457
165,-0.03412591470956245,0.018610345520277637,4.038598474562569
166,0.18626100947100632,-0.04485979505905077,3.8594905528179266
167,-0.02713702695567164,-0.027562354791792407,3.8218521713657436
168,0.12220242479380827,-0.20226456009850527,4.144379345991646
169,0.034052181952235416,0.06310211786246493,3.805363919912196
170,0.020025680091966952,-0.06642481949318273,3.828435383442951
171,0.13310584699989295,0.1508238171869015,3.7377097286814087
172,0.049671152637778174,0.06476416904150387,3.8190411396662727
173,0.15092009358309413,-0.10383525243892472,3.845198316072275
174,0.01325053192133007,-0.16351626408871592,3.961295382574505
175,-0.05874906462098007,0.1141462032523088,3.7359645379395143
176,0.08088778771101013,-0.007265917848898679,4.101551663798165
177,0.016035827051870025,-0.07838056964308843,3.7779523153538617
178,0.12675577776229585,-0.02643650183105019,3.873361874573215
179,0.07788841497111573,0.02435269994449471,3.7605231494004157
180,0.014698336759770225,0.054745826538402376,3.641542575194567
181,-0.07503980237872732,0.11496707111222702,3.8762238326533325
182,0.030325117392699268,-0.04554014806695724,3.9371172312280502
183,0.06884729081569706,0.12209557218033801,3.8614040077064935
184,0.06769274482228847,-0.026880638486600335,3.9028358331954016
185,0.0997330368129106,0.02091971183822715,3.785468158230489
186,0.14925004086265095,0.05454528078315758,3.7540136623601366
187,-0.021351445188511876,0.12673601531281126,3.6844310960821387
188,0.03260533705424302,-0.16038985638529327,3.879743834197656
189,0.008115276973121588,-0.09270379030992335,3.8194246850866467
190,0.20209610691447544,-0.08312735914187233,3.762712385959143
191,-0.05689997647896921,-0.04431894837286866,3.937160765377409
192,0.17635285557000654,-0.05897663206195763,3.761513942965841
193,0.2107997301253565,-0.04214101988505214,3.817049527419728
194,0.020648405946632677,0.019994797023979747,3.6611819010102633
195,0.10003233002665672,0.14972735142686236,3.747269812295288
196,0.20195042897557097,0.02451899068019575,3.9798744650803255
197,0.028793870244736966,-0.0016308233420062033,3.6814527180488676
198,0.11432740632519851,0.2548338772985754,3.898542860459513
199,0.0010537827376533235,-0.05131750333071625,3.947447573271744
200,0.22339740447893325,0.1001993377145076,3.875757347435734
201,0.1470919150656795,-0.12548504765977353,3.968027671716416
202,0.028416839031679998,-0.1389025078260104,3.691426159945098
203,0.12920750013334903,0.06861073564634888,3.858154547138446
204,0.020532942785285196,-0.026558320523052938,3.743335630366063
205,-0.013581301779711348,0.06336096225834238,3.9150088296055765
206,0.3475354121653809,0.06773094434198433,3.7486757766641405
207,0.16259543463242987,0.05062415164883021,3.901905280332958
208,-0.07499599144487681,0.0473759324712477,3.8260392565724772
209,0.06916715012703475,-0.13277992281673878,3.66856120006443
210,0.08378294748242561,-0.0715342464587714,3.874393732687593
211,0.003382363626212845,-0.0055983334829625316,3.800590650646969
212,0.059907066718636985,0.12718897278843275,3.6796640775107305
213,0.03177315365836175,-0.13985306855891358,3.980289541017668
214,0.11020353469017583,-0.004085635238269189,3.741630925453409
215,-0.30518113046199485,-0.08139741519902868,3.6683610106955014
216,-0.16137341004087036,0.1518430425190278,3.765445697901993
217,-0.05431957195788973,-0.12903917566430564,3.8311448034118976
218,0.08414088668954973,0.12887146596276308,3.985992151766001
219,-0.000814006211708275,0.23316116961497593,3.9663607724371466
220,0.11061512453258082,0.05143764708864593,3.6983018075585328
221,0.07704947710998648,-0.09247637080524537,3.772918994230293
222,-0.04542528389892362,0.16669171368979296,3.9936731810858572
223,0.03440181161400763,0.19658818382506732,3.8151788664360233
224,0.12416952563664455,0.061614793340481436,3.82261482581804
225,-0.057238577504469444,-0.0035356059225590494,3.914509656277963
226,0.0021715622387428954,-0.0798591604697455,3.8835090715040157
227,0.11749113717628562,0.02247605909529406,3.7716977681234587
228,0.054693378044146854,0.1670246120204192,3.938972829169087
229,-0.011196272011657814,-0.031784590569579836,3.9839354147818553
230,-0.043423504677468604,-0.08492864893568036,3.9932755495091645
231,-0.013503645818508582,-0.001476811960005855,3.768511160662949
232,0.04403162427529403,0.0375862302930276,3.7086929014127894
233,0.18415295746651136,0.007252416197326358,3.9722234912624153
234,0.08164908084030865,0.06445886826281955,3.7450085463375213
235,-0.15511985958153826,-0.12252120892833838,3.8880502063021503
236,0.10532952336450221,0.18009583475521396,3.709935857067444
237,0.1560526385670637,0.26281039368002984,3.870872037683231
238,-0.04559104427741675,0.08178251676182759,4.026091681840325
239,0.1289537536259039,0.037128326872255,3.8437485304478236
240,-0.055580547290984834,0.0966865552436993,3.620194973255429
241,0.08241662716754988,-0.08026986101740641,3.8640562630984228
242,0.10351956814413957,0.08136139595438784,3.738878781586998
243,0.1918063627225411,0.10803803821444986,4.062912335193
244,0.013941616984682562,0.005846635297409281,3.8356748394103177
245,0.09013720579180029,-0.0921189497225165,3.994928071947583
246,-0.010358419961938349,0.045274475971147116,3.7587641072436133
247,0.05777185710433964,-0.0056201371268235914,4.027103612389862
248,0.03727241509550522,0.08700779829750593,3.7691216719408827
249,0.17592499536904846,-0.08358562135849382,3.912501983438209
250,-0.04266493382396893,-0.06386936965928112,3.819463104311886
251,0.04105908051608699,0.14147173728844323,3.6954381177863205
252,-0.0850884888959953,0.061529106540065895,3.745315881943001
253,-0.029581165107190173,-0.05931712195555309,3.812834141833727
254,0.07015831105628573,-0.10455715175790115,3.905720495513233
255,0.0979644927070239,0.08703499276750605,3.75404677527859
256,0.07982868675386931,-0.17522013427957048,4.030621314990695
257,0.19183661729064155,0.012385065893293051,3.9389206136324435
258,0.11039192266150219,0.04323679813737299,3.851667308295597
259,-0.02612883297818413,-0.11916357984064894,3.9811857197507883
260,-0.11800500847975529,0.18922715850264807,3.916781495675375
261,0.08431851535430834,0.0032131271037367823,3.9974650074165545
262,-0.044498508719659415,-0.016734452276598446,3.9116898600519683
263,0.012661044033903945,-0.03447880261341374,3.9365867125897847
264,0.14863018687622806,-0.1202675652640055,3.708786432570956
265,0.018232110184894845,0.08892976326127609,4.0417217048016045
266,0.030264775654912958,-0.1590740751568907,3.7068115210239334
267,0.06257392513264784,-0.029791037890433143,3.9393271228390505
268,0.07342479803442095,-0.20390050206655067,3.8726100283941487
269,0.3055656614972258,-0.04187098905917472,3.747688519257777
270,-0.021911046824919435,0.07316701837714411,3.972536698127815
271,0.019883289663358644,0.03965001786110533,3.7985682178440126
272,-0.11251286521108952,0.12977435251683092,3.8978535891864157
273,0.015351987615347833,-0.08872741919879085,3.757810411046576
274,0.20899289694981416,0.03170928876029059,3.962751912062785
275,-0.015301528728997059,0.0562051038753744,3.7804945364780886
276,-0.01451734483864086,-0.04781622440205832,3.6677930868839885
277,0.07670872629725964,0.10863405721929605,3.8610563404743568
278,-0.006496782805232429,0.17053542082538878,3.8208146156587266
279,0.12729313700049746,-0.0708611448963522,3.860729653473538
280,-0.04141061207069572,0.007687602584374931,3.830680130473273
281,0.02363451929886035,-0.05397491238622762,3.799474685824575
282,0.0346577822073029,0.020952251329656918,3.8296841500994536
283,-0.01909382044126525,-0.09055520590408565,3.8523083930322204
284,0.0736722492275896,-0.09746028238450737,3.733970240993962
285,-0.14415790957733993,-0.0451768817129605,3.765993895817518
286,0.10451267941473827,-0.1680190870269231,3.8548455460847078
287,-0.022086404230427716,0.13103231297040263,3.9052092708810373
288,-0.22252096954819847,0.06143157573618288,3.8186418862329887
289,0.13686754956019698,0.11312188710879037,3.838608598802781
290,0.25779772878633506,-0.20746206085847396,3.9419222231894193
291,0.035028722566269,0.037241278451249436,3.7822427930712545
292,0.1235326666502913,-0.04042166510904756,3.6818078786685176
293,-0.09377492335207291,0.05736266381196773,3.827510287562502
294,0.11675218153454658,-0.005166826349171133,3.7698766533206025
295,-0.1308292050757726,-0.06638286694704808,3.788088955923141
296,0.16787803268445822,0.03769074459865274,3.954452539567832
297,0.0027225218924053773,0.038310021775539486,3.8674071745837715
298,0.04722796885895417,0.1234116063944984,3.909727196503331
299,0.07155476784037708,-0.21560497831178524,3.7637207711909344
300,0.003611507887180239,-0.17451949474609152,3.5857133479285883
301,0.1727181305755875,-0.12755086230201831,3.914315062868694
302,-0.02548707061357771,-0.01503739102958937,3.7210339008673734
303,-0.010908935749580982,0.028064303516354912,3.754636875276792
304,-0.031152794775148755,0.05436988319845157,3.944865162366064
305,-0.04956016505454102,0.09400614670826579,3.984567263847422
306,0.10073009642013032,-0.04883283376701422,3.92251426893441
307,0.17241539441946907,-0.05382511509890891,3.8896779814841493
308,0.1403744296868609,-0.005357062388806052,3.9358763468425884
309,0.13143507005424362,0.06705922411131227,3.8147927600505103
310,-0.00795219268839989,-0.055674386747625204,3.8685360500626618
311,0.08322348985018613,-0.14500101489715284,3.870587847714951
312,-0.07826842585517654,0.1238285911482449,3.8161391455395757
313,0.11179980269358578,-0.05703568718557272,3.8803785455282886
314,-0.11872595665612753,-0.013215299751658202,3.79880206709486
315,-0.03014419557956185,0.10117102634660202,3.6825909418466445
316,0.11838845267691986,0.009910622667549662,3.929447925278945
317,-0.03066448283007158,0.031112518278644016,3.7803387818887306
318,0.13164674990255093,-0.036132913823026004,3.9591469940858035
319,0.09040039458673614,-0.014397958297829161,3.9633502145110096
320,-0.016433991108710487,-0.015928087258110218,3.8046626811186726
321,0.1774887682895304,-0.02358638332778358,3.809831533701561
322,0.1302641163327919,0.05816114976012902,3.802711508892492
323,-0.11131947892014912,-0.0667503361508051,3.9983685385638537
324,0.15316725883888113,0.09116419017680522,3.9443077061781726
325,0.11078876114682376,0.005544030019705073,3.987634942224098
326,-0.004692222792680979,-0.062228589201481846,3.806442486140471
327,-0.006853280066297568,0.049413870199026405,3.813835315767287
328,-0.005037957552453794,-0.15159988219035977,3.8536085051208775
329,-0.004167606144770249,-0.09334951104793604,3.746144527217607
330,0.15611084320934052,-0.04714608273155004,3.8491796807853187
331,0.08981666170643322,0.039817639816407624,3.727551906108391
332,0.07870529543430166,-0.023517762454770483,3.8666615323642772
333,0.06224229451252254,0.06460652139158628,3.8160571192280472
334,0.22463116536991837,-0.0871057836019373,3.9403821968137622
335,0.13483977506592013,-3.2874585464842104e-05,3.8147514949469135
336,-0.001614086215023007,0.15502696341722297,3.9776735127122347
337,0.10938102936497252,0.07078113888981645,3.7482692044143464
338,-0.018416855498362035,0.07509497551361219,3.75196361331004
339,0.12720613862243782,0.03455500251228803,4.041914350375627
340,0.04358062897426877,-0.030098747719522624,4.014532819029175
341,0.07023096841721849,-0.0290883310282203,3.848263783527089
342,-0.04077556771476613,0.26540946373489455,3.8114438499800896
343,0.09130556395554967,-0.1743014593296033,3.7980326572149252
344,0.036502169101607945,0.019763094766410756,3.786637681707992
345,-0.1059285075849071,-0.15929155410094253,3.6805483535624264
346,0.11703093035414316,-0.3042911248985593,3.7297372850744512
347,-0.06742235819722206,0.11449133259311312,3.87705023175641
348,0.08964861915172587,-0.2438896259884294,3.7211280202708013
349,0.12693188319046236,-0.1285166684265326,3.7575458539098587
350,-0.127815539302743,0.05890573483587448,3.9249282572835953
351,0.09371264529780449,-0.04756103966178608,3.899067337938292
352,0.026643964329162627,0.020275342497466393,4.0020311467928575
353,0.2504484455570778,0.11008458361437601,3.795431890201278
354,0.1363968008530402,0.052544328431701495,3.6861631579702974
355,0.003874450256772105,-0.21805479431381003,3.9909570099826444
356,-0.00428242714801267,0.10499516109248422,3.767608858863821
357,-0.02440101144016623,-0.25657609533838144,4.000146184808396
358,-0.03908273374180574,-0.03237173229514459,3.9116986430822127
359,-0.00702789450471171,-0.004724330640094342,3.745886137967713
360,0.013133736129621619,0.02076828829657428,3.8370576140702752
361,0.042244511489431424,-0.0801459573277726,3.768723994071101
362,-0.044085363859678185,0.015299907981574365,3.8471577246036466
363,0.07847266743995712,-0.08721105073420578,3.8050966399242663
364,0.013383974278068249,-0.04318424881462769,4.1226630268726945
365,0.0909127537262671,-0.18150565023452148,3.719430026002193
366,0.06105770318715773,0.16619831292936996,3.902167752033355
367,-0.015244561353432502,-0.05491477651893048,3.84692431434177
368,0.14102290643576929,-0.016088820385981514,3.9332029746752846
369,0.025475000300712678,-0.05716089442005271,3.785725273368083
370,0.06263388255096627,-0.15509610950070712,3.949959153774606
371,0.05902782348425457,-0.050272789929650764,3.9633230481709503
372,-0.07795763447908582,-0.18159365652055537,3.9461184029048693
373,-0.06295954283012403,0.12238954067504529,3.891546101559866
374,-0.06892981151641814,0.04749588630357113,3.852048030360699
375,0.21555064229369694,0.18180793399847717,3.7085234748331564
376,-0.07205346941582311,0.10103615977894126,3.8855310073638436
377,-0.033785948004027726,0.1114443803954892,3.8431613675616756
378,-0.0891642809815551,0.0027449551346394267,3.8891624423225934
379,0.1072229015006386,0.14835852992407292,3.813171587741434
380,0.22896265799983875,-0.02676218118712967,3.7795261694582467
381,0.06423275153451197,0.1499660811268268,3.9101056667025276
382,0.03648352415535659,0.15393208962719854,3.9251970955408053
383,0.15494207837631,0.04253492839588622,3.824641111976887
384,0.0889946255203419,-0.09049578965263944,3.7976362119568923
385,0.2436914012315078,0.1255783398226489,3.7989164614997972
386,0.17214189891331597,-0.10147431595015932,3.8919713255744686
387,0.05166523339723539,0.041467457504284336,3.9159710411361237
388,-0.09074521675288677,-0.07216763771359827,3.8820403924253677
389,0.012552791171732962,-0.1683264023413481,3.711405123055015
390,-0.06579986951880698,-0.15176783209903716,3.759788110928265
391,0.25621856595746295,-0.04744750408206019,3.916639118682148
392,0.2655712538604399,-0.08055682266681906,4.022600178467741
393,-0.02592708697569821,-0.15096028612480725,3.901953185601417
394,0.22179254882834304,0.00957216092912931,3.733578774002646
395,0.20692501016580486,-0.044878518456540735,3.7622227346472084
396,0.08236399525352507,-0.04414860307173485,3.7592142781449263
397,-0.07302446484332323,-0.027584972897254912,3.8345819064364606
398,0.1457923720837255,0.022100202888806965,3.9094238232872573
399,0.05402955329824216,-0.06080396539895131,3.990752428901404
400,0.14069061138342848,-0.001293306007132372,3.7859587057603576
401,-0.001952631756848594,-0.01993509026812351,3.7948384094373133
402,0.06123485803896663,0.11013492362490435,3.880622338833206
403,0.1600163608751328,0.14303587743753593,3.96259610810483
404,-0.071340131877551,0.10068170621985845,4.014156725491347
405,0.06294595236206299,0.0709556482402861,3.9545528504016243
406,0.012177590440724868,-0.01942532018876423,3.9575214400611007
407,0.017037591644417732,-0.0624527824753087,3.773630869388661
408,0.0731986726771155,-0.09866493961537381,3.7903064304336835
409,0.13174205372759534,-0.10664506468966638,3.865400686834587
410,0.08635367070291815,0.10820003000755173,3.793630973811213
411,0.06970526371693708,0.0051832608123334786,3.876141239297696
412,-0.011202699612243093,-0.06324006684179843,3.7103729134783943
413,0.17418408192754292,-0.09486664352250274,3.79308895476498
414,0.09981003100069169,0.03198252947652563,3.736197867889098
415,0.08706640374094153,0.21134586657128396,3.9430153544885975
416,0.057011487269663826,0.014717040948110553,3.854406756399858
417,0.18960871483906103,0.0023408654904082823,3.7979651384098148
418,0.18402267777220038,0.11844141727549369,3.7194881741710586
419,0.11214934152245239,-0.10881603867076982,3.9089542849407755
420,-0.026734896882962718,0.012995384091865979,3.827360275735725
421,-0.00012963950892789372,-0.1931117183108169,3.7852516221882815
422,-0.12766135237509874,0.08382146608681233,4.0820634951024735
423,0.0796017023476737,-0.009358744826364005,3.875317269472609
424,-0.13681895405262443,0.05756159496459983,3.790133392529286
425,-0.09796669054235566,-0.023742752485873663,3.83317002248041
426,0.0318703204107156,-0.16461830968043842,3.72448648983963
427,0.15642321807462656,-0.006093168661959085,3.738090250133472
428,0.14426799821592642,-0.013410182158929139,3.715001123583507
429,0.00931798619805596,0.009589498183673549,3.79098485244378
430,-0.030118288632968525,-0.07137945391080938,3.8046877558184566
431,0.07619788934863497,0.007078764502550324,3.756688242210879
432,-0.008283363047571289,0.07378135489034364,3.9372644727126285
433,-0.11063425523901388,0.07549596723350524,3.915764636475597
434,-0.12617727458106637,0.07796197242080799,3.7242807503210376
435,0.051582459469549875,-0.11727140821403029,3.776131956921808
436,0.11425458222638057,-0.0037497416436034583,3.9214703279357788
437,0.02413815876363926,-0.25464299930651346,3.5797303160800724
438,0.16722969789398964,0.014060657327756035,3.666372636629517
439,0.38076360917193364,-0.0882242758971651,3.7481196246891013
440,-0.017811398424237672,0.13627751072291824,3.812650795274127
441,0.09924087808158237,0.03028732663036382,3.829026433671825
442,-0.023868035451415727,0.048079568112756745,3.756701481852737
443,0.0682117435849091,0.032647525793428694,3.8760938491701213
444,0.04710157000190043,0.10684118911333794,3.775528032279345
445,-0.01448530819750466,-0.1106635818603135,3.7756722529140636
446,0.2601567110508017,0.0912984667101907,4.000746110000707
447,-0.13589098172305103,0.016473889409503808,3.7648576885604976
448,0.030116845437338245,-0.09920213911738536,3.7403785314086857
449,0.18370005657335253,-0.04331515560904542,3.614154563143126
450,0.04737972176568207,0.07667344887825289,4.011855666855254
451,0.02692567776012452,0.06743991756025432,3.9876176423775256
452,-0.031033105556028263,0.11117570445887888,3.8472925376170033
453,0.12938745151488285,-0.019115438917686862,3.9665653092873865
454,-0.05455577862389447,0.0483987929912156,3.9007512710904138
455,0.003487260666819675,0.013955918026658269,4.021300946681475
456,0.15301137909001136,-0.08665158224151631,3.8319600356122567
457,0.09813475842600942,-0.1062527844616653,3.854257344482006
458,0.14082015056494768,0.11051151778712508,3.752378419393334
459,0.08094336974828148,0.022481333602306315,3.8592227996392867
460,0.11448639703861765,-0.01977492588871416,3.926978554048163
461,0.028268260403756088,0.05798292959899037,3.9432199329888915
462,0.29451355307626664,-0.056814681677082715,3.7429550415658803
463,0.03896548524406112,-0.0448755547666011,3.6470711468299313
464,0.0392346088000489,0.04649116179507168,3.822036578857167
465,0.06623202338120848,0.0036282766565957124,3.8457939796782763
466,0.1735155527953457,-0.037803429498102836,3.724292146119059
467,-0.07189485449451002,-0.21022957110234045,3.869403511185935
468,0.13473599404389902,-0.043463318811474506,3.862256682267355
469,0.06476621968633947,0.0508152380842595,3.8144849631608633
470,0.08207219760299278,-0.0547452301966683,3.800913174956229
471,-0.052591171500394905,0.00412306868008514,3.908196833646
472,-0.0024656308809017716,0.05433573621060983,3.917668307643572
473,0.10987836862846048,-0.05215949824547372,3.646942297738751
474,0.09067074136691455,-0.04330196430060231,3.860579114286098
475,-0.0062253855077434375,0.16687316224584986,3.6219614004976
476,-0.07632514761428599,-0.07089135817914345,3.695006347078277
477,0.03349851652602028,0.11276864760455584,3.9391438034640083
478,-0.03969843281581333,0.18664792487913073,3.9500881206890033
479,-0.023774933567408486,-0.040951531610091074,3.7764950786202642
480,0.10614170070599108,-0.1580777919180849,3.751983287129369
481,0.024901072017503353,0.02786503072496893,3.6891509639889493
482,-0.07627847354979014,0.08933120459612003,3.84879235087551
483,0.11210473492120478,-0.11662949496852425,3.798220280525256
484,-0.08029850279750181,-0.07472337076304085,3.8572647367085566
485,0.03771202377555013,0.014928205151682434,3.791908553503966
486,0.055133446614976975,-0.12727164219344964,3.8252511374649876
487,-0.028766667238902956,-0.04991104717641569,3.8754944337367987
488,0.049266712268040046,-0.14763637184048908,3.8625837667473713
489,0.08843800441245889,0.0838178729231299,3.967755329519846
490,0.19275161075039596,0.07999957615464613,3.8384473026416686
491,0.09625014672189691,-0.028380447386787862,3.7637725504435857
492,0.04809480663243306,-0.028833047822248353,3.720830875192378
493,0.006728351487302907,-0.16111706702014988,3.8166595558557357
494,-0.012648170239365507,0.059779073716611814,3.7071552531728593
495,0.10674090305033856,-0.012018000809735167,3.77761166408192
496,0.1485748386845591,0.05584211347167039,3.911013476080914
497,0.0427363885874002,-0.15619585763038557,3.7038707781682754
498,0.15542603924981044,-0.0782298667641229,3.8103938577333953
499,0.08816213574441961,-0.019409687356820693,3.906154942404636
500,0.16193751754091112,-0.009714627484038002,3.9600363795334017
501,-0.13221695360709065,-0.1238991327144597,3.982859681787951
502,0.1987845844616575,-0.03330496816617313,3.9246044846836203
503,0.14903588330679998,-0.02359603411732059,3.8975340910791045
504,0.14235985275783605,0.14757730408320666,3.917981329435773
505,0.29049610317226265,0.0655883949874887,4.039259958751531
506,-0.019434294878241686,-0.05293461139861563,3.797906363041006
507,-0.02287876466507393,-0.023222980005431524,3.8486642640376156
508,-0.12274914817138805,0.048704805874073026,3.7272786554642745
509,-0.055106282671141905,0.034306828384419556,3.9276342800827733
510,0.018824665775337285,-0.007227433471569409,3.932348954871428
511,-0.048713741446177274,0.02566551000213504,3.8806030402082277
512,0.010477774817492458,-0.009046348180257685,3.8821771280415946
513,-0.0790051975996302,0.12127579369564473,4.0132703819832445
514,0.012873877251212015,0.03859864828413076,3.7927301332260317
515,0.053242750609163274,0.049959543055147854,3.65171061680123
516,-0.05272277856955814,0.07780429851391431,3.8345212144718324
517,0.0102623131947348,-0.057558996161107295,3.81723202309245
518,-0.020164877738176566,-0.004465102769575055,3.7117117644987276
519,-0.10045786499754181,0.03876811820371327,3.8842040677584597
520,0.07717854271458316,0.03673605968582202,3.852018536551642
521,0.03545715725439162,-0.14229439116085285,3.744906548008762
522,-0.06854796366769073,-0.09720130880896077,3.710402907974837
523,0.24663461933043174,0.08117419976361422,3.8537939139510393
524,0.09006739341225488,-0.050818366541899807,3.8790800508420835
525,0.0635225288450615,-0.13944833793502037,3.96202724056204
526,0.06334908959548795,0.050649749373469166,3.8196570281780726
527,0.08766820593536097,-0.05584740216310862,3.845347549244801
528,0.035128853118255816,0.039990719213702085,3.895956128986266
529,0.08479508708402707,-0.1653836928369867,3.9643638204826583
530,0.018828428261613857,-0.011145082758319418,3.8886899681406164
531,0.009422721158332807,0.27240265268851555,3.857376304520175
532,0.10584311308650926,0.017374596464867147,3.8812340469921534
533,0.20194323181823073,0.11903356537066755,3.8224949606896113
534,-0.11022572236831005,-0.13134047554541192,3.8567406004839007
535,0.12816092566535683,0.10850631257067384,3.7022794655009617
536,-0.008933450780688655,-0.005233488859974638,3.8612095921304372
537,0.0850024588965806,0.10813193286837729,3.8936409009742583
538,0.13906913446435964,-0.05989490193876264,3.7739499963244563
539,0.036789972845056154,-0.06796618815511161,3.806506553516498
540,-0.093609123467888,-0.08944964740981869,3.782145931502751
541,-0.030314619024478635,-0.20958628492905285,3.61996862488905
542,0.002504363552245696,0.013452882660976932,3.794743195715446
543,0.005379966226901706,0.09564325986279466,3.5194094873865946
544,0.12929333613109356,-0.16902599763224493,3.7028057452666503
545,0.22889725734443048,0.06795730283344126,3.8347387197210034
546,-0.0592231213780938,0.04147927795203011,3.9708290410672635
547,0.03690940625489475,-0.07957882541460785,3.7330514342252012
548,0.08637190534088138,0.06830756963110496,3.7454220283181536
549,0.04808811496327552,-0.003558965508654737,3.710777391563072
550,0.004172856949160239,0.0631721063227245,3.96380408168021
551,0.030249191266530286,0.026460592759492724,3.9998960400615804
552,0.12390942226183957,0.10784710442139829,3.9395315875841623
553,-0.08394977242965734,-0.04205579948564614,3.8677500150318043
554,0.0705920605611837,-0.11912400439375177,3.7332883201481337
555,-0.1151054599039861,-0.0026747688035776112,3.9120754655901298
556,-0.07445861715056354,0.18913593197996859,3.7038269473310286
557,0.25920601778076124,0.06830946322360006,3.9835672331663257
558,0.03674006269821534,0.061526943740741774,3.748901602439985
559,-0.013741761327331702,0.08321561887591933,3.7725755040686155
560,0.2382892309095272,-0.01553654180674968,3.8073854735938557
561,0.009215314373484766,0.1319564105933615,3.7145426716726377
562,-0.011704033813235891,-0.022262732615640646,3.770267300148722
563,-0.05612689353776606,-0.07383685182447096,3.6906307839871406
564,-0.06384437884058258,0.034689592875021734,3.816537881306667
565,0.11129102604324467,-0.16153521273976032,3.8566990305102946
566,0.15203806990015284,-0.1107264880727184,3.7929794162111397
567,-0.033639108456370005,-0.17369995454467402,3.882993531822653
568,0.04474254776164711,0.16239031576840723,3.6571473815089965
569,0.07130827259878429,0.009298010381562909,3.881736104575709
570,-0.07283510098268581,0.0521123930015893,3.773859665778205
571,0.07152882369166541,-0.03911259923606709,3.9414165516435276
572,0.1680765394358835,0.038869029944454375,3.9501941726117367
573,0.10982073334717075,0.04400663051358781,4.038801237568208
574,-0.060056253177926185,0.08600087390442318,3.8382963300953996
575,0.06261643006377607,-0.10746826962846756,3.8277903211849345
576,0.009512529036476917,0.06097966593360951,3.7987532949871463
577,0.07956996471023944,0.02873899216121263,3.9349693575843006
578,0.08121139869060205,0.039663739963299985,3.796969013945528
579,-0.00040499642714957734,-0.1054198278949443,3.9974926569635425
580,0.09598599960865913,0.2472791523571657,3.810518250382778
581,0.16842924571146825,-0.009579062988721545,3.920090360074918
582,0.14018136091677075,0.051176206724598806,3.9032257269459136
583,0.07459033364706827,-0.12332021320156733,3.859557866512669
584,0.09840925920963103,-0.12909839107067247,3.9189449829568854
585,0.2400735031024421,-0.0018613103329312563,3.8083171429904623
586,-0.104494066857934,-0.22304410180431358,3.895797215616899
587,0.20874035117448222,-0.004247089566719704,3.8733546675330395
588,0.24425303161304415,-0.1917215272534643,3.9151749228002264
589,-0.06851328176485508,-0.044927337979872146,3.6887332519653135
590,0.2329225486344502,-0.10712515328099939,3.746681983989235
591,-0.1669827994819629,-0.10012838517045902,3.698465827268331
592,0.061609570262733795,0.017326665754591866,3.7149652470795913
593,0.22804247543530012,-0.03440150163270214,3.8488122087409997
594,-0.006602543160438214,0.1243182470605932,3.9190487767089475
595,0.2713318025988877,-0.21519941357169126,3.919473321568289
596,-0.14997086572379117,-0.00582043343998684,3.8839716830043547
597,0.20571194996484024,0.054428558093149275,3.878683340574227
598,0.04418412165572863,0.09461420079097174,3.9752937684363667
599,-0.04554378213892148,-0.06569402456901631,3.805405717902097
600,-0.052228757343100764,-0.08802463168640702,3.7631305672170194
601,-0.07889377594801789,0.052572243775006404,3.830653260109434
602,0.01547240973166604,-0.055232268202587344,3.8005390987353422
603,0.053956182366692244,0.09264100594692812,3.8692288638399033
604,0.1313949291331582,-0.10915963735273418,3.787651881136245
605,0.012752502250714726,-0.11832482881777194,3.953304868310133
606,0.08993784684915519,-0.02107102774719991,3.9077208262405896
607,0.06070668139818743,-0.07690615166421295,3.7099085451977323
608,0.21276059197440483,-0.005206563965389491,3.7503922136124737
609,0.1388618076642378,0.018974175955012326,3.8344087788869716
610,0.2406464796429323,-0.09853942593604219,3.842413121522725
611,-0.09742257220795714,-0.08112517970230852,3.6785450120518135
612,0.06796099166673733,0.1531314809896327,3.898050752302522
613,-0.19461719827077287,0.15462563509581156,3.820259901145123
614,0.15632663006413108,0.052822224672193954,3.7529617071539247
615,0.13042663186918965,0.07725276523746233,3.8477152999719775
616,0.07304734447609994,0.1089915965770954,4.028968315717954
617,0.14048254578547742,-0.10201544143086028,3.803706610542765
618,-0.0833785266077918,0.04469494396834865,3.9008376176943895
619,0.09922871914506193,0.002891279004231839,3.8252375202476756
620,0.16793486774825933,0.004608500297351824,3.9069312960709115
621,-0.1837798838151212,-0.0012036274071222373,3.942765414793418
622,-0.08326469959997418,-0.12735617365763055,3.7906491568311393
623,0.10041673206517743,0.0026386079279166,3.81399770747162
624,-0.00402188866138499,0.0839818322874837,3.8012331170897182
625,-0.007046687997049279,-0.07122134349883623,3.7281119475572377
626,-0.14099931842152458,-0.04675846646032241,4.001464337730725
627,-0.10663159761215155,0.2621430307852578,3.7934602086118123
628,0.17066026803380346,0.07783751291274711,3.8408021221399307
629,0.13933678744335506,0.06902778662533131,3.9963123236505105
630,0.05166287767491666,0.15455010644333006,3.782192016291744
631,-0.03427027351568066,0.021251007185844457,3.9054810734241125
632,-0.0530123170567157,0.0011478359013198703,3.8367029576153926
633,-0.08324970016716365,-0.21546623753561023,3.929131038716086
634,-0.05639394094222699,0.05749653867330384,3.8884257100576183
635,0.07816845623880436,-0.021116801456611774,3.9915016966299506
636,0.28450738124385133,-0.02921625577482358,3.932078657540869
637,-0.06684038267357079,0.09661092590595038,3.825197997109004
638,-0.045320985391139844,-0.32209705700319985,3.938432199764264
639,0.12849497004592503,-0.1902243403570819,3.8077506625848554
640,0.0659532644742836,0.023203276641356865,3.8032487937457833
641,0.026070664084097958,0.04305498460845815,3.659076251730523
642,0.017168760130533305,-0.17725785310757924,3.8548232879405586
643,0.028436276785082447,0.0375894765871341,3.9053379491080173
644,0.05550708208968846,0.14717328402400426,3.9621710188612838
645,0.0077080445043465826,0.05476387772507651,3.808761365009446
646,0.12100015837362707,0.04229722364920236,3.8010851273662167
647,0.0025474350836134224,0.05063214259605604,3.833628683332713
648,0.20549832720174208,-0.07681306494056946,3.909631316772547
649,0.04784586830927573,0.008490210572678115,3.8804779365722535
650,-0.1200764026441549,-0.12062687802584425,3.758209954093737
651,0.03136424561724378,0.055028866822806645,3.768484993351592
652,0.09314622937180356,-0.021289553795554715,3.78756612687863
653,-0.0296942486628771,0.0841747126981933,3.9152157346743057
654,0.14979446496412108,0.030842081852661046,3.912236823739344
655,0.13168793169204818,-0.13352161476476251,3.785784837285177
656,0.10301311130763874,0.02828579182985147,3.7168728565063063
657,-0.10230831740560117,0.09443449608105478,3.945194780136584
658,-0.022208218047680313,0.009826631963568812,3.879817161635731
659,-0.06858503970962326,-0.03743500098804255,3.9717039366878133
660,0.08131086931232166,0.050592562328140835,3.8400793079119033
661,0.10224623717925796,0.15291556645729903,3.9070805730980123
662,0.1906903074349967,0.03650000557318292,3.794667104211841
663,0.13427654223781565,0.11910897794138978,3.8340185226785497
664,0.014004437775527435,0.1338005424455731,3.8111671108045573
665,-0.03747330988541455,0.07164010169227729,3.825679973958447
666,0.10389378519773615,-0.13987911106637474,3.600010980854678
667,-0.04305922785470568,0.04512885497923226,3.91741122661417
668,0.11981700545051424,0.006967547837410515,3.8222139557798545
669,0.09446040436103043,0.019608673867727775,3.962199835461562
670,-0.02824635535128784,-0.13600637982191344,3.724308131688277
671,-0.06200489075527956,0.04876009678571678,3.854574501221003
672,0.18734905839926574,-0.09444201441278849,3.891460588737961
673,0.14658093016246385,-0.122198000182637,3.7330750278327023
674,-0.042202875681209874,-0.13456035067377833,3.7088914429793163
675,0.02800581194107033,0.07452603339482118,3.8020427199730435
676,-0.01543561786187981,0.04698113004648627,3.7812883892280635
677,-0.05299399830793546,-0.08394848366985637,3.800393809025287
678,0.15391623889271386,-0.007851873781539507,3.942646412699238
679,0.20795798284513262,-0.07899040708019191,3.878928119830395
680,0.029478798374678046,-0.10415659162962926,3.8129749267826853
681,0.18940945393454095,0.07948241140187672,4.09271210433193
682,-0.07408226322720216,-0.07185549831267395,3.7066835546862893
683,0.016648316307991483,-0.16713556600182894,3.7002290971844753
684,0.10623402748520189,-0.05444147985866741,3.8974219223099134
685,-0.044351594077419836,0.14207692280277948,3.7930095872983487
686,0.1027871543326559,0.049247493472240146,3.7848551233236076
687,0.09002995031245842,-0.08606854474687137,3.8312213982831107
688,0.01745881853959405,-0.11869457290191342,3.7293775484367604
689,0.11228909440351095,0.16516296690010773,3.846063788530138
690,0.05060779301471207,-0.08387036427153927,3.860860905926063
691,0.11077844665625974,0.05603032438348873,3.613866423288325
692,0.11477359567807624,0.015952150814269067,3.7827475865383744
693,-0.0072070156104465585,-0.023175629994507917,3.734134238156731
694,0.18963354743440974,-0.08733690703400071,3.9475019289133058
695,0.16384414083764587,0.126011557047446,3.8660791979144298
696,-0.01867619659983224,0.02111752488068614,3.752626083740879
697,-0.05569464611669995,0.0286746924834122,3.799481225785257
698,-0.1464829163058166,0.2111427099544927,3.8179213506993124
699,0.04874584088599985,-0.04241813131253056,3.751166576642261
700,0.10744208228641151,0.06774031949294611,4.061991767882699
701,0.21419554601888124,-0.127579001523365,3.853084562082897
702,0.08151983880685465,-0.007028929034795717,3.9137294572375034
703,0.08700211726183354,0.04400982676642543,3.851229737727558
704,-0.12347980396149108,0.2794032299421378,3.982276166489721
705,0.049117414526841936,0.24434209737332618,3.8262652226432694
706,0.03162697325525749,-0.014758657445839396,3.8329566715232204
707,0.025982878188759988,0.11879876553008394,3.8729954853251085
708,-0.0761939830829122,-0.12653957948056066,4.129704040677506
709,0.04473781936511701,0.013560723569723397,3.852814916742806
710,0.14993831667841181,-0.1789601747994608,3.9567325393756754
711,0.08349511926816773,0.020011427284736965,3.681647061167051
712,0.1043899222967009,-0.11348949784481675,3.8569169111888795
713,0.1827637885560335,-0.07846403238012559,3.9410033134652807
714,-0.0006014006359612301,0.15182266138613995,3.7990436107934356
715,0.03693849833401027,0.2701518414123366,3.917883387493107
716,0.019662002534810513,-0.1623458412573091,3.9062314107452374
717,0.06629759777861308,0.1434778349385913,3.783669702010503
718,0.03519040565807513,-0.04203835115059519,3.7583074162548273
719,0.07558569221640787,0.22109448798422232,3.935752106323761
720,-0.1726733485968401,0.1268004789673188,3.9044262981759217
721,0.041643869495114366,-0.0806232508296551,3.861218545377576
722,0.1114292483864418,-0.07340778842160985,3.814294818584466
723,-0.06651165149087243,-0.07807743337128212,3.8759435341327535
724,0.14396473130122686,-0.13231681641219198,3.7205968777603386
725,0.09704016998053583,0.07634225430914926,3.935102795104297
726,0.04923190976023456,-0.05261272136601484,3.85518776072549
727,0.0014752195079780137,0.12944095578001685,3.9253373472337536
728,0.08337704779330708,0.0021959090836176417,3.845531455755392
729,0.06735862460037437,-0.1088931059280362,4.017599929684674
730,-0.013174247447791741,-0.09165564670062111,3.9295580851073693
731,-0.046674413080362666,0.08693588958201315,3.7705506410192458
732,0.15010972497824612,-0.0824832233687744,3.9412827118965903
733,0.05472197944008519,-0.030144996092329193,3.961953055690094
734,0.10938827676425908,-0.0549219157745541,3.986797152382894
735,-0.21271181474332515,-0.12656708259240765,3.707953784150023
736,0.12654519063877329,0.030200703793291,3.9739257426636487
737,0.1224994676384834,-0.2173000577831281,3.9091593544643994
738,0.101644231435249,-0.07309771105154132,3.7459921261889497
739,-0.02401083750057264,-0.046873273610297805,3.8683579789218228
740,0.20483811487433004,0.08882376640277531,3.7759704468051063
741,-0.01849627646194011,0.03283173258690807,3.9905216251733533
742,0.18008331940736852,-0.10767419808646986,3.6478948492750516
743,0.031692262978326065,-0.03503121371338177,3.8762113535129514
744,-0.026183517382421355,0.1364587890440012,3.9637442537067717
745,0.08407395327708303,-0.08265793193879958,3.8584131847913454
746,-0.11009217397951551,-0.10663159001549907,3.8251834005789886
747,0.08304917360548145,0.03992786533136748,3.9275606988533625
748,0.20709191774994656,-0.1393495678584549,3.5988469905728104
749,-0.05998804567249214,0.10919733512927964,3.9217419934783253
750,0.1596999575226735,-0.19679660020035006,3.8939851091111897
751,-0.06886314778436228,0.0012706978919989253,3.9503094118302964
752,0.13821545169028965,-0.2876501693000161,3.8216027977019515
753,-0.045753491028802225,-0.08373301361910632,3.8053915232575983
754,-0.02076721389673073,0.16908140801766633,3.9438599415293547
755,0.14841867072920026,0.025558342572493432,3.9284562421598466
756,0.14128433042033958,-0.020359507476521457,3.829297257129907
757,0.025723879937343527,-0.18252137929797707,3.6815358908802422
758,-0.14656382327648934,0.020183958496944487,3.9385456264358343
759,0.022483190975641935,-0.1106314884262763,3.8313143253378743
760,-0.17249209756417622,0.05240794878975716,3.998186919972043
761,-0.002945115345767038,0.01098327926375384,3.865800530140732
762,-0.06825607980544007,0.26427038739873593,3.91727619591895
763,0.14784717135596517,-0.10615493426497863,3.682810056079578
764,0.13325039571576006,0.04191577893205389,3.8801313933955455
765,-0.06645631491737544,-0.04456326750824516,3.9375772105551268
766,0.0015336087082483338,-0.0734890398593994,3.9299561591605094
767,0.0737176892791103,0.08859059082248867,3.8376345840707926
768,-0.004486656988724226,-0.11302162661068077,4.020712243311447
769,-0.06491839234545327,-0.06873959528714067,3.8851651979219337
770,0.10018852900412262,-0.03349440517502599,3.563386609941632
771,0.07843983748285757,-0.03907149924404429,3.767159704254123
772,0.0006737427644817051,0.0007530631009494567,3.769061615969904
773,0.03759677416672158,-0.0405806965464008,3.7793602636871664
774,-0.00032018085771579746,-0.093745016292635,3.8824954556521685
775,0.05988452218030058,0.04912407649931436,3.847191549165558
776,0.11498921343396476,-0.09876216042436667,3.7872099264605015
777,0.03888515151382275,0.11516707930162494,3.800330631473092
778,-0.038702821094037464,-0.11313809891768208,3.774533786099718
779,0.08373973530164222,-0.1309367224988501,3.7552862575313335
780,0.1291603949425654,-0.08349528371555681,4.102073389048625
781,0.051544780981071854,0.06157759666435286,3.7439787603412604
782,0.09890187274481585,-0.05132489349055478,3.890847021740535
783,0.04463756841419166,0.23405570883212992,3.758201287014806
784,0.08994395207571496,-0.1798388382540496,3.7857666859275056
785,0.01984507462071043,0.08390596066927783,3.785311356364051
786,0.07691603312666058,0.06811322994835105,3.663284166528535
787,0.05102630901919659,0.057699120857699286,3.7490748277974055
788,0.0714318165736397,-0.0026285832118143676,3.9643255175073038
789,0.16498522076819205,-0.07262354838055103,3.892638015569384
790,0.06194309010038891,-0.11664827609134619,3.69242502165536
791,-0.06405001444782596,0.021808491195310274,3.756107301058549
792,0.13064896928280503,-0.03428114356734487,4.057880431541647
793,0.057506600020822286,-0.1228818027966244,3.8398625188334585
794,0.2292824044510954,0.07008735916542493,3.804467886251366
795,0.1548666398031243,-0.06237694775950042,3.6754578350880993
796,-0.03819232424098725,0.14435895660176104,3.7962934139619384
797,0.13442796108665087,0.03628513106878636,3.826982403459086
798,0.019377060072871148,-0.039583794760880496,3.9488714474370457
799,0.09637218219937954,-0.0038154307669372115,3.613415532965522
800,0.15040758822196265,-0.0004851831943565548,3.9215091236285655
801,-0.0034519291963454324,0.2428151626955013,3.846909918614815
802,0.1366060888207957,0.046424903602929335,3.7230429252363875
803,0.1267957989030437,0.05908197143637928,3.8772648849577642
804,0.04790574083211604,0.039705978480519176,3.7278818658561974
805,-0.025216321804297885,0.08753446000625531,3.971324993296357
806,-0.05353559261239527,0.044474728540338695,3.708689792552811
807,0.12496625287579369,0.16663895121681527,3.8357445619517385
808,-0.06823246142959169,-0.02460122642422358,3.7876508891545777
809,0.19016875527447394,-0.05121997479828597,3.986681455520145
810,0.015790013455652077,0.2292463704142932,3.872808750771102
811,0.023068728698022956,-0.09699884755379762,3.8071241381663246
812,0.15304311977143997,0.09545062851893088,3.912043903118654
813,0.10223577635304809,0.010768519368311446,3.814344171774636
814,0.11544035134689953,-0.09823023587175334,3.8659638266759293
815,0.14378734674052276,0.05067643807269703,3.943225160394889
816,-0.1427655678587695,-0.06552437496424483,3.8487187413656323
817,0.04152531662718564,0.03232160522791826,3.9746760639303678
818,0.10247063847119989,0.11588846975524861,3.8855767351055057
819,-0.005771599245314875,-0.13577641474216764,3.869824821746856
820,-0.07716566084414284,-0.00457238717571,3.7850472078116826
821,0.06059770650215882,0.007686269936800093,3.9180066716879276
822,0.005806756531472279,-0.1418876099739405,3.9506743557605617
823,-0.0057881121002388985,-0.032951187597303665,3.7196164533011817
824,0.08683078932024464,0.020109788999628824,3.8998157377744045
825,0.07909478666136488,0.010124946371449178,3.864608778237726
826,0.03632370918814596,-0.05972317134811483,3.9776252933745493
827,-0.005100811830917519,0.04710964941674552,3.8886702392531536
828,-0.0006142980281628671,-0.14950426849351553,3.841625483115259
829,0.009780563026887533,-0.10517515227090053,3.8042135693280636
830,0.00279928255810679,-0.03171902731389048,3.8059044152169568
831,0.15926512701478943,0.12647659344239526,3.776440520764463
832,0.21682723308062699,0.012968159916440798,3.794086837759089
833,0.09109038819055341,0.08423433487750431,3.930870433799089
834,0.08095052163916394,-0.15369269920966114,3.730392645813583
835,-0.013007809368899982,-0.1326197061885015,3.850581976219243
836,0.0779279419393574,0.10173328468057248,3.8816115887584717
837,0.202509521375304,0.06423282239666915,3.7838406989030577
838,0.23607694822419517,-0.032677687608007724,3.7155030221684875
839,-0.07898553091496438,-0.14797049401810253,3.7075307459317366
840,0.060883557562456586,0.10506780415972442,3.8139377097560203
841,0.05795859129199137,-0.0038493165469108783,3.8907803959571288
842,0.05582659717179787,0.01915004801541886,3.8396142433371363
843,0.07660475520334623,0.028905514386272382,3.8769190610748185
844,0.19807913899311824,0.22146246749953666,3.7603777437802592
845,0.04542566159446166,0.07311503075214885,3.9163454924775847
846,0.14347505695407575,0.015025355115473524,3.6949953317083226
847,0.06563190885342615,-0.004613180099177078,3.8597591398707056
848,0.06182088315959471,-0.015935626251325132,3.912603260966373
849,0.18904717183574674,0.1170137432803769,4.003879910548331
850,0.019837307347160327,-0.16718415209235823,3.75169367517021
851,0.08534124450854999,0.0670925856577587,3.846510242491375
852,0.04787012830670112,0.03495817076717331,3.873420446896324
853,-0.16272435857777287,-0.009239368633065062,3.584988964204489
854,0.05764278059109052,-0.10007110721914539,3.7920358009007513
855,0.14856201282433823,0.05325668680391187,3.871769691281321
856,0.13982107589000659,0.06257683684028904,3.887047359234817
857,0.04417464426177642,-0.01451160747005599,4.065302536416392
858,0.09628781270515394,0.07881271592665659,3.902554382026727
859,0.11044204380149127,0.0021564170078706107,3.881555291756029
860,-0.05612164867292873,-0.11717304047360172,3.826182086429776
861,0.07649672798647697,0.03064342764226054,3.6895864363095154
862,0.06669697062781507,0.0663128239043143,3.6120771385418804
863,0.022087398508328034,-0.030288095110024955,3.8342787911937397
864,-0.08458814372324835,0.2056226653321136,3.8541122604202394
865,0.09540977568541116,0.22884717175437028,3.7958491796963143
866,0.28864856742247247,-0.05524716221056661,3.883886572260171
867,0.00293341589963194,-0.11045728170147702,3.9440773764999664
868,-0.13708603954102286,0.09277963649475916,3.9316129343948667
869,0.08922967380566385,-0.021188211248951663,3.7675785749620214
870,0.15286536161205436,-0.01591380410147254,3.890533433483164
871,0.10236307778778342,0.04355079751341781,3.717440942227323
872,0.08575672482211802,-0.06960100570093582,3.7636174187131646
873,0.07882212119995197,-0.10899313851037291,3.562922543643409
874,-0.11641042812716776,0.021456064208835557,3.9266448480514518
875,-0.0027698224843364302,-0.1229172766663971,3.828594824878103
876,0.11083576671391834,-0.11053306873337188,3.7451919309197668
877,0.05730250558212052,-0.10984666179520296,3.7419840878808377
878,0.0918173823029787,0.08520731076252201,3.819943577102059
879,-0.16495066938706007,0.10326651648775356,3.7033413799966386
880,0.12486148463156552,0.05441625666623804,3.7537502028255068
881,-0.006256241678505296,0.0011453218995778943,3.924827251938519
882,0.038553303675856326,-0.043604716587737395,3.847726743233687
883,0.04078204303413448,0.1037093495188739,4.027093229540224
884,0.11412732171011192,0.06447224313101606,3.8711172761146013
885,-0.07086990068351637,-5.0661131936628704e-05,4.028824657627083
886,-0.009764078517628762,-0.0035322042076433692,3.9243627131101535
887,0.2503426164096854,-0.07624617072313204,3.6800330476472016
888,-0.04712568671162128,-0.15097698540709317,3.733524397328675
889,0.21617115626633776,-0.028558195360275686,3.784000027608961
890,-0.03838650724561624,-0.2684144209882996,3.8729318384133395
891,0.19287004720890283,-0.03190668116153025,3.6993681752851866
892,-0.04266711994827161,-0.04156885082294712,3.8692799530864095
893,0.16134310845617794,-0.13288410137907966,3.9071159188942683
894,0.1696927191321753,0.050897183937834635,3.7353876271000357
895,-0.0826810611018366,-0.041215609958270005,4.032823546269786
896,-0.04225519656533195,0.03817003809662576,3.996838961934422
897,-0.07818371900689056,0.04714949885135205,3.861046411447627
898,-0.03906171887880707,0.05622415460808161,3.7205589944894926
899,0.07480349606876716,-0.05631317227909675,3.645912367169083
900,0.016027094183526304,0.06383581299660954,3.7062337644319974
901,0.15549064875825386,-0.035438281723799384,4.016257757292824
902,-0.12381687410896156,-0.2366385703312307,3.7556333046460444
903,0.031127308744139433,0.019580963869946878,3.832064829244969
904,-0.12002442518441797,-0.08228560064611201,3.8069092819344625
905,-0.022389130213489074,0.10979497946281709,3.7765253797376124
906,0.009256039170273088,-0.14379665653981297,3.874495955908629
907,0.00273649669458019,0.10231937052557123,3.7454228275601675
908,0.16856161170139758,-0.2578188195572627,3.8205587749966483
909,-0.1291259512688129,-0.04355375267417252,3.876754794904111
910,-0.003768035701530649,-0.044544747375919264,3.742405260249741
911,0.004508651377718567,0.10334704828316166,3.965695744989852
912,0.09921210192353883,-0.07741454274049137,3.754387558419661
913,-0.15373305235631657,0.013546567588841669,3.9462972605541626
914,0.1676625983806885,0.059636390344286805,3.8280520269187632
915,-0.13109765949509664,-0.1548352249443019,3.9897211933379393
916,-0.05814059560884991,0.09137509615362713,3.7126406515864128
917,-0.016832280015766067,0.04089418418496584,3.6770311092487513
918,0.07345956320908127,-0.019871545068417942,3.784589530191194
919,0.058672202413190676,0.18120541765925557,3.785997170308132
920,0.133406936622411,0.15936079463260527,3.9550601628180497
921,0.1530403228729952,0.14808072698314123,3.8391565061025084
922,0.023633748511266265,-0.11513844946548096,3.6344493444535844
923,0.043741131533650696,-0.11296737381458007,4.030986752824922
924,-0.13187732080502823,-0.14734951238251132,3.7135150625677897
925,0.020681483121858378,-0.10283209172189661,3.8478582957927405
926,0.003820397178041196,0.05029909470288638,3.728817070493916
927,-0.018916981488682393,0.06680112246083181,3.7686856318155457
928,-0.004707200987850851,-0.02267747915928987,3.8246024237003793
929,0.06834535675797836,-0.06054033616596602,3.649609867706217
930,-0.09151601327451525,-0.008215354864655956,3.728388363790672
931,0.04643842350520283,-0.14221741771768448,3.7719387259411037
932,0.1131068784223088,-0.0633908624467399,3.792004988282493
933,-0.0046146305305629284,-0.18944160202486449,3.7333402653094088
934,-0.04598079574243124,0.03881094492800735,3.791777607338039
935,0.1664747547975126,-0.052934858044727355,3.857534851225865
936,0.11365060191034931,0.032977132596895865,3.9092000465958967
937,0.14593114099326893,-0.013667589693887629,3.786590901522226
938,0.04520001552988181,0.05774693874076087,3.9838324678598576
939,0.004125303683149714,-0.008264545522482923,3.6989398054920226
940,-0.05583468362910838,0.0635586523686557,3.7542886872067074
941,0.06578155190738771,0.22164723183650847,3.8055276605103545
942,0.0637804692364112,-0.025337059064555124,3.720723267790547
943,-0.04351013610661864,0.02033726048153213,3.708609987434619
944,0.019914445842912007,-0.0634964005644488,3.8466885464498293
945,-0.06789689988260525,-0.06091042024355689,3.837764827614522
946,-0.01995237531044477,-0.09668141417043451,3.860282778752602
947,-0.04566986412615034,-0.04259030981295293,3.88291034581249
948,0.013377406714603038,-0.08386887907331939,3.8103294153532077
949,0.12398725284660828,0.08762515505606318,3.811640612418681
950,0.12554793946607362,0.0035113449587980267,3.9314271160807044
951,0.173814295398952,0.06125021983454457,3.9824048246842776
952,0.1326655600417104,0.2622702182662437,3.730318426636688
953,-0.05289317185251,0.040645211608700854,3.693553026535793
954,-0.001966855985547092,-0.05617983486721994,3.8586057659204163
955,0.03561260992091042,0.16510652521316102,3.8854719156086275
956,0.09742965985812052,-0.0008126357502456647,3.6746900838787577
957,0.09292690729299435,-0.015300479336511448,3.675059183944703
958,0.20440409575830887,0.06848277911625875,3.7685363982674893
959,0.1661942016090279,0.05933986682333511,3.763519695785069
960,0.06121759560010261,-0.05730712735421337,3.8472959649795913
961,0.23399257243479835,0.014153413199531121,3.685954425924997
962,0.008875912550718845,0.029865879613522384,3.7616784493929667
963,0.1414767031814465,-0.16449778917946756,3.900658754427185
964,0.08064532383795356,-0.0007438476192405303,3.772497649025211
965,0.1626682193744455,-0.020213831309926916,3.79792295220677
966,0.13166173271556816,0.09407836459349808,3.910397449505507
967,-0.08365889345717925,-0.03834186851270094,3.9146134983300827
968,0.033039857825274785,-0.0175440267247829,3.7073146069125062
969,-0.041801798273156436,-0.13101334764544695,3.767849285376247
970,0.16254091526469952,0.036413692118466845,3.928857010269263
971,0.015610372426453953,0.04652591401204544,3.953842627570808
972,0.08845718646864327,-0.2799728957459859,4.0081091619688864
973,-0.0411977246909452,0.12762814012009288,3.748439653709594
974,-0.10773650540274565,-0.11655833290751212,3.973855994805241
975,0.05771332850094149,0.04466458732243618,3.8423566897776817
976,-0.012631307379067862,0.040505118216069246,3.7512873734582213
977,0.028244125470271574,-0.021371793840903403,3.7193240857506282
978,-0.05176011905134301,0.11531932311477629,3.8865631739034496
979,0.026747491757400658,0.1643096666991641,3.7678982674576504
980,0.09742179232614342,-0.1704334632919852,3.766076490414461
981,0.10944081225878358,-0.07846801973254926,3.9498222539049292
982,-0.04343985253777335,0.06822024164182677,3.8844787368227225
983,0.12202887480091326,-0.00019126569530394092,3.8344305875543556
984,0.01481364154931876,0.03272273869622263,3.743646474663949
985,0.07835907278697551,0.05030901573310556,3.7289511079755617
986,0.2723859483648311,-0.12697520692594144,3.951089799978223
987,-0.038862578560866494,-0.009776595010051264,3.8842394698658618
988,0.1934767802077183,-0.17072390557575085,3.808795066123791
989,0.09633970380886152,0.0077878497388846534,3.9205161621502813
990,0.11159484649746199,0.22220318862468444,3.9174129396062827
991,0.21055598958186122,0.02621194765827873,3.913320594417742
992,0.2142966864375154,0.04076823413101545,4.073490880841903
993,0.08929044095102204,-0.056480666147117956,3.7892003338851596
994,-0.07903182201248585,-0.11079111348422477,3.807394566606598
995,0.17294316839687277,-0.009217117047666458,3.7396546739248238
996,0.011067124300697853,-0.09242597917382364,3.950863907795956
997,0.1474330769869143,0.11434466202382974,3.605467642255971
998,-0.014240164622199798,-0.07047220776777477,4.013894351949867
999,0.12280235862327521,-0.12603933379714444,3.9768986045856822
