,electricity-fueltype-nyiso-natural_gas,electricity-fueltype-nyiso-other_renewables,electricity-fueltype-nyiso-other_fossil_fuels,electricity-fueltype-nyiso-dual_fuel,electricity-fueltype-nyiso-nuclear,electricity-fueltype-nyiso-hydro,electricity-fueltype-nyiso-wind
0,2453.0,227.0,2.0,4724.0,4299.0,2686.0,986.0
1,2492.0,228.0,2.0,4740.0,4299.0,2763.0,891.0
2,2513.0,225.0,2.0,4785.0,4299.0,2803.0,886.0
3,2510.0,227.0,2.0,4810.0,4299.0,2722.0,959.0
4,2511.0,228.0,2.0,4832.0,4298.0,2697.0,944.0
5,2578.0,226.0,2.0,4809.0,4297.0,2769.0,834.0
6,2603.0,222.0,2.0,4809.0,4308.0,2853.0,757.0
7,2612.0,223.0,2.0,4781.0,4310.0,2911.0,746.0
8,2620.0,225.0,2.0,4792.0,4311.0,2927.0,666.0
9,2618.0,230.0,2.0,4823.0,4311.0,2965.0,627.0
10,2616.0,226.0,2.0,4852.0,4310.0,2981.0,659.0
11,2613.0,225.0,2.0,4852.0,4310.0,2946.0,712.0
12,2600.0,224.0,2.0,4839.0,4309.0,2846.0,797.0
13,2632.0,225.0,2.0,4839.0,4309.0,2699.0,963.0
14,2642.0,230.0,2.0,4845.0,4310.0,2579.0,981.0
15,2642.0,230.0,2.0,4845.0,4310.0,2579.0,981.0
16,2784.0,230.0,2.0,4670.0,4310.0,2532.0,989.0
17,2784.0,230.0,2.0,4643.0,4309.0,2476.0,968.0
18,2788.0,225.0,2.0,4630.0,4310.0,2448.0,978.0
19,2798.0,228.0,2.0,4658.0,4309.0,2529.0,979.0
20,2774.0,226.0,2.0,4651.0,4310.0,2554.0,1008.0
21,2756.0,230.0,2.0,4643.0,4310.0,2630.0,1018.0
22,2754.0,228.0,2.0,4604.0,4311.0,2703.0,1017.0
23,2769.0,229.0,2.0,4539.0,4311.0,2624.0,1050.0
24,2782.0,228.0,2.0,4500.0,4310.0,2573.0,1070.0
25,2775.0,232.0,2.0,4480.0,4311.0,2664.0,1065.0
26,2787.0,232.0,2.0,4479.0,4311.0,2613.0,1067.0
27,2794.0,230.0,2.0,4422.0,4311.0,2622.0,1053.0
28,2743.0,233.0,2.0,4385.0,4309.0,2790.0,1067.0
29,2747.0,229.0,2.0,4369.0,4311.0,2884.0,1074.0
30,2779.0,229.0,2.0,4362.0,4311.0,2863.0,1074.0
31,2824.0,234.0,2.0,4362.0,4310.0,2792.0,1080.0
32,2820.0,238.0,2.0,4363.0,4311.0,2813.0,989.0
33,2799.0,237.0,2.0,4341.0,4311.0,2854.0,937.0
34,2753.0,234.0,2.0,4322.0,4313.0,2776.0,1027.0
35,2742.0,233.0,2.0,4289.0,4312.0,2632.0,1096.0
36,2757.0,234.0,2.0,4229.0,4312.0,2548.0,1113.0
37,2737.0,231.0,2.0,4176.0,4312.0,2568.0,1133.0
38,2663.0,234.0,2.0,4149.0,4312.0,2670.0,1109.0
39,2625.0,237.0,2.0,4138.0,4312.0,2736.0,1100.0
40,2499.0,233.0,2.0,4180.0,4312.0,2828.0,1109.0
41,2442.0,231.0,2.0,4191.0,4312.0,2918.0,1115.0
42,2415.0,238.0,2.0,4158.0,4312.0,2921.0,1089.0
43,2396.0,241.0,2.0,4171.0,4311.0,2888.0,1064.0
44,2378.0,240.0,2.0,4183.0,4332.0,2821.0,1041.0
45,2374.0,244.0,2.0,4178.0,4337.0,2793.0,1021.0
46,2402.0,242.0,2.0,4148.0,4344.0,2896.0,988.0
47,2395.0,241.0,2.0,4112.0,4345.0,2911.0,976.0
48,2370.0,242.0,2.0,4084.0,4344.0,2914.0,958.0
49,2364.0,237.0,2.0,4086.0,4345.0,2950.0,959.0
50,2357.0,239.0,2.0,4014.0,4344.0,3002.0,941.0
51,2355.0,242.0,2.0,3995.0,4344.0,3004.0,947.0
52,2336.0,255.0,2.0,4031.0,4345.0,3069.0,938.0
53,2322.0,262.0,2.0,3930.0,4345.0,3128.0,942.0
54,2323.0,260.0,2.0,3902.0,4343.0,3116.0,956.0
55,2309.0,256.0,2.0,3878.0,4344.0,3100.0,951.0
56,2289.0,244.0,2.0,3846.0,4343.0,3152.0,913.0
57,2301.0,250.0,2.0,3821.0,4343.0,3145.0,888.0
58,2265.0,262.0,2.0,3810.0,4343.0,3179.0,871.0
59,2229.0,260.0,2.0,3780.0,4343.0,3227.0,887.0
60,2185.0,263.0,2.0,3741.0,4344.0,3280.0,874.0
61,2164.0,260.0,2.0,3738.0,4342.0,3347.0,852.0
62,2155.0,259.0,2.0,3736.0,4344.0,3388.0,862.0
63,2177.0,261.0,2.0,3732.0,4343.0,3391.0,839.0
64,2195.0,267.0,2.0,3767.0,4342.0,3408.0,783.0
65,2183.0,263.0,2.0,3821.0,4342.0,3411.0,746.0
66,2149.0,261.0,2.0,3817.0,4344.0,3438.0,743.0
67,2141.0,264.0,2.0,3767.0,4344.0,3489.0,744.0
68,2141.0,260.0,2.0,3756.0,4344.0,3462.0,727.0
69,2146.0,259.0,2.0,3691.0,4344.0,3488.0,702.0
70,2155.0,253.0,2.0,3689.0,4345.0,3487.0,687.0
71,2180.0,259.0,2.0,3682.0,4343.0,3411.0,677.0
72,2203.0,266.0,2.0,3701.0,4343.0,3401.0,668.0
73,2236.0,262.0,2.0,3760.0,4344.0,3383.0,657.0
74,2207.0,264.0,2.0,3763.0,4345.0,3425.0,647.0
75,2197.0,259.0,2.0,3775.0,4345.0,3400.0,663.0
76,2197.0,262.0,2.0,3779.0,4345.0,3393.0,671.0
77,2222.0,265.0,2.0,3780.0,4345.0,3347.0,704.0
78,2234.0,266.0,2.0,3811.0,4356.0,3300.0,734.0
79,2278.0,266.0,2.0,3867.0,4362.0,3176.0,746.0
80,2311.0,264.0,2.0,3844.0,4364.0,3149.0,781.0
81,2286.0,266.0,2.0,3843.0,4364.0,3149.0,776.0
82,2263.0,265.0,2.0,3851.0,4363.0,3176.0,783.0
83,2268.0,264.0,2.0,3879.0,4364.0,3189.0,808.0
84,2276.0,261.0,2.0,3893.0,4363.0,3166.0,823.0
85,2296.0,267.0,2.0,3898.0,4365.0,3119.0,820.0
86,2274.0,265.0,2.0,3889.0,4364.0,3154.0,806.0
87,2299.0,267.0,2.0,3818.0,4364.0,3173.0,779.0
88,2364.0,265.0,2.0,3697.0,4364.0,3096.0,766.0
89,2383.0,261.0,2.0,3732.0,4364.0,2985.0,737.0
90,2384.0,257.0,2.0,3728.0,4364.0,3060.0,707.0
91,2383.0,260.0,2.0,3759.0,4364.0,3116.0,685.0
92,2389.0,254.0,2.0,3804.0,4363.0,3207.0,666.0
93,2400.0,250.0,2.0,3777.0,4364.0,3285.0,682.0
94,2401.0,252.0,2.0,3822.0,4364.0,3322.0,677.0
95,2399.0,253.0,2.0,3866.0,4363.0,3354.0,688.0
96,2399.0,252.0,2.0,3925.0,4362.0,3344.0,698.0
97,2406.0,251.0,2.0,4014.0,4363.0,3316.0,692.0
98,2412.0,253.0,2.0,4047.0,4364.0,3326.0,676.0
99,2418.0,256.0,2.0,4074.0,4363.0,3378.0,642.0
100,2428.0,254.0,2.0,4112.0,4363.0,3344.0,611.0
101,2440.0,253.0,2.0,4140.0,4365.0,3313.0,623.0
102,2446.0,255.0,2.0,4182.0,4374.0,3326.0,628.0
103,2468.0,254.0,2.0,4229.0,4375.0,3270.0,602.0
104,2492.0,255.0,2.0,4284.0,4375.0,3307.0,574.0
105,2491.0,253.0,2.0,4370.0,4375.0,3375.0,580.0
106,2463.0,248.0,2.0,4471.0,4375.0,3370.0,599.0
107,2450.0,248.0,2.0,4479.0,4374.0,3468.0,639.0
108,2440.0,251.0,2.0,4505.0,4374.0,3519.0,666.0
109,2439.0,256.0,2.0,4550.0,4374.0,3475.0,706.0
110,2452.0,257.0,2.0,4580.0,4375.0,3484.0,693.0
111,2463.0,258.0,2.0,4686.0,4376.0,3474.0,684.0
112,2469.0,250.0,2.0,4678.0,4373.0,3503.0,667.0
113,2496.0,251.0,2.0,4641.0,4373.0,3606.0,636.0
114,2527.0,252.0,2.0,4639.0,4375.0,3661.0,621.0
115,2550.0,248.0,2.0,4655.0,4373.0,3662.0,631.0
116,2531.0,248.0,2.0,4686.0,4374.0,3638.0,629.0
117,2524.0,252.0,2.0,4656.0,4374.0,3646.0,639.0
118,2529.0,251.0,2.0,4627.0,4373.0,3631.0,631.0
119,2511.0,249.0,2.0,4641.0,4374.0,3514.0,635.0
120,2532.0,251.0,2.0,4588.0,4376.0,3509.0,663.0
121,2546.0,254.0,2.0,4585.0,4374.0,3417.0,729.0
122,2524.0,250.0,2.0,4553.0,4374.0,3400.0,775.0
123,2492.0,248.0,2.0,4493.0,4375.0,3409.0,814.0
124,2479.0,252.0,2.0,4486.0,4375.0,3452.0,811.0
125,2459.0,249.0,2.0,4487.0,4375.0,3398.0,812.0
126,2460.0,249.0,2.0,4471.0,4375.0,3418.0,831.0
127,2458.0,247.0,2.0,4466.0,4374.0,3396.0,839.0
128,2456.0,247.0,2.0,4425.0,4376.0,3433.0,838.0
129,2454.0,247.0,2.0,4395.0,4375.0,3396.0,840.0
130,2455.0,244.0,2.0,4386.0,4375.0,3305.0,876.0
131,2454.0,245.0,2.0,4357.0,4375.0,3289.0,924.0
132,2452.0,248.0,2.0,4314.0,4375.0,3274.0,939.0
133,2451.0,250.0,2.0,4274.0,4376.0,3270.0,950.0
134,2432.0,248.0,2.0,4296.0,4376.0,3156.0,987.0
135,2358.0,248.0,2.0,4287.0,4375.0,3189.0,1044.0
136,2291.0,252.0,2.0,4277.0,4364.0,3206.0,1091.0
137,2268.0,250.0,2.0,4371.0,4337.0,3065.0,1113.0
138,2229.0,249.0,2.0,4387.0,4319.0,3011.0,1093.0
139,2223.0,250.0,2.0,4393.0,4296.0,3016.0,1076.0
140,2228.0,250.0,2.0,4386.0,4242.0,3041.0,1075.0
141,2202.0,252.0,2.0,4439.0,4216.0,2968.0,1087.0
142,2178.0,247.0,2.0,4452.0,4207.0,2923.0,1050.0
143,2175.0,249.0,2.0,4457.0,4165.0,2950.0,1018.0
144,2173.0,247.0,2.0,4430.0,4156.0,2953.0,1031.0
145,2173.0,248.0,2.0,4383.0,4143.0,2995.0,1054.0
146,2173.0,250.0,2.0,4316.0,4133.0,2992.0,1092.0
147,2174.0,255.0,2.0,4257.0,4131.0,2941.0,1119.0
148,2177.0,254.0,2.0,4194.0,4122.0,2881.0,1162.0
149,2176.0,253.0,2.0,4120.0,4106.0,2844.0,1180.0
150,2175.0,251.0,2.0,4168.0,4069.0,2775.0,1202.0
151,2178.0,255.0,2.0,4178.0,4033.0,2707.0,1221.0
152,2179.0,255.0,2.0,4121.0,4031.0,2648.0,1244.0
153,2180.0,251.0,2.0,4081.0,3995.0,2651.0,1277.0
154,2180.0,258.0,2.0,4092.0,3959.0,2555.0,1298.0
155,2182.0,256.0,2.0,4092.0,3956.0,2526.0,1325.0
156,2182.0,256.0,2.0,4042.0,3941.0,2511.0,1348.0
157,2190.0,253.0,2.0,4017.0,3898.0,2492.0,1332.0
158,2197.0,255.0,2.0,4004.0,3855.0,2504.0,1315.0
159,2184.0,254.0,2.0,3964.0,3822.0,2541.0,1279.0
160,2192.0,254.0,2.0,3971.0,3777.0,2701.0,1255.0
161,2214.0,258.0,2.0,4025.0,3760.0,2813.0,1233.0
162,2202.0,260.0,2.0,3991.0,3759.0,2873.0,1241.0
163,2182.0,255.0,2.0,3907.0,3757.0,2904.0,1262.0
164,2183.0,253.0,2.0,3821.0,3736.0,2836.0,1272.0
165,2183.0,256.0,2.0,3796.0,3719.0,2779.0,1274.0
166,2165.0,256.0,2.0,3736.0,3694.0,2850.0,1261.0
167,2101.0,257.0,2.0,3718.0,3678.0,2900.0,1243.0
168,2016.0,253.0,2.0,3690.0,3665.0,2951.0,1229.0
169,1967.0,254.0,2.0,3643.0,3692.0,2975.0,1239.0
170,1966.0,253.0,2.0,3518.0,3682.0,3027.0,1230.0
171,1969.0,254.0,2.0,3479.0,3665.0,3065.0,1250.0
172,1975.0,258.0,2.0,3476.0,3631.0,2962.0,1272.0
173,2009.0,255.0,2.0,3449.0,3606.0,2945.0,1244.0
174,2029.0,256.0,2.0,3439.0,3594.0,2856.0,1207.0
175,2018.0,258.0,2.0,3422.0,3575.0,2826.0,1211.0
176,2076.0,257.0,2.0,3437.0,3570.0,2731.0,1228.0
177,2116.0,250.0,2.0,3414.0,3555.0,2706.0,1221.0
178,2144.0,251.0,2.0,3409.0,3540.0,2609.0,1205.0
179,2076.0,256.0,2.0,3411.0,3531.0,2655.0,1205.0
180,2028.0,257.0,2.0,3412.0,3525.0,2629.0,1228.0
181,2051.0,254.0,2.0,3398.0,3511.0,2574.0,1249.0
182,2108.0,251.0,2.0,3470.0,3488.0,2650.0,1209.0
183,2066.0,254.0,2.0,3504.0,3485.0,2612.0,1174.0
184,2077.0,251.0,2.0,3524.0,3485.0,2568.0,1142.0
185,2049.0,256.0,2.0,3506.0,3484.0,2625.0,1084.0
186,2039.0,256.0,2.0,3458.0,3482.0,2697.0,1041.0
187,2047.0,256.0,2.0,3442.0,3481.0,2693.0,1013.0
188,2022.0,255.0,2.0,3441.0,3481.0,2720.0,998.0
189,1984.0,254.0,2.0,3435.0,3482.0,2754.0,1013.0
190,1978.0,253.0,2.0,3411.0,3479.0,2776.0,997.0
191,1980.0,255.0,2.0,3413.0,3480.0,2786.0,974.0
192,1984.0,254.0,2.0,3415.0,3478.0,2834.0,974.0
193,1984.0,254.0,2.0,3415.0,3478.0,2834.0,974.0
194,2049.0,259.0,2.0,3426.0,3479.0,2939.0,953.0
195,2008.0,257.0,2.0,3392.0,3477.0,2960.0,952.0
196,1996.0,257.0,2.0,3380.0,3478.0,2962.0,958.0
197,1993.0,257.0,2.0,3374.0,3477.0,2970.0,970.0
198,2038.0,252.0,2.0,3396.0,3476.0,2876.0,952.0
199,2079.0,256.0,2.0,3416.0,3476.0,2768.0,932.0
200,2074.0,257.0,2.0,3426.0,3475.0,2731.0,892.0
201,2075.0,259.0,2.0,3438.0,3476.0,2742.0,857.0
202,2065.0,260.0,2.0,3430.0,3475.0,2768.0,848.0
203,2052.0,258.0,2.0,3424.0,3476.0,2811.0,854.0
204,2030.0,258.0,2.0,3394.0,3475.0,2884.0,854.0
205,2011.0,255.0,2.0,3352.0,3476.0,2901.0,858.0
206,1992.0,251.0,2.0,3299.0,3474.0,2825.0,847.0
207,1968.0,250.0,2.0,3279.0,3476.0,2789.0,836.0
208,1962.0,251.0,2.0,3241.0,3476.0,2809.0,842.0
209,1963.0,253.0,2.0,3202.0,3476.0,2749.0,849.0
210,1963.0,253.0,2.0,3115.0,3475.0,2731.0,848.0
211,1960.0,254.0,2.0,3105.0,3476.0,2760.0,830.0
212,1959.0,254.0,2.0,3099.0,3475.0,2748.0,807.0
213,1955.0,256.0,2.0,3125.0,3475.0,2748.0,783.0
214,1958.0,250.0,2.0,3184.0,3476.0,2703.0,768.0
215,1959.0,254.0,2.0,3227.0,3476.0,2699.0,746.0
216,1960.0,253.0,2.0,3239.0,3476.0,2666.0,743.0
217,1925.0,256.0,2.0,3214.0,3476.0,2660.0,749.0
218,1838.0,256.0,2.0,3200.0,3475.0,2673.0,757.0
219,1770.0,255.0,2.0,3222.0,3478.0,2790.0,759.0
220,1757.0,255.0,2.0,3222.0,3477.0,2837.0,768.0
221,1758.0,256.0,2.0,3220.0,3476.0,2809.0,767.0
222,1776.0,260.0,2.0,3210.0,3477.0,2817.0,763.0
223,1762.0,261.0,2.0,3201.0,3477.0,2802.0,761.0
224,1758.0,256.0,2.0,3201.0,3476.0,2812.0,767.0
225,1759.0,256.0,2.0,3211.0,3478.0,2785.0,786.0
226,1759.0,257.0,2.0,3249.0,3479.0,2738.0,809.0
227,1760.0,257.0,2.0,3283.0,3478.0,2683.0,847.0
228,1760.0,259.0,2.0,3276.0,3478.0,2648.0,883.0
229,1759.0,262.0,2.0,3229.0,3477.0,2612.0,920.0
230,1760.0,260.0,2.0,3121.0,3477.0,2588.0,952.0
231,1761.0,260.0,2.0,3062.0,3478.0,2530.0,965.0
232,1759.0,258.0,2.0,3030.0,3479.0,2570.0,977.0
233,1760.0,253.0,2.0,3017.0,3479.0,2559.0,991.0
234,1761.0,254.0,2.0,3035.0,3479.0,2583.0,1012.0
235,1762.0,259.0,2.0,3048.0,3479.0,2552.0,1014.0
236,1761.0,256.0,2.0,3054.0,3480.0,2596.0,1029.0
237,1762.0,260.0,2.0,3056.0,3480.0,2567.0,1039.0
238,1762.0,258.0,2.0,3057.0,3480.0,2570.0,1052.0
239,1763.0,259.0,2.0,3080.0,3480.0,2520.0,1063.0
240,1763.0,257.0,2.0,3123.0,3481.0,2541.0,1051.0
241,1763.0,255.0,2.0,3164.0,3481.0,2493.0,1044.0
242,1767.0,253.0,2.0,3250.0,3481.0,2487.0,1034.0
243,1768.0,254.0,2.0,3270.0,3482.0,2489.0,1016.0
244,1768.0,255.0,2.0,3258.0,3482.0,2530.0,1007.0
245,1769.0,261.0,2.0,3265.0,3482.0,2590.0,993.0
246,1769.0,263.0,2.0,3289.0,3482.0,2581.0,980.0
247,1769.0,262.0,2.0,3329.0,3484.0,2600.0,960.0
248,1768.0,260.0,2.0,3357.0,3483.0,2640.0,949.0
249,1769.0,261.0,2.0,3375.0,3484.0,2620.0,962.0
250,1771.0,262.0,2.0,3411.0,3485.0,2571.0,973.0
251,1773.0,259.0,2.0,3427.0,3484.0,2618.0,973.0
252,1771.0,266.0,2.0,3417.0,3485.0,2636.0,976.0
253,1774.0,265.0,2.0,3394.0,3486.0,2693.0,968.0
254,1778.0,265.0,2.0,3388.0,3487.0,2647.0,975.0
255,1778.0,263.0,2.0,3380.0,3486.0,2697.0,986.0
256,1777.0,263.0,2.0,3419.0,3487.0,2766.0,989.0
257,1777.0,264.0,2.0,3453.0,3487.0,2775.0,988.0
258,1780.0,263.0,2.0,3482.0,3487.0,2806.0,974.0
259,1779.0,261.0,2.0,3476.0,3487.0,2843.0,958.0
260,1779.0,261.0,2.0,3476.0,3487.0,2843.0,958.0
261,1779.0,261.0,2.0,3476.0,3487.0,2843.0,958.0
262,1780.0,264.0,2.0,3542.0,3490.0,2922.0,922.0
263,1792.0,264.0,2.0,3552.0,3490.0,2928.0,915.0
264,1861.0,264.0,2.0,3474.0,3490.0,2966.0,914.0
265,2046.0,261.0,2.0,3417.0,3491.0,3004.0,914.0
266,2184.0,264.0,2.0,3488.0,3491.0,2942.0,918.0
267,2200.0,263.0,2.0,3561.0,3492.0,2951.0,932.0
268,2202.0,261.0,2.0,3588.0,3498.0,2936.0,954.0
269,2199.0,247.0,2.0,3604.0,3513.0,2941.0,958.0
270,2199.0,245.0,2.0,3616.0,3530.0,2968.0,961.0
271,2200.0,247.0,2.0,3631.0,3555.0,2929.0,949.0
272,2200.0,249.0,2.0,3652.0,3577.0,2937.0,935.0
273,2198.0,246.0,2.0,3678.0,3606.0,2969.0,925.0
274,2199.0,244.0,2.0,3707.0,3632.0,2994.0,918.0
275,2201.0,245.0,2.0,3728.0,3653.0,2982.0,932.0
276,2201.0,246.0,2.0,3730.0,3662.0,3033.0,933.0
277,2201.0,247.0,2.0,3722.0,3663.0,2983.0,946.0
278,2178.0,246.0,2.0,3721.0,3674.0,2995.0,955.0
279,2155.0,249.0,2.0,3740.0,3690.0,3041.0,967.0
280,2152.0,246.0,2.0,3777.0,3683.0,3025.0,980.0
281,2154.0,250.0,2.0,3774.0,3637.0,3021.0,998.0
282,2155.0,258.0,2.0,3735.0,3650.0,3026.0,1019.0
283,2154.0,259.0,2.0,3730.0,3672.0,2957.0,1026.0
284,2154.0,259.0,2.0,3737.0,3673.0,2980.0,1050.0
285,2154.0,262.0,2.0,3731.0,3692.0,2942.0,1077.0
286,2153.0,258.0,2.0,3703.0,3733.0,2960.0,1089.0
287,2152.0,259.0,2.0,3686.0,3777.0,2920.0,1116.0
288,2150.0,259.0,2.0,3674.0,3792.0,2916.0,1113.0
289,2148.0,263.0,2.0,3654.0,3800.0,2935.0,1111.0
290,2146.0,263.0,2.0,3625.0,3810.0,2959.0,1123.0
291,2144.0,261.0,2.0,3660.0,3818.0,2897.0,1115.0
292,2141.0,260.0,2.0,3681.0,3847.0,2872.0,1095.0
293,2141.0,260.0,2.0,3686.0,3907.0,2881.0,1058.0
294,2141.0,262.0,2.0,3759.0,3957.0,2835.0,1036.0
295,2142.0,262.0,2.0,3724.0,3966.0,2863.0,1034.0
296,2146.0,260.0,2.0,3717.0,3970.0,2825.0,1045.0
297,2146.0,260.0,2.0,3717.0,3970.0,2825.0,1045.0
298,2146.0,260.0,2.0,3717.0,3970.0,2825.0,1045.0
299,2184.0,269.0,2.0,3668.0,4006.0,2779.0,1138.0
300,2185.0,268.0,2.0,3658.0,4034.0,2734.0,1185.0
301,2185.0,269.0,2.0,3621.0,4062.0,2641.0,1235.0
302,2185.0,269.0,2.0,3543.0,4063.0,2552.0,1265.0
303,2187.0,278.0,2.0,3458.0,4067.0,2532.0,1271.0
304,2192.0,282.0,2.0,3478.0,4070.0,2500.0,1272.0
305,2183.0,282.0,2.0,3491.0,4072.0,2482.0,1293.0
306,2181.0,286.0,2.0,3454.0,4082.0,2458.0,1310.0
307,2180.0,285.0,2.0,3433.0,4088.0,2386.0,1311.0
308,2176.0,281.0,2.0,3382.0,4096.0,2492.0,1306.0
309,2181.0,287.0,2.0,3383.0,4101.0,2488.0,1300.0
310,2180.0,288.0,2.0,3370.0,4102.0,2477.0,1301.0
311,2180.0,290.0,2.0,3326.0,4112.0,2467.0,1300.0
312,2179.0,289.0,2.0,3288.0,4118.0,2490.0,1296.0
313,2170.0,289.0,2.0,3226.0,4152.0,2492.0,1330.0
314,2174.0,287.0,2.0,3137.0,4214.0,2552.0,1365.0
315,2175.0,287.0,2.0,3070.0,4245.0,2649.0,1371.0
316,2173.0,289.0,2.0,3068.0,4273.0,2608.0,1406.0
317,2172.0,289.0,2.0,3034.0,4289.0,2578.0,1433.0
318,2175.0,288.0,2.0,3048.0,4300.0,2509.0,1447.0
319,2172.0,290.0,2.0,3034.0,4311.0,2495.0,1451.0
320,2169.0,292.0,2.0,2967.0,4315.0,2440.0,1467.0
321,2168.0,289.0,2.0,2908.0,4317.0,2431.0,1486.0
322,2168.0,289.0,2.0,2905.0,4321.0,2353.0,1485.0
323,2168.0,289.0,2.0,2947.0,4321.0,2361.0,1488.0
324,2167.0,286.0,2.0,2981.0,4323.0,2378.0,1472.0
325,2133.0,288.0,2.0,3051.0,4326.0,2272.0,1467.0
326,2042.0,288.0,2.0,3032.0,4328.0,2315.0,1468.0
327,1976.0,286.0,2.0,2980.0,4323.0,2446.0,1451.0
328,1958.0,287.0,2.0,2964.0,4319.0,2581.0,1441.0
329,1962.0,289.0,2.0,2988.0,4321.0,2530.0,1458.0
330,1965.0,289.0,2.0,2993.0,4323.0,2499.0,1439.0
331,1963.0,288.0,2.0,3006.0,4324.0,2500.0,1399.0
332,1968.0,289.0,2.0,3053.0,4327.0,2616.0,1409.0
333,1977.0,290.0,2.0,3059.0,4328.0,2662.0,1410.0
334,1959.0,288.0,2.0,3072.0,4329.0,2659.0,1409.0
335,1961.0,290.0,2.0,3119.0,4331.0,2638.0,1378.0
336,1964.0,289.0,2.0,3122.0,4332.0,2657.0,1370.0
337,1968.0,286.0,2.0,3131.0,4334.0,2626.0,1389.0
338,1963.0,288.0,2.0,3140.0,4335.0,2747.0,1391.0
339,1960.0,286.0,2.0,3151.0,4337.0,2778.0,1396.0
340,1960.0,284.0,2.0,3160.0,4339.0,2762.0,1385.0
341,1960.0,284.0,2.0,3158.0,4342.0,2789.0,1362.0
342,1962.0,284.0,2.0,3176.0,4346.0,2781.0,1347.0
343,1961.0,285.0,2.0,3181.0,4350.0,2804.0,1360.0
344,1961.0,287.0,2.0,3171.0,4351.0,2748.0,1375.0
345,1962.0,289.0,2.0,3176.0,4352.0,2729.0,1405.0
346,1962.0,283.0,2.0,3170.0,4356.0,2695.0,1402.0
347,1963.0,281.0,2.0,3161.0,4357.0,2683.0,1416.0
348,1963.0,282.0,2.0,3163.0,4360.0,2625.0,1439.0
349,1962.0,282.0,2.0,3162.0,4360.0,2624.0,1460.0
350,1963.0,288.0,2.0,3181.0,4363.0,2678.0,1503.0
351,1962.0,286.0,2.0,3221.0,4363.0,2752.0,1518.0
352,1963.0,289.0,2.0,3184.0,4362.0,2786.0,1514.0
353,1963.0,285.0,2.0,3204.0,4366.0,2810.0,1497.0
354,1961.0,285.0,2.0,3244.0,4370.0,2828.0,1496.0
355,1961.0,280.0,2.0,3263.0,4371.0,2832.0,1480.0
356,1961.0,283.0,2.0,3246.0,4372.0,2887.0,1469.0
357,1961.0,277.0,2.0,3242.0,4373.0,2933.0,1465.0
358,1960.0,278.0,2.0,3231.0,4376.0,2938.0,1468.0
359,1961.0,277.0,2.0,3214.0,4377.0,2845.0,1455.0
360,1962.0,281.0,2.0,3205.0,4376.0,2830.0,1468.0
361,1968.0,282.0,2.0,3230.0,4376.0,2855.0,1470.0
362,1979.0,284.0,2.0,3320.0,4377.0,2733.0,1444.0
363,2011.0,282.0,2.0,3382.0,4374.0,2675.0,1406.0
364,2032.0,280.0,2.0,3444.0,4377.0,2595.0,1375.0
365,2005.0,279.0,2.0,3380.0,4374.0,2647.0,1407.0
366,2008.0,277.0,2.0,3387.0,4374.0,2630.0,1424.0
367,2012.0,277.0,2.0,3285.0,4375.0,2685.0,1432.0
368,2024.0,276.0,2.0,3221.0,4376.0,2686.0,1395.0
369,2058.0,278.0,2.0,3200.0,4377.0,2757.0,1362.0
370,2103.0,276.0,2.0,3181.0,4376.0,2780.0,1340.0
371,2123.0,270.0,2.0,3199.0,4376.0,2860.0,1332.0
372,2166.0,268.0,2.0,3219.0,4378.0,2940.0,1338.0
373,2261.0,265.0,2.0,3247.0,4376.0,2934.0,1315.0
374,2332.0,265.0,2.0,3290.0,4377.0,2902.0,1323.0
375,2319.0,266.0,2.0,3346.0,4377.0,3000.0,1342.0
376,2315.0,265.0,2.0,3484.0,4377.0,2967.0,1348.0
377,2314.0,267.0,2.0,3581.0,4376.0,2953.0,1349.0
378,2321.0,267.0,2.0,3605.0,4376.0,2969.0,1345.0
379,2328.0,269.0,2.0,3669.0,4378.0,2914.0,1343.0
380,2336.0,267.0,2.0,3723.0,4377.0,2929.0,1340.0
381,2356.0,266.0,2.0,3740.0,4376.0,2943.0,1337.0
382,2372.0,264.0,2.0,3742.0,4375.0,2992.0,1335.0
383,2377.0,266.0,2.0,3778.0,4373.0,3032.0,1314.0
384,2385.0,264.0,2.0,3839.0,4370.0,3047.0,1305.0
385,2374.0,260.0,2.0,3876.0,4366.0,3083.0,1275.0
386,2343.0,260.0,2.0,3975.0,4360.0,2975.0,1275.0
387,2353.0,265.0,2.0,4003.0,4361.0,2933.0,1242.0
388,2389.0,264.0,2.0,4084.0,4363.0,2921.0,1206.0
389,2399.0,265.0,2.0,4154.0,4364.0,2978.0,1166.0
390,2425.0,264.0,2.0,4201.0,4367.0,3039.0,1130.0
391,2455.0,263.0,2.0,4160.0,4367.0,3124.0,1115.0
392,2449.0,266.0,2.0,4182.0,4370.0,3203.0,1083.0
393,2461.0,264.0,2.0,4185.0,4369.0,3307.0,1057.0
394,2482.0,263.0,2.0,4186.0,4372.0,3436.0,1050.0
395,2516.0,271.0,2.0,4202.0,4372.0,3497.0,1027.0
396,2549.0,270.0,2.0,4254.0,4371.0,3452.0,1018.0
397,2571.0,270.0,2.0,4288.0,4371.0,3449.0,988.0
398,2562.0,268.0,2.0,4220.0,4371.0,3403.0,958.0
399,2551.0,265.0,2.0,4233.0,4370.0,3384.0,933.0
400,2545.0,263.0,2.0,4208.0,4371.0,3442.0,912.0
401,2556.0,260.0,2.0,4193.0,4369.0,3446.0,917.0
402,2556.0,260.0,2.0,4193.0,4369.0,3446.0,917.0
403,2554.0,260.0,2.0,4199.0,4369.0,3435.0,876.0
404,2532.0,261.0,2.0,4205.0,4371.0,3436.0,855.0
405,2539.0,260.0,2.0,4211.0,4370.0,3447.0,827.0
406,2555.0,258.0,2.0,4179.0,4369.0,3471.0,819.0
407,2576.0,257.0,2.0,4139.0,4371.0,3558.0,801.0
408,2587.0,258.0,2.0,4119.0,4370.0,3506.0,786.0
409,2585.0,256.0,2.0,4106.0,4370.0,3574.0,799.0
410,2613.0,257.0,2.0,4139.0,4371.0,3616.0,789.0
411,2642.0,258.0,2.0,4252.0,4368.0,3501.0,795.0
412,2676.0,254.0,2.0,4337.0,4369.0,3487.0,787.0
413,2699.0,254.0,2.0,4350.0,4369.0,3521.0,777.0
414,2717.0,253.0,2.0,4291.0,4370.0,3557.0,768.0
415,2734.0,250.0,2.0,4268.0,4371.0,3523.0,766.0
416,2700.0,252.0,2.0,4180.0,4369.0,3650.0,765.0
417,2671.0,253.0,2.0,4132.0,4372.0,3661.0,765.0
418,2630.0,256.0,2.0,4090.0,4372.0,3697.0,740.0
419,2604.0,254.0,2.0,4051.0,4369.0,3709.0,735.0
420,2576.0,256.0,2.0,4015.0,4370.0,3712.0,719.0
421,2524.0,258.0,2.0,4095.0,4370.0,3659.0,715.0
422,2485.0,257.0,2.0,4107.0,4369.0,3590.0,712.0
423,2467.0,249.0,2.0,4076.0,4370.0,3603.0,708.0
424,2473.0,247.0,2.0,4060.0,4371.0,3616.0,712.0
425,2484.0,249.0,2.0,4054.0,4371.0,3581.0,735.0
426,2471.0,253.0,2.0,4061.0,4370.0,3550.0,754.0
427,2465.0,257.0,2.0,4002.0,4371.0,3562.0,744.0
428,2464.0,256.0,2.0,3984.0,4372.0,3569.0,745.0
429,2464.0,254.0,2.0,3931.0,4370.0,3557.0,755.0
430,2463.0,251.0,2.0,3921.0,4368.0,3521.0,765.0
431,2463.0,255.0,2.0,3898.0,4370.0,3466.0,768.0
432,2463.0,256.0,2.0,3818.0,4368.0,3468.0,767.0
433,2464.0,255.0,2.0,3733.0,4370.0,3503.0,761.0
434,2464.0,251.0,2.0,3615.0,4369.0,3507.0,750.0
435,2458.0,252.0,2.0,3482.0,4369.0,3497.0,745.0
436,2456.0,254.0,2.0,3439.0,4369.0,3500.0,760.0
437,2452.0,254.0,2.0,3425.0,4371.0,3446.0,773.0
438,2457.0,246.0,2.0,3415.0,4372.0,3439.0,777.0
439,2458.0,252.0,2.0,3362.0,4369.0,3415.0,773.0
440,2456.0,251.0,2.0,3344.0,4370.0,3389.0,767.0
441,2457.0,247.0,2.0,3353.0,4372.0,3347.0,756.0
442,2456.0,248.0,2.0,3357.0,4372.0,3326.0,722.0
443,2450.0,255.0,2.0,3351.0,4372.0,3334.0,709.0
444,2446.0,258.0,2.0,3332.0,4372.0,3358.0,696.0
445,2418.0,262.0,2.0,3306.0,4371.0,3336.0,683.0
446,2338.0,261.0,2.0,3324.0,4374.0,3326.0,668.0
447,2241.0,257.0,2.0,3386.0,4374.0,3278.0,640.0
448,2191.0,256.0,2.0,3379.0,4374.0,3286.0,622.0
449,2187.0,259.0,2.0,3362.0,4371.0,3240.0,616.0
450,2212.0,258.0,2.0,3287.0,4372.0,3243.0,622.0
451,2227.0,253.0,2.0,3222.0,4373.0,3222.0,630.0
452,2245.0,254.0,2.0,3196.0,4374.0,3127.0,620.0
453,2211.0,249.0,2.0,3198.0,4375.0,3124.0,624.0
454,2184.0,248.0,2.0,3191.0,4374.0,3090.0,631.0
455,2183.0,248.0,2.0,3171.0,4373.0,3059.0,642.0
456,2203.0,254.0,2.0,3101.0,4373.0,2999.0,630.0
457,2226.0,255.0,2.0,3031.0,4373.0,3008.0,602.0
458,2256.0,255.0,2.0,2953.0,4375.0,3046.0,565.0
459,2264.0,251.0,2.0,2878.0,4375.0,3082.0,527.0
460,2266.0,251.0,2.0,2842.0,4374.0,3111.0,483.0
461,2264.0,258.0,2.0,2796.0,4374.0,3129.0,459.0
462,2265.0,258.0,2.0,2780.0,4376.0,3156.0,434.0
463,2267.0,261.0,2.0,2769.0,4376.0,3147.0,428.0
464,2252.0,256.0,2.0,2754.0,4375.0,3101.0,437.0
465,2212.0,255.0,2.0,2732.0,4375.0,3060.0,449.0
466,2180.0,257.0,2.0,2713.0,4375.0,3085.0,454.0
467,2146.0,258.0,2.0,2693.0,4376.0,3094.0,442.0
468,2004.0,257.0,2.0,2693.0,4375.0,2911.0,426.0
469,1889.0,258.0,2.0,2637.0,4376.0,2794.0,415.0
470,1802.0,258.0,2.0,2541.0,4375.0,2861.0,404.0
471,1770.0,258.0,2.0,2479.0,4374.0,2901.0,390.0
472,1766.0,259.0,2.0,2477.0,4375.0,2937.0,378.0
473,1766.0,256.0,2.0,2471.0,4374.0,3004.0,372.0
474,1758.0,253.0,2.0,2484.0,4374.0,2999.0,358.0
475,1762.0,258.0,2.0,2498.0,4373.0,2963.0,344.0
476,1764.0,258.0,2.0,2481.0,4372.0,2917.0,329.0
477,1764.0,260.0,2.0,2476.0,4372.0,2879.0,316.0
478,1764.0,260.0,2.0,2472.0,4372.0,2718.0,312.0
479,1765.0,259.0,2.0,2448.0,4376.0,2641.0,313.0
480,1766.0,263.0,2.0,2393.0,4377.0,2554.0,324.0
481,1767.0,261.0,2.0,2364.0,4377.0,2486.0,322.0
482,1768.0,260.0,2.0,2363.0,4374.0,2475.0,329.0
483,1762.0,256.0,2.0,2367.0,4376.0,2511.0,336.0
484,1763.0,253.0,2.0,2367.0,4376.0,2586.0,352.0
485,1763.0,253.0,2.0,2363.0,4376.0,2515.0,388.0
486,1763.0,257.0,2.0,2363.0,4375.0,2445.0,416.0
487,1763.0,259.0,2.0,2362.0,4376.0,2332.0,442.0
488,1764.0,260.0,2.0,2363.0,4375.0,2272.0,466.0
489,1763.0,256.0,2.0,2364.0,4375.0,2244.0,484.0
490,1763.0,251.0,2.0,2363.0,4376.0,2192.0,495.0
491,1764.0,254.0,2.0,2346.0,4375.0,2195.0,502.0
492,1764.0,258.0,2.0,2306.0,4375.0,2239.0,500.0
493,1766.0,256.0,2.0,2299.0,4374.0,2265.0,488.0
494,1764.0,259.0,2.0,2299.0,4373.0,2271.0,481.0
495,1765.0,260.0,2.0,2297.0,4373.0,2305.0,494.0
496,1765.0,260.0,2.0,2297.0,4373.0,2305.0,494.0
497,1766.0,259.0,2.0,2300.0,4374.0,2285.0,520.0
498,1766.0,259.0,2.0,2300.0,4373.0,2305.0,534.0
499,1766.0,260.0,2.0,2299.0,4376.0,2291.0,562.0
500,1761.0,258.0,2.0,2297.0,4377.0,2256.0,587.0
501,1761.0,259.0,2.0,2298.0,4376.0,2214.0,608.0
502,1761.0,259.0,2.0,2297.0,4376.0,2183.0,616.0
503,1764.0,261.0,2.0,2282.0,4377.0,2172.0,607.0
504,1764.0,259.0,2.0,2259.0,4376.0,2240.0,604.0
505,1764.0,259.0,2.0,2269.0,4374.0,2287.0,611.0
506,1763.0,260.0,2.0,2319.0,4376.0,2210.0,622.0
507,1765.0,262.0,2.0,2353.0,4377.0,2208.0,644.0
508,1766.0,262.0,2.0,2328.0,4376.0,2228.0,654.0
509,1761.0,261.0,2.0,2315.0,4374.0,2209.0,663.0
510,1762.0,259.0,2.0,2326.0,4376.0,2132.0,669.0
511,1761.0,259.0,2.0,2283.0,4376.0,2206.0,676.0
512,1758.0,259.0,2.0,2258.0,4377.0,2202.0,662.0
513,1758.0,256.0,2.0,2262.0,4377.0,2219.0,652.0
514,1755.0,253.0,2.0,2254.0,4375.0,2255.0,658.0
515,1752.0,260.0,2.0,2259.0,4375.0,2202.0,648.0
516,1752.0,266.0,2.0,2249.0,4376.0,2288.0,642.0
517,1752.0,261.0,2.0,2248.0,4377.0,2366.0,629.0
518,1751.0,260.0,2.0,2286.0,4377.0,2386.0,626.0
519,1749.0,262.0,2.0,2290.0,4378.0,2339.0,637.0
520,1745.0,257.0,2.0,2278.0,4378.0,2354.0,655.0
521,1747.0,257.0,2.0,2315.0,4377.0,2242.0,686.0
522,1746.0,260.0,2.0,2306.0,4377.0,2231.0,708.0
523,1746.0,260.0,2.0,2306.0,4377.0,2231.0,708.0
524,1747.0,260.0,2.0,2375.0,4376.0,2118.0,724.0
525,1747.0,258.0,2.0,2368.0,4378.0,2146.0,736.0
526,1751.0,258.0,2.0,2357.0,4379.0,2146.0,728.0
527,1760.0,256.0,2.0,2303.0,4378.0,2196.0,714.0
528,1764.0,258.0,2.0,2337.0,4377.0,2328.0,706.0
529,1766.0,259.0,2.0,2388.0,4377.0,2452.0,706.0
530,1765.0,262.0,2.0,2374.0,4377.0,2564.0,698.0
531,1765.0,262.0,2.0,2374.0,4377.0,2564.0,698.0
532,1765.0,260.0,2.0,2397.0,4375.0,2617.0,704.0
533,1766.0,260.0,2.0,2399.0,4376.0,2610.0,723.0
534,1767.0,261.0,2.0,2417.0,4377.0,2616.0,737.0
535,1769.0,260.0,2.0,2496.0,4377.0,2498.0,746.0
536,1770.0,260.0,2.0,2538.0,4378.0,2465.0,756.0
537,1771.0,260.0,2.0,2585.0,4378.0,2480.0,753.0
538,1769.0,260.0,2.0,2591.0,4376.0,2486.0,737.0
539,1766.0,259.0,2.0,2580.0,4377.0,2590.0,724.0
540,1772.0,257.0,2.0,2674.0,4377.0,2646.0,715.0
541,1769.0,261.0,2.0,2738.0,4376.0,2680.0,718.0
542,1769.0,263.0,2.0,2809.0,4374.0,2667.0,715.0
543,1768.0,262.0,2.0,2792.0,4377.0,2746.0,713.0
544,1768.0,262.0,2.0,2771.0,4375.0,2822.0,723.0
545,1769.0,263.0,2.0,2719.0,4375.0,2864.0,733.0
546,1767.0,264.0,2.0,2703.0,4375.0,2929.0,728.0
547,1765.0,263.0,2.0,2732.0,4374.0,2847.0,721.0
548,1770.0,259.0,2.0,2725.0,4374.0,2904.0,732.0
549,1771.0,260.0,2.0,2744.0,4373.0,2933.0,743.0
550,1796.0,263.0,2.0,2726.0,4372.0,2956.0,759.0
551,1898.0,261.0,2.0,2743.0,4372.0,2924.0,781.0
552,1963.0,262.0,2.0,2735.0,4372.0,2983.0,807.0
553,1974.0,261.0,2.0,2757.0,4372.0,3048.0,844.0
554,1974.0,259.0,2.0,2753.0,4374.0,3012.0,876.0
555,1973.0,259.0,2.0,2760.0,4374.0,2993.0,888.0
556,1974.0,259.0,2.0,2767.0,4374.0,3034.0,906.0
557,1973.0,258.0,2.0,2770.0,4374.0,3055.0,904.0
558,1973.0,259.0,2.0,2772.0,4373.0,3056.0,891.0
559,1971.0,261.0,2.0,2771.0,4375.0,3111.0,870.0
560,1971.0,262.0,2.0,2768.0,4375.0,3150.0,849.0
561,1973.0,261.0,2.0,2793.0,4374.0,3179.0,823.0
562,1971.0,259.0,2.0,2864.0,4373.0,3167.0,809.0
563,1970.0,256.0,2.0,2899.0,4374.0,3153.0,788.0
564,1973.0,258.0,2.0,2917.0,4373.0,3073.0,764.0
565,1988.0,258.0,2.0,3002.0,4374.0,3006.0,730.0
566,1993.0,253.0,2.0,3110.0,4375.0,2964.0,696.0
567,1973.0,259.0,2.0,3078.0,4373.0,3029.0,670.0
568,1972.0,262.0,2.0,2996.0,4372.0,3107.0,654.0
569,1971.0,262.0,2.0,2989.0,4373.0,3196.0,628.0
570,1972.0,265.0,2.0,2966.0,4372.0,3286.0,608.0
571,1973.0,260.0,2.0,2975.0,4372.0,3329.0,582.0
572,1976.0,263.0,2.0,3031.0,4373.0,3347.0,557.0
573,2001.0,263.0,2.0,3138.0,4372.0,3358.0,527.0
574,2037.0,262.0,2.0,3233.0,4372.0,3378.0,502.0
575,2018.0,262.0,2.0,3281.0,4373.0,3395.0,491.0
576,2000.0,261.0,2.0,3369.0,4372.0,3367.0,485.0
577,2031.0,261.0,2.0,3375.0,4370.0,3338.0,480.0
578,2022.0,258.0,2.0,3375.0,4372.0,3392.0,489.0
579,2039.0,260.0,2.0,3384.0,4375.0,3458.0,484.0
580,2123.0,263.0,2.0,3390.0,4374.0,3460.0,478.0
581,2155.0,258.0,2.0,3387.0,4371.0,3449.0,486.0
582,2167.0,257.0,2.0,3386.0,4375.0,3407.0,493.0
583,2212.0,262.0,2.0,3378.0,4377.0,3359.0,490.0
584,2251.0,259.0,2.0,3383.0,4378.0,3421.0,479.0
585,2318.0,259.0,2.0,3386.0,4379.0,3357.0,484.0
586,2351.0,256.0,2.0,3361.0,4378.0,3418.0,479.0
587,2417.0,262.0,2.0,3263.0,4377.0,3358.0,478.0
588,2455.0,257.0,2.0,3162.0,4378.0,3233.0,466.0
589,2494.0,259.0,2.0,3190.0,4373.0,3206.0,460.0
590,2504.0,258.0,2.0,3247.0,4377.0,3324.0,450.0
591,2514.0,258.0,2.0,3189.0,4377.0,3380.0,428.0
592,2530.0,259.0,2.0,3107.0,4377.0,3482.0,388.0
593,2553.0,259.0,2.0,3122.0,4376.0,3549.0,360.0
594,2545.0,257.0,2.0,3172.0,4375.0,3554.0,348.0
595,2561.0,259.0,2.0,3271.0,4376.0,3555.0,330.0
596,2562.0,259.0,2.0,3423.0,4376.0,3433.0,327.0
597,2548.0,257.0,29.0,3561.0,4377.0,3308.0,323.0
598,2542.0,259.0,43.0,3729.0,4375.0,3237.0,325.0
599,2557.0,258.0,44.0,3828.0,4373.0,3264.0,325.0
600,2569.0,259.0,43.0,3742.0,4374.0,3210.0,324.0
601,2601.0,260.0,43.0,3733.0,4374.0,3184.0,333.0
602,2618.0,258.0,43.0,3774.0,4374.0,3120.0,347.0
603,2639.0,258.0,43.0,3816.0,4371.0,3004.0,377.0
604,2660.0,259.0,43.0,3747.0,4375.0,2967.0,409.0
605,2682.0,260.0,43.0,3740.0,4373.0,2972.0,455.0
606,2704.0,261.0,43.0,3803.0,4373.0,2957.0,442.0
607,2714.0,260.0,43.0,3834.0,4374.0,2876.0,419.0
608,2768.0,262.0,80.0,3878.0,4373.0,2754.0,427.0
609,2784.0,261.0,86.0,3814.0,4373.0,2786.0,437.0
610,2794.0,258.0,86.0,3842.0,4370.0,2808.0,431.0
611,2805.0,259.0,79.0,3863.0,4372.0,2872.0,433.0
612,2791.0,255.0,44.0,3902.0,4363.0,2964.0,440.0
613,2792.0,258.0,43.0,3963.0,4344.0,3028.0,456.0
614,2801.0,260.0,43.0,4005.0,4321.0,3067.0,463.0
615,2797.0,261.0,42.0,4026.0,4314.0,3029.0,460.0
616,2812.0,260.0,43.0,4035.0,4313.0,2965.0,473.0
617,2814.0,259.0,43.0,4056.0,4319.0,2923.0,489.0
618,2797.0,259.0,43.0,3981.0,4324.0,3043.0,479.0
619,2803.0,261.0,43.0,3907.0,4326.0,3152.0,478.0
620,2861.0,263.0,43.0,3859.0,4328.0,3141.0,473.0
621,2862.0,263.0,43.0,3820.0,4332.0,3172.0,459.0
622,2843.0,261.0,43.0,3820.0,4342.0,3271.0,439.0
623,2860.0,261.0,42.0,3788.0,4348.0,3311.0,448.0
624,2885.0,259.0,56.0,3750.0,4346.0,3316.0,444.0
625,2893.0,263.0,63.0,3733.0,4356.0,3322.0,452.0
626,2927.0,262.0,63.0,3737.0,4357.0,3312.0,465.0
627,2961.0,260.0,63.0,3763.0,4355.0,3224.0,459.0
628,2981.0,256.0,63.0,3771.0,4358.0,3156.0,453.0
629,3005.0,260.0,63.0,3781.0,4361.0,3119.0,456.0
630,2990.0,262.0,63.0,3797.0,4361.0,3088.0,455.0
631,2973.0,264.0,63.0,3887.0,4361.0,3011.0,471.0
632,2961.0,264.0,63.0,3879.0,4366.0,2949.0,474.0
633,2975.0,263.0,63.0,3863.0,4368.0,3061.0,476.0
634,2973.0,260.0,63.0,3867.0,4367.0,3058.0,488.0
635,2976.0,261.0,63.0,3846.0,4366.0,3067.0,496.0
636,2975.0,259.0,63.0,3882.0,4367.0,3016.0,498.0
637,2967.0,263.0,33.0,3855.0,4367.0,3056.0,511.0
638,2983.0,260.0,2.0,3797.0,4367.0,3121.0,534.0
639,2995.0,259.0,2.0,3824.0,4369.0,3126.0,549.0
640,2965.0,262.0,2.0,3802.0,4369.0,3116.0,555.0
641,2943.0,262.0,7.0,3804.0,4370.0,3096.0,541.0
642,2908.0,262.0,2.0,3800.0,4371.0,3072.0,564.0
643,2915.0,260.0,2.0,3774.0,4371.0,3085.0,572.0
644,2910.0,255.0,2.0,3786.0,4372.0,3094.0,590.0
645,2865.0,255.0,2.0,3806.0,4371.0,3057.0,611.0
646,2877.0,260.0,2.0,3802.0,4375.0,3066.0,620.0
647,2874.0,256.0,2.0,3791.0,4373.0,3070.0,600.0
648,2865.0,257.0,2.0,3777.0,4373.0,3062.0,624.0
649,2842.0,255.0,2.0,3840.0,4374.0,3059.0,697.0
650,2838.0,257.0,2.0,3923.0,4373.0,2969.0,710.0
651,2846.0,257.0,2.0,3926.0,4372.0,2924.0,714.0
652,2843.0,254.0,2.0,3863.0,4375.0,3009.0,729.0
653,2841.0,258.0,2.0,3835.0,4373.0,3104.0,722.0
654,2816.0,257.0,2.0,3886.0,4373.0,3039.0,714.0
655,2818.0,253.0,2.0,3862.0,4375.0,3042.0,690.0
656,2799.0,255.0,2.0,3841.0,4374.0,3080.0,670.0
657,2804.0,251.0,2.0,3888.0,4377.0,3087.0,665.0
658,2770.0,255.0,2.0,3984.0,4376.0,3114.0,667.0
659,2753.0,261.0,2.0,3962.0,4375.0,3121.0,669.0
660,2719.0,261.0,36.0,3930.0,4376.0,3159.0,681.0
661,2757.0,259.0,43.0,3910.0,4375.0,3129.0,674.0
662,2748.0,257.0,43.0,3937.0,4376.0,3181.0,657.0
663,2736.0,255.0,43.0,3981.0,4375.0,3198.0,654.0
664,2745.0,252.0,43.0,4016.0,4376.0,3183.0,629.0
665,2767.0,256.0,43.0,4027.0,4378.0,3179.0,615.0
666,2779.0,256.0,43.0,4027.0,4378.0,3247.0,609.0
667,2776.0,256.0,43.0,4022.0,4377.0,3235.0,617.0
668,2781.0,251.0,43.0,3989.0,4378.0,3279.0,619.0
669,2787.0,248.0,43.0,3978.0,4377.0,3341.0,630.0
670,2779.0,251.0,43.0,3991.0,4377.0,3328.0,631.0
671,2741.0,256.0,43.0,3993.0,4377.0,3405.0,625.0
672,2644.0,256.0,43.0,3986.0,4376.0,3495.0,636.0
673,2669.0,257.0,43.0,3990.0,4376.0,3527.0,647.0
674,2684.0,259.0,43.0,4030.0,4376.0,3507.0,650.0
675,2654.0,258.0,43.0,4077.0,4377.0,3495.0,663.0
676,2665.0,253.0,49.0,4105.0,4375.0,3453.0,672.0
677,2662.0,251.0,99.0,4131.0,4376.0,3480.0,669.0
678,2654.0,255.0,104.0,4133.0,4374.0,3552.0,687.0
679,2663.0,259.0,104.0,4188.0,4373.0,3583.0,716.0
680,2688.0,260.0,104.0,4208.0,4375.0,3613.0,727.0
681,2708.0,259.0,127.0,4219.0,4376.0,3605.0,746.0
682,2728.0,261.0,161.0,4201.0,4376.0,3590.0,746.0
683,2786.0,254.0,162.0,4235.0,4376.0,3622.0,750.0
684,2796.0,254.0,162.0,4263.0,4376.0,3677.0,763.0
685,2800.0,258.0,164.0,4285.0,4375.0,3696.0,801.0
686,2816.0,257.0,203.0,4398.0,4374.0,3652.0,639.0
687,2811.0,262.0,213.0,4675.0,4376.0,3507.0,519.0
688,2808.0,263.0,215.0,4781.0,4375.0,3294.0,493.0
689,2794.0,262.0,264.0,4905.0,4377.0,3120.0,473.0
690,2805.0,256.0,268.0,4951.0,4376.0,3087.0,473.0
691,2835.0,253.0,277.0,5008.0,4375.0,2992.0,413.0
692,2847.0,253.0,256.0,5018.0,4375.0,2949.0,371.0
693,2897.0,262.0,204.0,5099.0,4377.0,2677.0,351.0
694,2897.0,260.0,174.0,5120.0,4375.0,2525.0,364.0
695,2899.0,257.0,145.0,5140.0,4376.0,2437.0,408.0
696,2887.0,257.0,145.0,5150.0,4375.0,2481.0,560.0
697,2899.0,256.0,143.0,5155.0,4376.0,2541.0,745.0
698,2877.0,254.0,126.0,5154.0,4377.0,2499.0,712.0
699,2854.0,255.0,124.0,5175.0,4375.0,2493.0,649.0
700,2854.0,255.0,94.0,5188.0,4376.0,2374.0,805.0
701,2859.0,251.0,64.0,5174.0,4377.0,2230.0,865.0
702,2867.0,252.0,64.0,5147.0,4375.0,2159.0,854.0
703,2865.0,254.0,31.0,5088.0,4374.0,2122.0,820.0
704,2871.0,257.0,2.0,5025.0,4375.0,2150.0,783.0
705,2863.0,255.0,2.0,5015.0,4374.0,2134.0,774.0
706,2861.0,260.0,2.0,4943.0,4374.0,2139.0,705.0
707,2837.0,258.0,2.0,4805.0,4375.0,2173.0,671.0
708,2752.0,256.0,2.0,4829.0,4372.0,2114.0,740.0
709,2688.0,259.0,2.0,4838.0,4375.0,2005.0,787.0
710,2615.0,257.0,2.0,4763.0,4373.0,2019.0,827.0
711,2581.0,255.0,2.0,4670.0,4374.0,1990.0,873.0
712,2555.0,252.0,2.0,4608.0,4376.0,2072.0,936.0
713,2469.0,248.0,2.0,4556.0,4375.0,2170.0,973.0
714,2390.0,247.0,2.0,4538.0,4375.0,2267.0,1004.0
715,2322.0,252.0,2.0,4434.0,4374.0,2399.0,976.0
716,2308.0,250.0,2.0,4401.0,4375.0,2497.0,951.0
717,2425.0,251.0,2.0,4435.0,4374.0,2533.0,947.0
718,2440.0,258.0,2.0,4476.0,4374.0,2574.0,948.0
719,2428.0,259.0,2.0,4350.0,4373.0,2668.0,943.0
720,2501.0,253.0,2.0,4141.0,4376.0,2791.0,953.0
721,2499.0,250.0,2.0,4066.0,4377.0,2748.0,991.0
722,2492.0,255.0,2.0,4045.0,4377.0,2801.0,1004.0
723,2460.0,254.0,2.0,4058.0,4376.0,2897.0,991.0
724,2425.0,247.0,2.0,4054.0,4375.0,2909.0,977.0
725,2422.0,248.0,2.0,4014.0,4375.0,2870.0,982.0
726,2449.0,252.0,2.0,3908.0,4376.0,2793.0,994.0
727,2425.0,254.0,2.0,3853.0,4375.0,2844.0,1022.0
728,2433.0,257.0,2.0,3871.0,4377.0,2801.0,1003.0
729,2454.0,260.0,2.0,3921.0,4377.0,2831.0,994.0
730,2465.0,257.0,2.0,3905.0,4379.0,2768.0,1010.0
731,2492.0,252.0,2.0,3905.0,4376.0,2757.0,1014.0
732,2496.0,250.0,2.0,3926.0,4379.0,2758.0,1024.0
733,2502.0,250.0,2.0,3881.0,4378.0,2822.0,990.0
734,2500.0,250.0,2.0,3817.0,4378.0,2834.0,944.0
735,2487.0,256.0,2.0,3701.0,4377.0,2828.0,911.0
736,2459.0,257.0,2.0,3586.0,4377.0,2777.0,886.0
737,2434.0,253.0,2.0,3522.0,4376.0,2879.0,908.0
738,2410.0,253.0,2.0,3445.0,4376.0,3012.0,900.0
739,2350.0,251.0,2.0,3423.0,4377.0,3055.0,876.0
740,2311.0,253.0,2.0,3409.0,4377.0,3079.0,857.0
741,2338.0,251.0,2.0,3430.0,4379.0,3109.0,842.0
742,2370.0,254.0,2.0,3445.0,4380.0,3017.0,821.0
743,2362.0,250.0,2.0,3399.0,4379.0,3015.0,816.0
744,2348.0,252.0,2.0,3343.0,4379.0,3101.0,813.0
745,2337.0,255.0,2.0,3292.0,4380.0,3145.0,818.0
746,2332.0,254.0,2.0,3266.0,4380.0,3124.0,817.0
747,2331.0,255.0,2.0,3268.0,4378.0,3052.0,809.0
748,2341.0,258.0,2.0,3331.0,4379.0,2904.0,822.0
749,2361.0,256.0,2.0,3364.0,4379.0,2816.0,820.0
750,2393.0,256.0,2.0,3338.0,4378.0,2785.0,807.0
751,2425.0,255.0,2.0,3278.0,4377.0,2741.0,817.0
752,2443.0,255.0,2.0,3251.0,4379.0,2699.0,837.0
753,2448.0,256.0,2.0,3170.0,4377.0,2694.0,847.0
754,2391.0,252.0,2.0,2980.0,4377.0,2583.0,812.0
755,2316.0,256.0,2.0,2939.0,4377.0,2475.0,776.0
756,2295.0,256.0,2.0,2928.0,4377.0,2511.0,758.0
757,2313.0,256.0,2.0,2970.0,4377.0,2514.0,769.0
758,2353.0,256.0,2.0,3023.0,4377.0,2437.0,765.0
759,2390.0,254.0,2.0,3047.0,4378.0,2399.0,758.0
760,2380.0,251.0,2.0,3034.0,4376.0,2420.0,762.0
761,2380.0,249.0,2.0,3019.0,4376.0,2388.0,758.0
762,2373.0,253.0,2.0,3011.0,4378.0,2361.0,745.0
763,2398.0,255.0,2.0,3001.0,4376.0,2306.0,733.0
764,2409.0,254.0,2.0,2994.0,4376.0,2255.0,734.0
765,2432.0,254.0,2.0,2998.0,4376.0,2268.0,732.0
766,2404.0,253.0,2.0,2994.0,4376.0,2241.0,716.0
767,2383.0,248.0,2.0,2993.0,4377.0,2241.0,700.0
768,2361.0,250.0,2.0,2964.0,4378.0,2240.0,695.0
769,2337.0,254.0,2.0,2953.0,4378.0,2213.0,694.0
770,2322.0,252.0,2.0,2921.0,4378.0,2132.0,681.0
771,2324.0,253.0,2.0,2931.0,4377.0,2178.0,674.0
772,2323.0,257.0,2.0,2950.0,4377.0,2210.0,667.0
773,2302.0,255.0,2.0,2964.0,4377.0,2273.0,665.0
774,2268.0,256.0,2.0,2935.0,4377.0,2289.0,663.0
775,2229.0,253.0,2.0,2904.0,4376.0,2269.0,631.0
776,2182.0,257.0,2.0,2898.0,4378.0,2286.0,612.0
777,2188.0,255.0,2.0,2894.0,4377.0,2325.0,610.0
778,2220.0,257.0,2.0,2922.0,4379.0,2247.0,615.0
779,2243.0,257.0,2.0,2938.0,4378.0,2253.0,621.0
780,2243.0,258.0,2.0,2962.0,4378.0,2239.0,620.0
781,2175.0,260.0,2.0,2915.0,4378.0,2218.0,621.0
782,2151.0,259.0,2.0,2859.0,4379.0,2254.0,629.0
783,2129.0,257.0,2.0,2870.0,4377.0,2240.0,634.0
784,2109.0,259.0,2.0,2868.0,4377.0,2283.0,624.0
785,2108.0,257.0,2.0,2882.0,4377.0,2307.0,606.0
786,2134.0,256.0,2.0,2892.0,4376.0,2304.0,622.0
787,2199.0,255.0,2.0,2940.0,4377.0,2343.0,632.0
788,2205.0,251.0,2.0,2955.0,4377.0,2349.0,625.0
789,2160.0,257.0,2.0,2961.0,4377.0,2381.0,598.0
790,2172.0,259.0,2.0,2966.0,4376.0,2367.0,593.0
791,2173.0,261.0,2.0,2960.0,4377.0,2357.0,573.0
792,2164.0,258.0,2.0,2965.0,4377.0,2406.0,546.0
793,2136.0,255.0,2.0,2944.0,4377.0,2379.0,528.0
794,2153.0,251.0,2.0,2952.0,4376.0,2383.0,517.0
795,2172.0,253.0,2.0,2968.0,4377.0,2420.0,516.0
796,2159.0,254.0,2.0,2964.0,4378.0,2461.0,508.0
797,2157.0,253.0,2.0,2963.0,4379.0,2503.0,496.0
798,2143.0,252.0,2.0,2953.0,4378.0,2541.0,471.0
799,2081.0,256.0,2.0,2919.0,4379.0,2555.0,458.0
800,2075.0,259.0,2.0,2912.0,4377.0,2566.0,444.0
801,2048.0,257.0,2.0,2888.0,4378.0,2599.0,440.0
802,2049.0,259.0,2.0,2865.0,4378.0,2557.0,440.0
803,2120.0,260.0,2.0,2896.0,4378.0,2396.0,440.0
804,2221.0,257.0,2.0,2922.0,4378.0,2354.0,429.0
805,2245.0,259.0,2.0,2939.0,4379.0,2342.0,425.0
806,2249.0,261.0,2.0,2955.0,4379.0,2306.0,421.0
807,2245.0,259.0,2.0,2937.0,4379.0,2358.0,409.0
808,2244.0,264.0,2.0,2939.0,4379.0,2380.0,392.0
809,2218.0,263.0,2.0,2898.0,4378.0,2463.0,382.0
810,2254.0,258.0,2.0,2889.0,4380.0,2496.0,375.0
811,2228.0,258.0,2.0,2908.0,4378.0,2568.0,366.0
812,2230.0,262.0,2.0,2948.0,4379.0,2628.0,352.0
813,2265.0,260.0,2.0,2948.0,4378.0,2633.0,352.0
814,2242.0,263.0,2.0,2876.0,4380.0,2579.0,347.0
815,2250.0,263.0,2.0,2880.0,4378.0,2551.0,332.0
816,2281.0,263.0,2.0,2918.0,4381.0,2548.0,321.0
817,2328.0,261.0,2.0,2913.0,4381.0,2550.0,316.0
818,2375.0,259.0,2.0,2945.0,4380.0,2524.0,307.0
819,2426.0,257.0,2.0,2964.0,4380.0,2560.0,303.0
820,2472.0,256.0,2.0,2969.0,4378.0,2507.0,306.0
821,2493.0,259.0,2.0,2967.0,4379.0,2583.0,303.0
822,2542.0,258.0,2.0,2951.0,4380.0,2669.0,292.0
823,2575.0,259.0,2.0,2930.0,4379.0,2688.0,282.0
824,2575.0,259.0,2.0,2930.0,4379.0,2688.0,282.0
825,2568.0,253.0,2.0,2935.0,4380.0,2824.0,273.0
826,2599.0,254.0,2.0,2916.0,4380.0,2762.0,274.0
827,2663.0,255.0,2.0,2940.0,4379.0,2773.0,268.0
828,2686.0,256.0,2.0,3030.0,4378.0,2736.0,269.0
829,2754.0,256.0,2.0,3099.0,4379.0,2716.0,261.0
830,2814.0,255.0,2.0,3164.0,4378.0,2727.0,244.0
831,2832.0,257.0,2.0,3273.0,4378.0,2775.0,231.0
832,2883.0,251.0,2.0,3312.0,4376.0,2816.0,225.0
833,2970.0,251.0,2.0,3321.0,4378.0,2892.0,215.0
834,3074.0,245.0,2.0,3327.0,4378.0,2938.0,215.0
835,3108.0,246.0,2.0,3336.0,4379.0,3012.0,226.0
836,3120.0,249.0,2.0,3349.0,4379.0,3109.0,230.0
837,3153.0,250.0,2.0,3419.0,4379.0,3113.0,219.0
838,3238.0,249.0,2.0,3607.0,4379.0,3197.0,217.0
839,3348.0,248.0,2.0,3715.0,4378.0,3261.0,235.0
840,3437.0,248.0,2.0,3751.0,4378.0,3323.0,237.0
841,3430.0,252.0,2.0,3853.0,4378.0,3374.0,223.0
842,3454.0,250.0,2.0,3868.0,4377.0,3371.0,208.0
843,3490.0,254.0,2.0,3886.0,4379.0,3384.0,199.0
844,3482.0,254.0,2.0,3947.0,4379.0,3373.0,202.0
845,3511.0,257.0,2.0,4033.0,4379.0,3326.0,202.0
846,3546.0,255.0,2.0,4050.0,4377.0,3347.0,210.0
847,3566.0,251.0,2.0,4118.0,4377.0,3373.0,206.0
848,3633.0,247.0,2.0,4161.0,4378.0,3384.0,190.0
849,3634.0,251.0,2.0,4183.0,4378.0,3370.0,173.0
850,3583.0,250.0,2.0,4260.0,4378.0,3277.0,163.0
851,3562.0,254.0,2.0,4334.0,4377.0,3250.0,160.0
852,3538.0,254.0,2.0,4339.0,4379.0,3351.0,158.0
853,3528.0,253.0,2.0,4354.0,4379.0,3408.0,144.0
854,3517.0,252.0,2.0,4359.0,4377.0,3382.0,130.0
855,3523.0,255.0,2.0,4372.0,4378.0,3388.0,117.0
856,3509.0,256.0,2.0,4396.0,4378.0,3387.0,112.0
857,3502.0,252.0,2.0,4412.0,4379.0,3379.0,109.0
858,3491.0,253.0,2.0,4412.0,4378.0,3390.0,111.0
859,3463.0,256.0,2.0,4384.0,4377.0,3394.0,102.0
860,3464.0,257.0,2.0,4406.0,4378.0,3394.0,85.0
861,3509.0,258.0,2.0,4446.0,4379.0,3330.0,81.0
862,3591.0,258.0,2.0,4391.0,4379.0,3230.0,76.0
863,3653.0,256.0,2.0,4405.0,4378.0,3198.0,72.0
864,3659.0,255.0,2.0,4390.0,4379.0,3226.0,69.0
865,3683.0,254.0,2.0,4394.0,4379.0,3307.0,67.0
866,3706.0,249.0,2.0,4401.0,4378.0,3319.0,59.0
867,3706.0,252.0,2.0,4425.0,4379.0,3302.0,59.0
868,3705.0,252.0,2.0,4460.0,4380.0,3268.0,70.0
869,3690.0,252.0,2.0,4476.0,4378.0,3244.0,82.0
870,3694.0,249.0,2.0,4480.0,4378.0,3145.0,86.0
871,3689.0,248.0,2.0,4486.0,4378.0,3059.0,83.0
872,3672.0,247.0,2.0,4469.0,4379.0,3003.0,89.0
873,3709.0,251.0,2.0,4491.0,4380.0,3005.0,101.0
874,3827.0,250.0,2.0,4525.0,4379.0,3027.0,107.0
875,3915.0,250.0,2.0,4527.0,4378.0,3091.0,111.0
876,3951.0,253.0,2.0,4496.0,4378.0,3134.0,118.0
877,3969.0,252.0,2.0,4519.0,4378.0,3051.0,128.0
878,3994.0,251.0,2.0,4554.0,4379.0,2992.0,128.0
879,3998.0,251.0,2.0,4531.0,4377.0,2983.0,131.0
880,3997.0,251.0,2.0,4479.0,4378.0,2980.0,140.0
881,3990.0,251.0,2.0,4469.0,4377.0,2985.0,154.0
882,3988.0,251.0,2.0,4484.0,4379.0,2966.0,159.0
883,3996.0,252.0,2.0,4495.0,4378.0,2946.0,164.0
884,3998.0,251.0,2.0,4508.0,4378.0,3005.0,163.0
885,4001.0,250.0,2.0,4475.0,4377.0,2986.0,160.0
886,4027.0,249.0,2.0,4375.0,4379.0,2993.0,163.0
887,4018.0,256.0,2.0,4332.0,4376.0,2971.0,153.0
888,4040.0,255.0,2.0,4341.0,4379.0,2972.0,149.0
889,4043.0,249.0,2.0,4386.0,4379.0,2978.0,145.0
890,4042.0,246.0,2.0,4402.0,4377.0,2917.0,140.0
891,4015.0,248.0,2.0,4367.0,4376.0,2981.0,141.0
892,3961.0,254.0,2.0,4374.0,4376.0,3009.0,144.0
893,3961.0,253.0,2.0,4358.0,4379.0,2967.0,150.0
894,3935.0,253.0,2.0,4371.0,4380.0,2972.0,145.0
895,3884.0,255.0,2.0,4412.0,4379.0,2959.0,137.0
896,3890.0,254.0,2.0,4369.0,4378.0,2961.0,143.0
897,3912.0,253.0,2.0,4336.0,4379.0,2978.0,140.0
898,3925.0,251.0,2.0,4282.0,4377.0,3034.0,142.0
899,3922.0,252.0,2.0,4309.0,4378.0,3071.0,132.0
900,3914.0,253.0,2.0,4293.0,4377.0,3016.0,126.0
901,3924.0,257.0,2.0,4289.0,4378.0,2969.0,120.0
902,3887.0,254.0,2.0,4301.0,4376.0,2973.0,111.0
903,3882.0,253.0,2.0,4325.0,4377.0,2933.0,113.0
904,3900.0,253.0,2.0,4355.0,4376.0,2935.0,100.0
905,3908.0,250.0,2.0,4353.0,4376.0,2927.0,89.0
906,3872.0,250.0,2.0,4352.0,4377.0,2897.0,89.0
907,3820.0,249.0,2.0,4347.0,4376.0,2909.0,88.0
908,3774.0,251.0,2.0,4366.0,4378.0,2915.0,91.0
909,3727.0,248.0,2.0,4361.0,4378.0,2933.0,91.0
910,3696.0,248.0,2.0,4342.0,4379.0,2901.0,100.0
911,3661.0,249.0,2.0,4327.0,4377.0,2870.0,101.0
912,3644.0,248.0,2.0,4322.0,4377.0,2900.0,99.0
913,3645.0,248.0,2.0,4318.0,4377.0,2901.0,84.0
914,3660.0,245.0,2.0,4298.0,4377.0,2899.0,82.0
915,3669.0,247.0,2.0,4274.0,4378.0,2945.0,75.0
916,3654.0,246.0,2.0,4264.0,4376.0,2907.0,81.0
917,3629.0,246.0,2.0,4269.0,4376.0,2924.0,92.0
918,3623.0,250.0,2.0,4235.0,4379.0,2910.0,100.0
919,3631.0,249.0,2.0,4193.0,4375.0,2955.0,107.0
920,3613.0,254.0,2.0,4158.0,4374.0,2946.0,115.0
921,3568.0,251.0,2.0,4125.0,4375.0,2970.0,110.0
922,3504.0,249.0,2.0,4114.0,4376.0,2984.0,109.0
923,3484.0,250.0,2.0,4084.0,4376.0,2984.0,115.0
924,3502.0,253.0,2.0,4059.0,4375.0,2938.0,110.0
925,3508.0,254.0,2.0,4019.0,4377.0,2984.0,109.0
926,3527.0,255.0,2.0,4019.0,4377.0,2982.0,110.0
927,3534.0,254.0,2.0,4042.0,4379.0,2981.0,105.0
928,3537.0,255.0,2.0,4055.0,4377.0,2986.0,104.0
929,3535.0,255.0,2.0,4040.0,4378.0,2987.0,98.0
930,3556.0,256.0,2.0,3995.0,4377.0,2987.0,86.0
931,3573.0,255.0,2.0,3959.0,4376.0,2983.0,82.0
932,3573.0,256.0,2.0,3942.0,4377.0,2980.0,90.0
933,3534.0,257.0,2.0,3967.0,4376.0,2931.0,98.0
934,3486.0,254.0,2.0,4043.0,4376.0,2959.0,96.0
935,3504.0,251.0,2.0,4030.0,4376.0,2980.0,86.0
936,3511.0,255.0,2.0,4006.0,4375.0,3062.0,84.0
937,3501.0,255.0,2.0,4005.0,4377.0,3075.0,90.0
938,3486.0,254.0,2.0,4009.0,4375.0,3076.0,104.0
939,3479.0,255.0,2.0,4012.0,4376.0,3067.0,108.0
940,3458.0,256.0,2.0,4019.0,4377.0,3070.0,109.0
941,3458.0,256.0,2.0,4019.0,4377.0,3070.0,109.0
942,3477.0,252.0,2.0,4067.0,4375.0,3028.0,107.0
943,3416.0,253.0,2.0,4088.0,4374.0,3026.0,99.0
944,3429.0,257.0,2.0,4069.0,4375.0,3034.0,92.0
945,3437.0,256.0,2.0,4132.0,4377.0,3015.0,89.0
946,3405.0,260.0,2.0,4233.0,4377.0,2976.0,82.0
947,3405.0,259.0,2.0,4270.0,4377.0,3022.0,70.0
948,3435.0,258.0,2.0,4264.0,4375.0,3046.0,60.0
949,3444.0,258.0,2.0,4289.0,4374.0,3014.0,58.0
950,3435.0,255.0,2.0,4296.0,4375.0,3079.0,55.0
951,3484.0,259.0,2.0,4288.0,4377.0,3111.0,54.0
952,3490.0,261.0,2.0,4273.0,4376.0,3192.0,48.0
953,3510.0,262.0,2.0,4292.0,4377.0,3228.0,37.0
954,3542.0,258.0,2.0,4307.0,4377.0,3243.0,32.0
955,3586.0,261.0,2.0,4342.0,4376.0,3248.0,24.0
956,3643.0,256.0,2.0,4369.0,4378.0,3277.0,17.0
957,3711.0,254.0,2.0,4394.0,4377.0,3242.0,13.0
958,3779.0,256.0,2.0,4479.0,4379.0,3256.0,10.0
959,3789.0,255.0,2.0,4484.0,4378.0,3317.0,10.0
960,3790.0,256.0,2.0,4555.0,4378.0,3338.0,8.0
961,3810.0,258.0,2.0,4653.0,4377.0,3288.0,7.0
962,3856.0,258.0,2.0,4677.0,4377.0,3297.0,6.0
963,3899.0,257.0,2.0,4756.0,4379.0,3289.0,4.0
964,3890.0,257.0,2.0,4799.0,4377.0,3341.0,5.0
965,3920.0,257.0,2.0,4839.0,4379.0,3351.0,6.0
966,3925.0,260.0,2.0,4886.0,4378.0,3381.0,7.0
967,3896.0,264.0,2.0,4992.0,4378.0,3448.0,8.0
968,3908.0,261.0,2.0,5102.0,4376.0,3503.0,12.0
969,3924.0,262.0,2.0,5255.0,4379.0,3501.0,16.0
970,3957.0,264.0,2.0,5226.0,4378.0,3550.0,17.0
971,3970.0,260.0,2.0,5271.0,4377.0,3646.0,18.0
972,3969.0,258.0,2.0,5328.0,4379.0,3604.0,22.0
973,3968.0,261.0,2.0,5334.0,4378.0,3575.0,26.0
974,3971.0,258.0,2.0,5332.0,4378.0,3546.0,25.0
975,3969.0,259.0,2.0,5365.0,4377.0,3543.0,25.0
976,3969.0,260.0,2.0,5362.0,4378.0,3514.0,25.0
977,3966.0,257.0,2.0,5329.0,4378.0,3503.0,27.0
978,3968.0,257.0,2.0,5275.0,4379.0,3513.0,30.0
979,3974.0,254.0,2.0,5296.0,4378.0,3579.0,31.0
980,3972.0,257.0,2.0,5284.0,4378.0,3576.0,32.0
981,3972.0,258.0,2.0,5173.0,4377.0,3587.0,32.0
982,3966.0,258.0,2.0,4966.0,4378.0,3578.0,31.0
983,3961.0,258.0,2.0,4912.0,4379.0,3497.0,34.0
984,3962.0,258.0,2.0,4833.0,4379.0,3489.0,37.0
985,3929.0,255.0,2.0,4766.0,4377.0,3477.0,36.0
986,3900.0,253.0,2.0,4739.0,4379.0,3463.0,31.0
987,3888.0,255.0,2.0,4720.0,4379.0,3471.0,25.0
988,3881.0,258.0,2.0,4679.0,4378.0,3480.0,21.0
989,3863.0,258.0,2.0,4659.0,4379.0,3452.0,23.0
990,3857.0,257.0,2.0,4630.0,4378.0,3458.0,25.0
991,3860.0,257.0,2.0,4603.0,4379.0,3472.0,28.0
992,3870.0,258.0,2.0,4593.0,4380.0,3463.0,34.0
993,3860.0,255.0,2.0,4580.0,4378.0,3376.0,39.0
994,3782.0,256.0,2.0,4543.0,4377.0,3311.0,39.0
995,3706.0,252.0,2.0,4537.0,4378.0,3276.0,41.0
996,3697.0,253.0,2.0,4540.0,4377.0,3191.0,44.0
997,3688.0,251.0,2.0,4555.0,4378.0,3109.0,50.0
998,3685.0,249.0,2.0,4519.0,4378.0,3040.0,55.0
999,3682.0,250.0,2.0,4453.0,4381.0,3019.0,62.0
