,mtum,vlue,qual
0,0.0,0.0,0.5833738619509532
1,0.0,0.2598119625547568,-0.19442014253989726
2,0.0,0.010824033684464496,0.0
3,0.0,0.0,-0.14583991664363083
4,-0.960854041656134,0.0,-0.04861803243727536
5,0.540155676175047,0.6762697221285308,0.29264484548718883
6,-0.6903286912081086,-0.15009238823093796,0.0
7,0.12912208230098088,-0.1203606222066611,-0.5844026885490905
8,0.49107300436190826,0.4056520912900652,0.583430588311451
9,0.0,0.0,0.09720534637125411
10,0.5609311604093392,0.27034333768316543,0.0
11,0.0,0.0,0.20410047645658125
12,0.46953786424008825,0.0,0.0
13,-0.24455266079925764,0.0,0.13604384519716461
14,0.0,0.13514426671079605,0.08161742419954265
15,0.0,0.13512600520471096,0.2584112386356807
16,0.24315138325459174,0.0,0.0
17,-0.3980423098646213,0.0,-0.27395690110409987
18,-0.3021413855384125,0.13510774863512154,0.07869743124899742
19,0.09184381370008765,0.0,0.0
20,0.3154297756813307,0.7427665016193075,0.6808142256922167
21,0.0,0.06749687829454842,-0.09709209192543256
22,-0.14298250311028937,0.0,0.0
23,0.38824800424386297,0.0,0.09709209192543256
24,0.1401247112218229,0.2024633042179147,0.0
25,-0.24523113156948995,0.20242232112543945,0.3882741264078504
26,0.10510642034766704,0.0,0.0
27,0.07006480997784337,0.0,0.0
28,0.0,0.0,0.291106692658083
29,-0.350373150986627,0.0,0.0
30,-0.2102828311816296,0.5409412374310918,-0.09702614862394654
31,-0.14021312417789034,0.0,0.1940428840860875
32,0.49065994745944863,0.0,0.09700732412909474
33,-0.016818641783267196,0.0,0.357875619251935
34,0.15696299069212216,0.40315486074682383,0.0
35,0.2101797044202769,0.0,0.0
36,-0.35032405332913186,0.0,0.4178443847395741
37,-0.3504468232815583,0.13479813998973356,0.0
38,-0.35056967931357264,0.0,-0.28985493399869
39,0.0,0.13477997189959012,0.0
40,-0.288260336847479,-0.006738567178032895,0.09598133897537053
41,-0.062432284667401916,0.0,0.004847297994992061
42,0.07014836381902256,0.4109695232994426,0.23942727559322918
43,0.0,0.0,-0.25784713297571926
44,-0.22800017637258918,0.5387205517495275,0.20744615441081748
45,-0.12279086100619452,0.1346348032997824,0.3876344655573405
46,-1.1233589610739614,0.0,-1.0304697109919658
47,-0.14050864151293752,0.0,-0.13288475855688375
48,-0.9841136742512191,0.0,0.08729854653477531
49,0.0,0.0,-0.281322606126011
50,0.0,0.0,0.0
51,-0.3207490925536405,-0.7865235527511061,-0.291106692658083
52,0.0,0.24787554619098984,0.0
53,-0.31240721267433713,0.0,-0.09705439906682045
54,0.21109664786589377,0.0,0.20283296580725363
55,0.28139289668605016,0.33668900355099396,0.0853910473832542
56,-0.5628649976223699,0.0,0.0
57,-0.28155134978735674,0.0673241997093399,0.0
58,-0.4224757139308366,0.0,-0.6444943999692754
59,-0.6692851228224939,-0.2693239983964091,-0.22722505865768738
60,-0.13250111376716944,0.0,0.0
61,-0.25518458372353336,0.2693239983964091,0.0
62,-0.24819774718753962,0.0,0.04952781060385547
63,0.0,0.0,-0.6119862056976899
64,0.2714631279845392,0.0,0.46630917142476136
65,-0.5169010172094701,-0.8081896991631865,-0.2914177494028891
66,-0.2821869507263486,-0.13476180870775067,0.0
67,-1.2708276209059122,0.0,0.0
68,0.0,-0.8089524507486345,-1.0692589111096495
69,-0.49464722062797506,0.5393743388593109,0.2917294716073826
70,0.0,0.0,0.0
71,0.07067887058020972,0.0,-0.01944598391911967
72,-0.31809426461482104,0.40433992059707435,0.31109037426269026
73,-0.495014506960878,0.0,-0.19442014253989726
74,0.6010571715586721,0.0,0.09721479616864315
75,0.494717137904388,0.5388657007667774,0.0
76,-0.8482364260622433,0.13467106612541357,0.09720534637125411
77,-0.0707188572128814,0.1346529322709955,0.0
78,-0.21218658353117092,0.0,0.29155935869074057
79,0.4243281534668242,0.0,0.0
80,-0.6365597697000069,0.0,-0.43737092180684556
81,0.0,0.0,0.0
82,-0.07146144675651556,-0.2693239983964091,0.0
83,-0.3177468730619637,0.0,0.24300746152494668
84,0.5957810107943828,0.13467106612541357,0.0
85,0.6293591281307798,0.2692877355707779,0.43726467355309495
86,0.08341338902795314,0.0,0.36424122884870513
87,0.21203661244939553,0.0,0.10973201607633598
88,-0.3534193357159765,0.0,0.0
89,0.0,0.13461667920999787,0.2543765894049699
90,0.6360649000622942,0.0,-0.3883872269421218
91,0.062171304572089525,0.13459855999808923,0.17285094368180154
92,-0.062171304572089525,-0.4038500425078695,0.0
93,1.3061975627284284,0.0,0.4096733446354861
94,0.13687544426499443,0.0,0.28919432410212664
95,0.11005120213880559,0.0,0.050454870070382185
96,-0.07054424890906574,0.0,0.14552863301453556
97,0.0,0.0,0.09700732412909474
98,0.0,0.20194540811058204,0.0
99,-0.07054922575200351,0.20190463439728745,0.04850013338497661
100,-0.5073955299268462,0.0,-0.14550745751407135
101,0.0614092577819747,0.06729248681924815,0.0
102,-0.1800033252532529,0.0672879588456965,-0.09701673546214096
103,0.0,0.0,-0.19406171223401714
104,-1.422106037135329,-0.12515922490319298,-0.5824111987573488
105,-0.21211157148126603,0.25972156110842803,-0.056317733012178905
106,-0.31825173981037125,0.0,-0.2019931290364596
107,-0.3891119453403036,-0.6743392639547707,-0.4798972684527669
108,-0.49545246439386403,0.0,-0.7679260057864568
109,0.5945135073046615,0.0,0.08265326716117016
110,-0.06792651485820755,-0.8324466058100555,-0.22852864122491212
111,-0.29581716167559335,-0.3517754926933847,0.0009725729563925256
112,0.0,0.0,-0.2927871754847544
113,0.0,0.4690064965204854,0.48631037285851164
114,0.30006270403326596,0.1778414898101488,0.4151219152106478
115,-0.3566884067378595,0.0,0.0
116,-0.5324383962879153,-0.06736047963240566,-0.7068797582725495
117,-0.13669547562855655,-0.07814384129467555,0.0
118,0.848909407781484,0.41355407202647854,0.6106490377559837
119,0.7407022577758937,0.0,0.16718279533556313
120,0.461688522585213,0.2868279341594615,0.38868915074985466
121,-1.0608579798985218,0.0,-0.29150269846489607
122,0.7073636851506748,-0.46462175575356923,-0.19438235069380028
123,-0.2885439582795968,0.1791406238478288,-0.07095897164965947
124,-0.41881972687107805,-0.7410152247189217,-0.6096769630330456
125,-1.6997171230936914,-1.1462864948228457,-1.0705076201142916
126,0.07087925721549482,0.40472175931860477,0.4225008021245813
127,-0.1956389531896363,0.26972353501442115,-0.06521312771834431
128,0.59955481663021,0.40444894383462326,0.7132199457080546
129,0.0,0.13477997189959012,0.0
130,0.6891147414984644,0.2695054591166368,0.29175784306190167
131,0.46504336464980867,0.0,0.38887809162080345
132,-0.27177990524762663,0.13472549700477288,-0.2916443903435706
133,-0.2945116084349664,0.013471551451260666,0.008750569394422314
134,-0.5673208478960134,0.12123579703793297,-0.39774211373355683
135,-0.27634018077016265,-0.6063260198549969,-0.30254551911301775
136,-0.28988496589565926,0.06738771524439358,-0.13525091254162902
137,-0.3920808233015549,-0.33159135847782295,-0.37860520932220254
138,0.17939782650611136,0.19681138657823283,-0.0808006468391298
139,-0.4964363067809785,0.0,0.21610277231065567
140,-0.7806124655695967,-0.26961445296791453,-0.4906790551233442
141,-0.7812222974648009,-0.2696871645255783,-0.8729132473295209
142,0.2131211601854588,0.0,0.2923549209539189
143,0.071030294450658,0.0,-0.1948937835054565
144,0.21306061655135267,0.13485267365886955,0.1948937835054565
145,-0.14203536704560094,0.40444894383462326,0.19485580731970487
146,0.21304548601719375,0.0,-0.03701968180980231
147,0.0,0.0,0.0
148,0.0,-0.13479813998973356,-0.15783612550990256
149,-0.639272671556057,0.0,0.2922694745342014
150,0.8806693655936115,-0.13481631297818097,0.24349265989975777
151,0.042593368219101535,0.6658157769345863,0.23077631013190825
152,1.1351544319335716,0.0,0.888526918876309
153,0.2984734981588133,0.9319363941120429,0.0
154,0.0,0.018845244201592948,0.09727153356209328
155,-0.12122196003794272,-0.40390441478077577,-0.19455252979660997
156,-0.35453449991962316,0.0,-0.1225875310559843
157,0.4608703440602824,0.0,-0.22964883291365368
158,-0.6381847406808916,-0.11985636104849817,-0.32899571920985693
159,0.39005017958082533,-0.05656641841866872,0.1888450959910415
160,-0.7447733218910457,0.0,-0.3348837965058138
161,-0.2625761574641672,-0.6318757961327748,-0.14606003093220465
162,1.085341261896744,0.0,0.8663107871855757
163,0.0,0.6736275094745281,-0.1839066148798807
164,-0.57444569344689,-0.22763533456604534,-0.4876622047964574
165,1.0174653938044287,0.4969593329624544,0.6812983863699884
166,0.8302218203244394,0.5384304881728141,0.5836008336057574
167,-0.3236478612080873,-0.8077544865692232,-0.19449577033014975
168,0.0,-0.2693965533531184,-0.4864049903767764
169,-0.1062529884654495,0.0,0.14594634065456802
170,0.0,0.5387205517495275,0.02432231937721241
171,0.8815579717298405,0.1346348032997824,0.0
172,-0.35040589040491454,-0.2692877355707779,0.21887425761324408
173,0.21238186338745635,-0.13467106612541357,-0.11964532470987166
174,0.28310567108214,0.40395880169619147,0.6544696962764718
175,-0.07076890417323511,0.08884904149830675,-0.23334273291819585
176,-0.07077391276499867,0.04576763771169112,0.038894236850772756
177,0.0,0.0,0.006806335921538675
178,0.2830656023427025,0.0,0.0
179,0.5658909396260015,0.4710157204463883,0.39177239594501145
180,0.35281237429352075,0.0672698530408411,0.23324068600771852
181,0.21275851388136147,0.2690341689621789,0.19432569046795578
182,0.7065140890194499,0.0,0.4089322118296934
183,-0.8478768260369307,0.13448994707854212,-0.4089322118296934
184,-0.353494294747847,-0.13448994707854212,0.09714868614008054
185,-0.060813615480270755,0.0,0.0
186,0.48499177666538884,0.537851297085723,0.09713924919019234
187,-0.282765447947142,-0.13443570632620805,0.4457481383211004
188,-0.42429814652500397,-0.5379236278182375,-0.6400360736513733
189,-0.07073386386657887,0.5379236278182375,0.0
190,-0.49527718845965296,-0.9186794529032483,-0.9720062973688215
191,-0.5741208975944545,-0.44955919728817406,-0.3404255352030816
192,-0.4880140933893884,0.09019724258330086,-0.340541464213473
193,1.345180563210313,0.8746258168486065,1.2642841460355214
194,0.5658509133867895,0.2689618090441215,0.19436346028189888
195,-0.49510203649560935,0.0,0.0
196,0.0,0.0,0.005830320191080318
197,0.7072136079768754,0.2688894880416015,0.09133724535193011
198,-0.4949970047682939,-0.31729727525053875,-0.21766846069937174
199,0.42429814652500397,0.0,0.12050089515636131
200,0.0,0.31729727525053875,0.19432569046795578
201,0.4241181939592664,0.26881720591998004,0.2914177494028891
202,0.21199166245544632,-0.4032529122461881,-0.2914177494028891
203,0.28258566065808566,0.2688533421224548,0.6798426911673872
204,-0.24725808571623986,0.0,0.0
205,-0.848206447743749,-0.4033071238378483,-1.0685318419172418
206,-0.7427712782908102,-0.13447186196557936,0.04859440679361171
207,0.14152278540446872,0.0,-0.15842646590957798
208,0.5658909396260015,0.13447186196557936,0.28087389869924095
209,0.0,-0.6725402096252608,-0.8029841108143643
210,-0.21217157687747346,0.0,0.7291287235160482
211,0.5656908650353287,1.0758473334631091,0.48579063379516896
212,0.5653710397952594,0.0,0.1942501948608566
213,-0.42399831035844215,0.0,-0.3885381301911295
214,0.0,-0.13441763579624677,-0.25457432298825466
215,0.6712476625887476,0.8062349267676794,0.44886225831852755
216,0.24718823509850552,0.0,0.5826374218029784
217,0.07061398866081703,0.0,0.2911914604419863
218,0.6353016131503963,0.4028738387935604,0.291106692658083
219,-0.0705691401439168,-0.009398540406380107,0.0
220,-0.5647324730064796,0.009398540406380107,-0.4852249112623497
221,0.5647324730064796,0.40271159682436775,0.29116319902833254
222,0.5644137302365237,0.5366966451116895,0.0
223,0.740309906372083,0.5364087563242137,0.9699321807934425
224,0.5988973422388355,0.5361211762240359,0.6783932033203044
225,0.07043493575764614,0.0,0.0
226,0.1408549900210332,0.0,0.09687575691685879
227,0.2119493681318474,0.1339853957924575,0.04843435934454021
228,-1.1983511954518633,-0.2679887460761421,-0.48444919075585346
229,-0.2820078980905194,-0.26806058329675864,-0.43620502327446076
230,0.42298202957091746,0.1340392737079199,0.38774719369172317
231,-0.21146865056120845,-0.13537975718058703,-0.38774719369172317
232,0.17622698080721477,0.5373898128455679,0.5815644246496277
233,0.6693794398149322,0.010718056173253387,0.097863428273115
234,0.14086491078391106,0.0,0.28965837467787026
235,-0.14086491078391106,0.3911304523489534,-0.29062727257134213
236,0.0,-0.26788106241149023,0.0
237,0.28170998143917103,-0.26795284190317403,-0.2907117613375476
238,0.1408252361150275,0.0,0.0
239,0.14080540716054912,1.0712373814989462,0.9687107218825375
240,-0.3964282082069559,0.0,0.0
241,0.0,0.0,0.0
242,-2.1150600101309536,0.0,0.0
243,0.7760415218918126,0.0,1.2472883243983546
244,-0.3526714901651573,0.0,0.0
245,0.9166872975594487,6.003090949959322,-0.42589335636922243
246,0.22833592542070846,0.0,0.0
247,0.0,0.0,0.07920478401057807
248,-0.29882050694762796,0.0,0.5484658543695176
249,-0.35249744804399796,0.0,0.19305019364956877
250,0.0,0.0,0.0
251,-0.7759320390716695,0.0,0.13414793642230194
252,-0.141143260643517,1.7292499353018798,0.15535749382600272
253,-0.9179170988726781,0.0,-0.38602586852576337
254,0.0,0.0,-0.09652975537211006
255,0.0,0.9291830495303799,-0.2896451866742922
256,-0.09890288451241958,-0.13268758727136287,0.09655771745098463
257,-0.3250355094577273,0.13268758727136287,0.675643093121181
258,0.4239383939701469,0.3979571585315256,-0.192994307266936
259,-0.7066638694190885,0.0,0.0
260,-0.07069386026703484,0.13261720064505766,-0.7723499128866607
261,-0.28282542789082044,0.5965598559587448,-0.1931807211645875
262,-0.14144271593607982,-0.7291770566038025,-0.1932180471673206
263,0.35356928558361034,-0.13263479030012348,0.1932180471673206
264,0.0,0.26657807413954515,-0.5797661772213303
265,-1.9220949102551899,0.19756674737525515,0.0
266,-0.3429117205966392,0.0,-0.2900091856572473
267,0.7791748224912354,0.0,0.3798949582973776
268,0.21239689980401266,0.0,0.0
269,-1.1333051220079327,0.0,-1.153664220232109
270,0.08575110711017686,-1.4209626857493163,0.30861226789991036
271,-0.36927818584597816,0.0,0.3684685723976955
272,0.0070891567807152,0.0,0.0
273,-0.858153037937015,0.7578326879738029,-0.4835823876812029
274,-0.42580371092615366,0.8619832778524739,0.21280506169407687
275,0.9024887162922823,0.13254688865593778,0.17407955479598058
276,0.37437887579017115,0.1325293223066737,-0.09670712255527292
277,0.032609705076680484,0.39748261536853846,-0.048357068603621656
278,0.0,0.9268454817759064,0.048357068603621656
279,1.0726916020269428,-0.2647253489982404,0.5279070542112407
280,-0.7509050174672183,0.0,0.0
281,0.0,0.6603590925866598,0.0
282,0.0708641888120809,0.13360680858998109,0.29380553764202233
283,0.0,0.2645152772995374,0.047348736497809796
284,-0.6166867108072793,-0.1322488926085441,-0.20100599703365418
285,0.1914262323587934,0.2644802977593841,-0.2812829420442142
286,0.2835270787358013,0.0,0.07540318959087244
287,0.0,0.9251305754656158,0.5721056154746051
288,-0.4253207691533589,0.0,0.028983126991732888
289,-0.7802248861956684,0.0,-0.22512436283683712
290,-0.14192449640582083,0.0,-0.1613864159626388
291,-0.0007096730927358408,-0.12550325168980692,0.09664170096890246
292,0.0,0.0,0.09663236225332383
293,-0.21221484597067075,0.12550325168980692,0.14493103723545175
294,0.9932601029438715,0.1320916718121623,0.19320871431371955
295,-0.49721620246856446,0.0,0.0
296,-0.21215461538837133,0.3961703584334231,-0.14490303597192167
297,0.26110698155346057,0.7918701746767454,0.1845062121521579
298,-0.06172294275597068,-0.2638870578710595,-0.2047943128440366
299,0.0,-0.1319696471728804,-0.17391489228746337
300,-0.9802735826145437,0.2639218806557153,0.0
301,-0.07102020527849362,0.0,0.0
302,0.42604559332293235,0.0,0.47819319239650326
303,0.0,0.2638522442746094,0.005794878679132864
304,-0.0709949948829447,0.0,0.09657636783799717
305,-0.36925524478004235,0.3956478785545059,-0.2897570890025847
306,0.0,-0.26374785857807836,0.0
307,-0.5541386482992294,0.0,0.0
308,0.0,0.0,-0.2898410725089562
309,0.0,-1.1877269624571696,-0.2908916623036717
310,-1.0665150856281613,0.13203934791761185,-0.2890426280659497
311,-0.9964413635854541,0.2640264041735563,0.0
312,-0.3917309214811482,0.0,-0.016436372145101075
313,0.10685092525175577,0.0,-0.2736569432384428
314,0.0,-0.1320044883437177,0.0
315,-1.6396367957778324,0.1320044883437177,-1.064396055786787
316,-0.642329537126507,-0.5281225367008702,-0.2420662789281991
317,0.0,-0.5284015974984513,0.0
318,0.0,-0.660894875685436,-1.2112111168010031
319,-1.5003753752340643,-0.13223140515083998,0.3451023611722448
320,-0.21523837733283813,-0.1322488926085441,-0.5390323530525265
321,0.644146811958457,0.5288906641869318,0.1939299918802817
322,0.3508532522609187,0.469156287204342,0.19389239033174022
323,0.026434056496604796,0.05945479950675292,0.0
324,0.0,0.0,0.0
325,-0.7111051695405379,0.0,0.29076811447836803
326,-1.382920758271844,0.0,-1.3576417911549399
327,0.07158964816778024,-1.9837340367656608,-0.6795127184719973
328,-1.074383228369058,0.0,0.0
329,1.0027935802012777,0.0,0.0
330,0.6434069441523249,0.7238576235426564,0.8735744307060145
331,-0.1388091891048049,0.07010827763398453,0.1455215738292992
332,-0.14670075398282023,0.0,-0.04850483836715824
333,0.21467673344499616,0.0,-0.09701673546214096
334,0.3934543554287018,0.0,0.04074817531130037
335,0.035045697089231,-0.12302344008929822,0.4229068116110568
336,0.5727157931163518,0.12302344008929822,0.40915697752019753
337,0.0,0.13226638469099328,0.0
338,0.4816566795771138,0.0,-0.06785806035214392
339,-0.01571806927813668,0.1322488926085441,0.2520210160090741
340,0.4628650859510586,0.13223140515083998,0.00872266715923331
341,-0.07141581863479018,0.13221392231876905,0.0
342,0.0,-0.05288347128296067,0.09788249166220453
343,0.42841842854546286,0.4494203874569891,0.0969039198395194
344,0.0,0.13214403719263856,0.2896867189212671
345,-0.15777943681172246,-0.2643055387396842,-0.3381375050448554
346,0.5860144016027746,0.7491245700501636,-0.14536644483431616
347,-0.21409455924725762,0.1756393507976739,0.48447266099405084
348,0.0,0.0,0.0
349,-0.8568368964061435,0.0,0.0
350,0.7140817212887285,0.0,0.0
351,-0.2141709806506853,-0.6604583821081533,0.0
352,0.16777116053035002,0.0,0.5800893926419803
353,0.0,0.0,-0.306950296312003
354,0.0,-0.19822260463353558,0.0
355,0.0,0.19822260463353558,0.40472855176432176
356,0.0,0.5284015974984513,0.0
357,1.4730353427783172,-0.2641658977182715,0.19359210204683563
358,0.5380261696013022,-0.39637973697281836,-0.3872216892526481
359,0.08904925676489484,0.5284714087849807,0.4840036878768217
360,-0.05699061081276824,-0.3963273715923421,0.08999885330140955
361,0.0,0.5284015974984513,0.3937706883281322
362,0.1780848757224618,0.2640961325273139,-0.1934797336016203
363,0.4628723089172837,0.2640264041735563,0.09674454610220096
364,0.0,0.0,-0.19349845261640297
365,0.2847380429269464,-0.30231602023267357,0.06385862862856584
366,0.0,0.0,0.0
367,-0.3559352235482649,0.03828961605911729,-0.06385862862856584
368,-0.6410028352386021,0.5279831168056859,-0.048380463978148214
369,0.4273808740888896,-0.1319696471728804,0.048380463978148214
370,-0.14243999739260715,0.0,0.09675390651420201
371,-0.7837828610295361,-0.1319870654592492,0.0
372,-0.2851643278747318,0.0,-0.38707180665209506
373,-0.9987160196658351,0.0,-0.38818993139422275
374,-0.07137504017862284,0.2639567126321296,0.23525527968626392
375,0.42817384511995016,0.0,0.15293465170795884
376,-0.1427042456940697,0.5277044977338718,0.09678199862417358
377,0.5706948364343489,0.0,0.09677263277474424
378,0.21392662398422857,-0.13190001997642753,0.19351717525317724
379,0.7127584050854452,0.0,0.4836291625922584
380,1.226892232613075,0.3956478785545059,0.4833953784855183
381,-0.22988317694494498,0.0,0.0
382,0.07117691024127737,0.0,0.14497305942651195
383,-0.1423588869942094,0.13184784777475755,-0.24163344324357183
384,0.07118197675293203,0.13183046621101369,0.09666038381705988
385,-0.07118197675293203,0.395387155069038,0.19329274245905026
386,0.1423588869942094,0.26350461285584714,0.09663236225332383
387,-0.1423588869942094,0.0,0.09662302534163558
388,0.1423588869942094,0.0,0.0
389,-0.1423588869942094,-0.1317436270928951,-0.04831034566965542
390,-0.14237915593273698,-0.52714814083199,0.14492403590526948
391,-0.4272591391636382,-0.13183046621101369,-0.48316182028962373
392,0.3560619585423197,0.13183046621101369,0.0966510414901478
393,-0.49852224797763967,0.13181308923115864,0.09664170096890246
394,0.3561126778137691,0.0,0.19325538759495942
395,0.07263141482827251,-0.0013180448910077303,0.0
396,0.42571337888386296,0.0,0.004830906205732788
397,-0.3559352235482649,-0.1304950443401509,-0.10145393154736837
398,-0.7122507423611424,0.395387155069038,-0.09663236225332383
399,-0.35631569947636166,0.0,0.09663236225332383
400,0.21380465462872422,0.0,-0.09663236225332383
401,-0.7128600244845629,0.0,0.19325538759495942
402,0.35578067316954787,0.06720027198880985,-0.28989708856386187
403,0.4283374124138817,0.328030613862218,0.0
404,0.07125298374877076,-0.1317262729951807,0.1932740632222263
405,-0.07125298374877076,0.0,0.0
406,-0.07125806109886668,-0.1976219498542875,-0.09663236225332383
407,-0.07126313917105165,-0.19766101200957564,-0.09664170096890246
408,0.3562649223614045,0.5270092348590438,0.28989708856386187
409,-0.3562649223614045,0.23706357365860242,-0.1449380392415378
410,-0.42768551510885544,-0.10535465018879364,0.0
411,-0.677543040985995,-0.1975698909912893,-0.5316192764697192
412,0.17834531266647247,-0.19760893256659529,0.04834070530002066
413,0.641779891532579,0.3293265302284354,0.24166848035722666
414,-0.1425821632130564,-0.19758290313554028,0.0
415,-0.14260249578512685,-0.1317436270928951,-0.09666038381705988
416,-0.35659523253439573,-0.13176098576295203,0.0
417,-0.4280821983178029,-0.131778349008016,-0.9671180637749188
418,0.07135976026084734,0.0,0.09675390651420201
419,0.07135466840946236,-0.19770008960851015,0.09674454610220096
420,-0.28544922765672,0.0,-0.19349845261640297
421,0.07136994614587167,0.19770008960851015,0.19349845261640297
422,0.0,0.19634340128504846,0.09673518749941934
423,0.0,0.2200169303341326,0.5318763271189297
424,1.8538329729889114,0.24235782670967154,0.14500809654016678
425,0.2849002868279271,-0.13170892346980878,0.0
426,-0.21366760524355044,-0.2634699000880758,-0.3867349946684584
427,0.2848799962293924,0.0,0.19338619282827096
428,0.24920344029766284,-0.06456071377414219,0.09667907388966057
429,0.6760964584549001,0.45973953733202677,0.6281862537154126
430,0.28453549772322617,0.13169157851411484,0.048305678341797886
431,0.07112122615993144,0.0,0.0
432,0.7827104573658872,0.0,0.5794862051287097
433,0.2835013932935837,-0.13169157851411484,-0.09655771745098463
434,0.0,-0.13170892346980878,0.0
435,0.07104038648986233,-0.23975476627402514,-0.09656704174343389
436,0.1420656345620941,-0.1554761195770027,0.0
437,0.3550758124157838,0.0,-0.09657636783799717
438,0.1419950304129003,0.0,0.0
439,-0.2840102262773314,0.0,0.0
440,0.0,-0.2385315429735968,-0.28978507809629406
441,0.6389096160264174,-0.09094689564292935,0.2414933963290622
442,0.14192449640582083,-0.06590871645251184,0.05022330053172652
443,-0.14192449640582083,0.13181308923115864,0.08788470691012407
444,0.0,0.26357406583787935,-0.08981632567461872
445,0.0,-0.131778349008016,0.2897011270324157
446,0.0,0.14495522885482615,-0.38628682276620196
447,0.0,0.0,0.09658569573378628
448,0.3866969213541793,-0.013176879846810152,0.09561065032670513
449,-0.3866969213541793,-0.131778349008016,-0.09561065032670513
450,-0.14194464182804012,0.0,0.0
451,0.0,0.6587181583288526,0.09657636783799717
452,0.2129094078515692,0.19753086484008975,0.09656704174343389
453,0.0,-0.13168290774867586,-0.06566457379264534
454,0.6384563761017148,-0.05531199257635677,0.16222229124362997
455,0.07091444175522099,0.12115561399905772,0.2896172245954176
456,0.212713157111466,-0.2634005019839236,-0.38617494204640224
457,0.346625490934116,-0.01317184649529679,-0.09656704174343389
458,0.07866513072940506,-0.33330545118115396,0.0
459,0.21257750301462153,-0.18053193718259308,0.0
460,0.0,0.12650754845200396,-0.09657636783799717
461,0.7082654875016914,-0.1159646414556903,-0.09755159980251449
462,-0.3540700387514306,-0.27415171305733566,-0.48210255612435304
463,-0.07082905410804585,0.263608806061022,0.38647343476228
464,-0.1416731602565946,0.0,0.0
465,-0.6377777206587609,-0.0013178711899541895,0.0
466,0.07088428144008674,0.0,-0.1932180471673206
467,0.5668934392186742,-0.011860918865735925,0.09661369023561406
468,-0.14169323438562031,-0.18452129955282004,-0.19323671557724964
469,0.07084912681420974,0.13180440245719183,0.0
470,0.4958033887030311,-0.05535573308890207,0.2898410725089562
471,0.0,0.1212514202402204,0.09659502543080123
472,0.0,0.0,0.0
473,0.0,-0.263608806061022,-0.09659502543080123
474,-0.07081400704045393,-0.11205478831666227,-0.09757044763158973
475,-0.21247211383457199,0.11205478831666227,-0.03767826529710305
476,-0.637687342259774,0.13181308923115864,-0.1545923595802634
477,0.21260763341501843,0.13179571682986335,0.09662302534163558
478,-0.10913293890979503,0.263539334770968,0.1932180471673206
479,-0.1034746945052234,0.0,-0.1932180471673206
480,0.0,0.030302571174978254,0.14491703525187916
481,-0.11340922312630397,0.29902395905345713,-0.0483033450162651
482,0.04252996591080915,0.0,0.09660435693170655
483,-0.14177358781797267,0.19754387184356403,-0.10433310866098111
484,-0.21269807588364387,0.13167423812543433,0.10433310866098111
485,0.0,0.32910976107469736,0.1931807211645875
486,-0.2127433259806466,-0.1974528587709301,-0.28978507809629406
487,0.42615031980375306,0.13163957104467272,0.10916223789525503
488,-0.21340699382310646,0.0,0.0
489,-0.07090941325493816,0.0,-0.10916223789525503
490,0.1418137987210244,-0.06581761940083197,0.09660435693170655
491,-0.4964363067809785,-0.06582195164384075,0.0
492,-0.28378857941468993,-0.2633311404292016,-0.38647343476228
493,-0.21289429878557087,-0.06584362142270095,0.0
494,-0.28392958736933593,0.0,0.0
495,-0.3386914542611308,0.19751785954813528,-0.09664170096890246
496,0.054681227983799374,0.0,0.0
497,-0.07101516176710732,0.06583061784404265,0.0
498,-0.14204545478424535,0.014482154365502709,-0.0009664641762441306
499,0.07102524950575173,0.051344130094221896,0.0009664641762441306
500,0.07102020527849362,-0.0658262844597246,-0.0009664641762441306
501,0.0,0.0658262844597246,0.09760816514514659
502,0.0,0.13163957104467272,0.2898690778305735
503,0.28403039316149403,-0.3949707114738743,0.0483033450162651
504,-0.5681414825078335,-0.13169157851411484,-0.3739287636816968
505,0.28411108934633944,0.06584795709141389,-0.15753640162419202
506,-0.14204545478424535,0.0,0.0966510414901478
507,0.0,0.32917476185190253,0.09664170096890246
508,0.07102524950575173,0.5264543422454082,0.0
509,0.9938241749347654,0.1315702916180328,1.0624427521825908
510,0.2128338839577637,-0.3947628184697294,-0.38621222841772607
511,-0.2121243624273461,-0.1316222443490389,-0.08595251080834032
512,0.07024013971435039,-0.13163957104467272,0.1825195525517742
513,0.14188422271299572,-0.13165690230376725,-0.19314340958143106
514,-0.14188422271299572,-0.13167423812543433,-0.1448820421243724
515,-0.6380183183614108,-0.13169157851411484,-0.09659969095565657
516,0.2832196628741457,0.26336581663954917,0.03187892962408512
517,-0.2129396324184185,0.13165690230376725,0.06472076133157145
518,-0.8152679970301335,-0.09610783042734994,-0.43477211380249514
519,0.03410117819857561,0.09610783042734994,0.19325538759495942
520,-0.3552776532194102,-0.13165690230376725,-0.48320851387106956
521,0.21318173823825504,0.26329647334844,0.19331142530720768
522,-0.14211610910042083,0.1316222443490389,-0.0966510414901478
523,0.284212024081576,-0.1316222443490389,0.0966510414901478
524,0.0,-0.26329647334844,-0.0976175990814454
525,-0.14209591498115515,0.0,0.000966557591297601
526,0.2848819695024929,0.3949187176974789,0.0966510414901478
527,-0.07174566803147542,0.13160492221420128,0.09567533018906005
528,0.0,-0.13160492221420128,0.09759873303316624
529,-0.03551956240244181,-0.19743986374987088,-0.19424052739847042
530,-0.3907984773068307,-0.10531720234574493,-0.24067865697663393
531,0.0,0.2251020373345014,0.3382868221217805
532,0.8133994683632295,0.07765502876111441,0.09663236225332383
533,-0.17399054458611118,-0.1316222443490389,-0.09663236225332383
534,-0.14205554395640974,0.1316222443490389,-0.04831968303253831
535,-0.07103534011143608,-0.1316222443490389,-0.14497305942651195
536,0.1065511179998424,0.5263850628187683,0.2899251047123741
537,0.6035753143418532,0.2630886623959938,0.19323671557724964
538,-0.07098995495091742,-0.2630886623959938,0.0483033450162651
539,-0.1419950304129003,-0.1315702916180328,0.0
540,0.0,0.2631232747720702,-0.2028897301284971
541,-0.21303035763153844,0.19729703131954324,0.154586385112232
542,0.0,0.06575702780597936,0.09660435693170655
543,-0.07102020527849362,-0.14467116926120127,0.010625909541595036
544,0.14203536704560094,0.14467116926120127,-0.010625909541595036
545,0.0,-0.23016851725099485,-0.09660435693170655
546,0.21301523139438672,-0.29600881664659795,-0.18260772578049256
547,-0.28403039316149403,0.022368170883524385,-0.25222740608654703
548,0.18959923961503478,-0.022368170883524385,0.04832435306756366
549,0.09443115354645926,0.0,0.0009664632418804331
550,-0.1420051124227939,0.0,-0.19427788854908812
551,-0.14202528073870013,-0.1315876046374953,-0.19334880184018743
552,-0.35515147583620177,-0.13160492221420128,0.0
553,-0.9950956823683299,-0.3949187176974789,-0.5802708093183284
554,-0.14223739445107242,0.0,0.0
555,-0.21339403289033498,0.0,0.0
556,0.2845152590502664,0.5265236399116802,0.19346101820794104
557,0.07111616829114098,0.17106050978288323,0.19342359828211642
558,0.07111111114088686,0.20128758340653974,0.09669777119114542
559,0.923984571227443,0.4169179304192028,0.09668842163712554
560,0.1420757266012984,-0.06574838096984337,0.3866602271473951
561,0.3551010299736035,-0.06575270410369427,0.09664170096890246
562,0.354974977991418,0.0,0.09663236225332383
563,0.0,-0.13151837988356618,0.0
564,0.7095721577794478,0.2630194649571038,0.43473011190631183
565,-0.07093456289553046,0.0,0.048291681767231864
566,-0.14188422271299572,0.0,-0.048291681767231864
567,0.3192111963832289,-0.13150108507353764,0.0
568,-0.1773269736702332,0.0,0.0
569,-0.07093959496451419,-0.06575702780597936,-0.14488903939735565
570,-0.028377247125455085,0.06575702780597936,-0.09660435693170655
571,0.6666525072613894,0.2629848798854084,0.6760346000866946
572,0.42529062166352105,0.0,0.0
573,-0.07086921090060372,0.06573541497800761,0.19306882963743277
574,0.11551423513189718,0.32861227333924603,0.17855548659095888
575,-0.39053433176139407,0.0,-0.37162431622839165
576,-0.07940131413342044,0.0,-0.09654839495798484
577,-0.14180374385652783,0.11038949103259199,0.09654839495798484
578,0.07090438546608624,0.0,-0.09654839495798484
579,-0.32903881252899225,0.0,-0.2897011270324157
580,0.258134427062906,0.0,-0.09658569573378628
581,0.0,-0.5047371793498456,0.09658569573378628
582,-0.3545973584193618,0.0,0.09657636783799717
583,0.0,-0.01314760154969008,-0.19412796764051166
584,0.0,0.01314760154969008,-0.19223347829377957
585,-0.8948533757981991,-0.2629848798854084,0.09660435693170655
586,0.043306347333071926,0.0,-0.04443684510757606
587,0.07098995495091742,-0.39329142677857476,-0.14878120205974454
588,0.0,0.9191920436846246,0.18452403719493304
589,0.28390943479816855,0.11697528220544484,0.39308689126826835
590,0.21287919186274706,0.08673687978699718,-0.0946357922932961
591,0.0,-0.0722802106958298,-0.2897570890025847
592,-0.9938241749347654,0.0,0.28879137149129264
593,0.0,0.1314146792088522,0.0
594,-0.14205554395640974,0.0,-0.28879137149129264
595,-0.5847710304953679,0.0,-0.2898410725089562
596,-0.12580954370822184,-0.39429585843020476,-0.1932740632222263
597,0.07108078334017165,0.34173205910636995,0.28989708856386187
598,0.0,0.315341359632626,0.1932180471673206
599,0.4974240642621197,-0.3941922395176434,0.09659502543080123
600,0.1420757266012984,-0.26288117922135257,-0.48306846019308125
601,0.0,0.26288117922135257,0.2898690778305735
602,-0.1420757266012984,-0.13143195129661223,-0.19420299297934207
603,-0.4974240642621197,0.2628466305054644,-0.047348736497809796
604,0.14214641104270953,-0.39429585843020476,-0.28413950861061466
605,-0.12793086065165937,0.13144922792474034,0.1391804592882906
606,0.05686018083039812,-0.2629157370206414,0.1932740632222263
607,-0.3340998705336773,0.13146650909590107,-0.386585488529434
608,0.0,-0.13146650909590107,0.24163344324357183
609,0.120857519794626,0.0,0.0
610,0.0,-0.13148379481187078,0.0
611,0.2132423507390513,0.13148379481187078,-0.04832201793636415
612,-0.4976362381867716,0.0,-0.12081526153107092
613,0.0,0.0,-0.17013263619958252
614,-0.7113387695030227,-0.19723217578171415,-0.24074846784216675
615,0.0,0.39442545870205237,0.4998025545637219
616,0.42686397916291696,-0.328677077732209,-0.2097513101437798
617,-0.5122586448944588,-0.5261081273530976,-0.5801866429733238
618,0.5122586448944588,-0.1315702916180328,0.6285203388189942
619,0.6399545139652574,0.2631232747720702,0.0
620,0.0,0.0,0.05799735147071772
621,0.497459414018131,0.39455514419906024,0.23195577480539242
622,0.3551767041418685,0.328677077732209,0.48306846019308125
623,0.14203536704560094,-0.06572677382443715,-0.19319938236250778
624,0.2840102262773314,-0.13146650909590107,0.34676626321417103
625,0.0,-0.06573973640744413,-0.23663804100770847
626,-0.42604559332293235,0.06573973640744413,-0.22509956886551663
627,0.5680204640086117,0.5257623675261058,0.2405551909454573
628,0.3548490154692274,0.1314146792088522,0.06761553807610454
629,0.0,14.221650094122573,6.7385699732094295
630,-5.768396927264163,0.0,-0.19094214654913344
631,-2.1390351923162854,1.5533983706204069,-0.09692428541541176
632,0.0,1.9383607542229342,0.14394357436753324
633,-1.2165886926531755,-1.3564579155742607,-0.4798925132885046
634,-1.2897680205830042,0.45235711133617684,-0.04800192008591608
635,-0.6455083602299183,1.4203630769333841,-0.9124745500450615
636,-0.28702640840005955,-2.652547152768747,-0.4325155652882273
637,0.7159773001008674,-0.44903196839740644,0.8389096972853949
638,3.3685360764019734,-0.5178664020446533,0.0
639,-0.7171449787426454,0.0,0.55408233813381
640,0.0,-0.12950851536608354,0.23997504374673184
641,-0.2317699364713377,2.005499620911344,0.4797773924973825
642,-0.1259222374603297,0.7093715511290455,0.14388834289480457
643,0.4292152580376296,-0.5155042203979221,0.0
644,1.0943802065188635,0.0,0.4315408472423954
645,0.47783479610696844,0.645953126265475,-0.28767320522504747
646,-0.9837742356593182,0.6455361401629389,-0.2867966607364991
647,0.0,-0.3872716759181216,0.2867966607364991
648,0.26943746694474413,-0.8783714525684161,-0.09590946154158786
649,-0.2858776463146029,-0.02584613794187618,-0.09591866104941005
650,-1.430615408519742,-0.1938673307311234,0.0
651,0.858614820923087,-0.161584824304839,-1.343828192249319
652,0.14303082338606998,-0.4202427772010964,-0.03361885345576354
653,0.0,-0.6455782321515002,0.22570490859941117
654,-0.0715128544657162,0.9042100711722512,0.4925321001501004
655,-1.1449017350795287,-0.25863183902075093,-0.5895309463248566
656,0.8738215863210996,-0.7762971019946718,-0.9599313507040463
657,0.0,0.06471444752342848,0.6727211824504309
658,-1.1602519498978836,-0.7120893649341653,-0.3843566877330673
659,0.286430363576784,-0.2590673589617509,-0.6373967510517886
660,-1.5476995393930437,-0.647962181680839,0.0
661,-0.3155660132900806,-0.25930247779193394,-0.8052579834103568
662,-0.43621879359800886,0.777705807182727,0.09624175937439361
663,0.005023338791154686,0.6476264717001357,-0.28875307000841843
664,0.14423082122849706,-0.0647437765275427,0.11262361536612531
665,-0.7895776170174784,0.0,-0.11262361536612531
666,-0.7183392306595593,-1.2309288587371015,0.0
667,-0.862688766659403,-0.6484663997428086,0.0
668,0.3595441019568213,-0.5190760562951979,-1.5693864069854513
669,0.8724354796649791,0.7785130794140116,1.087945927800149
670,0.708024619429537,-0.5189413712729518,0.2648209464775064
671,-0.4307869107398332,-0.2595717081410598,-0.7840735234587726
672,0.0,0.0,0.13393323881683017
673,-0.31099988148231006,-0.25963910310711213,-0.0963530376036914
674,0.31099988148231006,0.0,-0.289114828786019
675,0.5025666904066028,1.1678454581058872,0.6744712882751358
676,0.5310102954201312,0.0,0.0963159162790106
677,0.9751761108951484,0.0,0.0
678,0.10678136954744843,0.0,1.1550679886598303
679,-0.2572979642865292,0.9073822646037399,-0.36562719903887597
680,-0.35129351651175256,0.0,0.0
681,0.8135224355481085,-1.4262563195703848,-0.1154889998016273
682,0.39827709867257255,0.12974375626306767,0.2040215346035268
683,0.0,0.25943702311881367,-0.2040215346035268
684,0.0,-0.19457145698176248,0.2886974951490373
685,-0.136800326528963,-0.4541473461774359,0.14431749874699307
686,-0.35820468198277666,0.0,0.0481012049444729
687,0.14329727043183027,0.25953802377731705,0.19238168585644644
688,-0.3582816848899384,0.6485505123876578,0.3510011984504402
689,-0.4889032678274674,0.5055775683109331,0.12979115659739193
690,-0.15632742452265092,-0.7000985609808552,-0.28844767278446426
691,-0.7181292790612304,0.32418063628814053,-0.28853089885227945
692,-0.286391146944176,0.0,-0.24050602583525205
693,-0.43081784252141375,0.0,0.0
694,0.35902775670138,0.27223054205904873,0.6251953939182542
695,0.0,0.3758156215054598,0.19228920355374157
696,0.7176690418555509,0.0,0.09228568578656393
697,0.0,0.38862621125179686,0.724531176444998
698,0.0,-0.5182018512126518,0.2401133346472406
699,1.9809622025341866,0.12957563996085497,-0.19208605514364763
700,-0.8222966031468104,0.0,0.048024972995719395
701,-0.2981420611662955,0.582882695172593,-0.048024972995719395
702,-0.2150614725664468,-0.9068532814771046,-0.192122959284724
703,0.0,-0.4537352208782153,0.0
704,0.0,0.22559695773161081,0.09606609354673168
705,0.5733945111234817,-0.0311137961190866,-0.028818859063584057
706,0.0,0.4536470056093478,0.028818859063584057
707,0.0,0.12957563996085497,0.3841721138293508
708,-0.7885022450757617,-1.5560169114614553,0.0
709,0.6093517761183165,0.6927265291603035,0.0
710,0.0,0.08558457511842477,-0.92802794971103
711,-0.9686848835643858,-0.2593697330057765,0.2556298647267141
712,0.7895023139647961,-0.31781963030752536,0.28822597115496507
713,0.07167688065301547,0.0,0.1921045054409376
714,-0.573558948904207,0.18810953219450255,0.0182480086872161
715,0.0,0.2594033736977863,0.2698395719296087
716,0.5377211507742174,0.0,0.2880046100646183
717,0.2508376197916107,-0.1945462215529048,0.0
718,0.0,-0.32432783341374005,-0.4800537752407408
719,-0.2601556576848907,-0.38933230003213026,0.020166895465578705
720,0.0,0.0,0.45988687977516207
721,0.0,0.0,0.2879216872901935
722,1.5491847677102655,0.0,0.0
723,0.07156403194841232,-0.1947230071381867,-0.19193858024380006
724,0.4378603295522865,0.3245172833929999,0.19193858024380006
725,-0.00858365414746487,-0.19469773238611765,0.0
726,-0.21461530289457187,0.0,0.23987143006465317
727,0.7209248748090147,0.06490345613130444,-0.10841476044021192
728,0.0,-0.5193456361860527,0.23312516864493205
729,0.7804158897695146,-0.25977399808407853,0.11510349735477376
730,-0.5001965161994804,-0.5197505314509243,-0.19184652337056463
731,0.07147196515244758,0.12996296073897184,0.0
732,0.07146685727565938,0.0,-0.0959370653585978
733,0.0,-1.0401769238477243,-0.19190174689498463
734,1.1070836621680513,0.15219343945638286,0.1535243435055733
735,0.1070721131712915,0.10795224359227973,-0.0575688667732166
736,-0.5711837939106346,0.0,0.09594627016262791
737,-0.6429719814287083,0.6500682800600899,-0.09594627016262791
738,0.0,-0.33018187601463467,-0.1919201618019173
739,0.3136790902873443,0.005200559580309516,0.383803497323143
740,0.5435250482079823,0.19500146312889655,-0.0959370653585978
741,0.0,-0.26001040188106117,0.0959370653585978
742,0.0,0.04290637374815276,0.04796508143023459
743,0.713775904679359,0.347083881438337,-0.04796508143023459
744,0.0,0.0,0.0
745,0.42802112224293865,-0.9752609595858885,-0.14390904972927387
746,0.42783799854007043,0.20943620760238701,0.23983691205042845
747,-0.14259232877389394,0.0,-0.19186492767975238
748,-0.30949530406143566,-0.14438921112525094,0.17268009137438867
749,-0.04707449825502863,0.0,-0.07674302601579086
750,-0.35669698969265085,0.31866913634015503,0.0
751,-0.2847355029809151,-0.23281357915561074,-0.41931276500584147
752,0.3204109279684175,-0.0988646179953534,-0.31387997660292655
753,-0.7708724801975819,0.793243170614133,0.2054249471825642
754,0.7351970552100795,0.0,0.45869403513609797
755,0.35669698969265085,0.17156983844301976,0.2215947444108579
756,-0.1640648131022715,0.0,-0.1515616609450987
757,-0.5501702205554793,-1.2120173246819022,-0.32142509608856784
758,-0.759032288171646,0.0,-0.40600679443336674
759,0.29568408585145534,0.2250885238428424,0.004800097538115722
760,-0.7429473920677054,0.5176414395204887,0.07775837022361287
761,0.028585108590384323,0.0,0.11518647262853676
762,-0.1071983706877333,-0.048111149768104156,-0.08638861057974623
763,0.214385251116056,-0.3043241361631033,-0.15167805881155516
764,-0.07145664371233096,-0.26017952533941013,-0.09697081426107701
765,0.0,0.0,0.1920122893759313
766,0.035728960113168284,-0.23161672480309647,-0.15840747716389103
767,0.10717922162406524,0.23161672480309647,0.0
768,0.0,-0.3292241076433555,-0.1296247844404519
769,0.18932188885401047,-0.011713526194334634,-0.036490007023104454
770,-1.261631388608464,-0.04945862331595663,0.0
771,-0.21459995075012728,-0.37101766664981994,0.0
772,0.0,0.0,-0.6359080779612114
773,0.07153843405394156,0.3059368036542054,-0.318105745452435
774,-0.28618444782857466,0.0,-0.16245555938976253
775,0.07155379059309297,-0.19526800595759397,0.2883644947173636
776,0.2146306572354817,0.0,-0.09611225919314847
777,-0.35774335873206553,0.19787132180137945,0.384393623799717
778,0.0,0.049461713389931106,0.23440757435899684
779,1.2158056208892987,-0.11715012802326896,0.14983834775517124
780,0.2858572162685036,-0.1301829071680416,0.0
781,-0.5003037662874021,-1.0420738210168423,-0.7686395459138851
782,-0.5005541954421489,-0.14337011018383805,-0.10381161661232596
783,-0.2861435029180015,0.6645427604174969,-0.18458059879655764
784,-0.14310246160675888,-0.13026770030855062,0.1816967889372023
785,0.8511582344858937,0.0,0.20280768566482976
786,0.3645604406523617,0.0,0.38339598019110355
787,0.14292860740372504,0.0,0.19308366682668776
788,0.21435461480390217,0.0,-0.2401594670393692
789,-0.032864725221237734,0.0,0.0
790,0.49714215717866495,0.0,0.7203054406375031
791,-0.2499687552077745,0.0,-0.048004224381337224
792,0.21426275838187792,0.6628860267650083,0.07392554740714985
793,0.7852375747017248,0.11846575149476735,0.3196410832231322
794,0.1427042456940697,-0.1301829071680416,0.0
795,-0.4995539800587423,-0.07160782351078865,0.11612055630028095
796,0.9275445707990215,0.07160782351078865,0.1141880582595789
797,-0.35664610385577333,-0.13019985696427483,0.0
798,0.07133939721271076,0.0,0.0
799,-0.499482689038544,0.13019985696427483,0.0
800,-0.03568688329025349,0.0,-0.2878940569761568
801,0.6778331006396243,-0.0872320300944196,0.21208999413069307
802,0.2852660124892381,-0.22527611068134945,0.10746734969924177
803,0.0,-0.3555967778465785,0.0
804,0.4277464954363097,0.0,-0.06332757630200803
805,-0.24949655289585593,0.1485063391486463,0.12761055961085788
806,-0.24955881695998272,0.5195985794737012,0.1439021467888324
807,0.14261266424675512,0.0,0.0
808,0.0,0.0,-0.04796508143023459
809,-0.5705727278400019,0.24733303519131056,-0.23985992295560976
810,-0.14269406416911323,0.27329693882283124,-0.12858860588327303
811,0.2853677696474932,-0.13013208424883516,0.12858860588327303
812,0.24963001395583717,-0.13014902081209812,0.0
813,-0.3566333846638514,0.0,0.047976587434384044
814,0.14266861671252684,0.0,0.0
815,0.3922337763571093,0.0,-0.3195674638423185
816,0.21388086917095706,0.0,0.3320409995577478
817,-0.1425821632130564,0.0,-0.10842901244778602
818,0.6414596991275445,0.0,0.17559153041446507
819,-0.14251104484763744,-0.14448525201693485,0.11224728183911736
820,0.02422831049742058,-0.11586361693627367,-0.19188333552122572
821,0.0,-0.1432207750688974,0.0
822,0.6881239065474887,0.0,0.2398484169514603
823,0.0,0.1432207750688974,0.0
824,-0.07121239098584198,-0.13019985696427483,0.33569116728138226
825,-0.4273808740888896,0.0,-0.28580992300231145
826,0.14248058726096247,0.13019985696427483,0.18990965920284708
827,-0.0712377560407873,0.0,-0.14386764201734792
828,-0.3206327179716695,0.39049788976530664,0.0
829,0.012114660271400624,-0.26031498259726504,-0.23982540825340237
830,0.023516274509916002,-0.1301829071680416,0.0
831,0.2137589519701777,0.0,0.3836930502707503
832,-0.35629030910921955,0.09763876917823211,0.0
833,-0.1617977083139266,-0.18226674788923702,-0.09590946154158786
834,0.019246033089892478,0.0,-0.19184652337056463
835,-0.7843976585020229,-0.0312490641585228,-0.42219195008108557
836,0.356620666380536,-0.5939178301730408,-0.15260867278765744
837,-0.0007131144235117404,0.059928762957461856,0.18715834658422636
838,0.14332577867026686,0.6498661100851066,0.38764227628451664
839,0.0,0.38919648340041135,0.0
840,-0.14261266424675512,-0.5193963403646862,-0.4797773924973825
841,-0.14263300551942137,0.5792592802773555,0.0
842,0.2139418799389503,-0.0715756734113171,0.24951297117059568
843,0.0,-0.247300842733722,-0.24951297117059568
844,-0.6062875771943865,-0.06118385555176076,-0.12286002802852636
845,-0.03496190401452992,0.0,0.07486962609970504
846,0.4565490252437243,0.19134981733692769,0.3358844589049781
847,-0.029241423973758174,0.13014902081209812,0.0
848,0.07131904578194792,0.0,0.21586616381785717
849,-0.035658887090228575,0.1951917765392608,0.11990551459817311
850,-0.41373604231065286,0.0,-0.1947338411838473
851,0.0927488255451081,0.25369236359473746,0.002878116100113459
852,-0.2140487325785756,0.07154262154696056,0.0
853,0.0,0.13006438205209747,-0.21492212034335267
854,0.0,0.0,-0.024949309721300494
855,0.31713651707043766,0.10658472650959538,0.2014958676177514
856,-0.39286416334149976,0.0,0.08634294463583103
857,0.2143086767496527,0.0,-0.382843804884736
858,0.0,0.0,0.6705997897968885
859,0.6562132164322776,1.0626261894097766,0.6711087927451231
860,1.0922573176852524,-0.12984483560440907,0.0
861,-0.42791428103683415,0.26097100838118337,0.2874802377137442
862,-0.07276364160979654,0.0,0.09580838330691677
863,0.0,0.0,0.14369536607183875
864,-0.14482967021667292,-0.0012981946655443721,-0.047896161132321424
865,0.21759331182646946,-0.38953451119017046,-0.07184854330155588
866,-0.17835167430302334,0.0,0.023950088017699045
867,0.0,0.12986169747453147,-0.23952669639548674
868,-1.0707785582475537,-0.0012985335011705956,-0.19166267428083472
869,-0.6780143228590774,-0.28304667472767164,-0.10830046392928949
870,0.3115578704644406,0.05713514020388999,0.0
871,-0.5267037863267987,0.0,-0.17924866102703163
872,0.6367262624573655,-0.15712949125568088,-0.047932893957991496
873,0.0,0.0,0.18980079600794397
874,-0.35082818317455633,-0.13637204913674594,-0.3173134791385479
875,-1.00100108458534,-0.2637053737784001,-0.455535216193681
876,-0.04149166840683449,0.14809926315262345,0.0067146572817478045
877,-0.06796421078814063,0.0,0.0
878,0.13091641148843536,0.11560611062577664,0.0
879,0.15736316589975985,0.0,0.3845786872842538
880,0.32180209449084174,-0.06494560807634997,0.09588187360520806
881,-0.16160321868685656,0.1753434625735295,0.0
882,0.018592850191012644,-0.24029328885522006,0.0
883,0.10725969369751454,0.25847529594180685,-0.01629926993640396
884,0.5968687798603156,0.0,0.0
885,0.29651488061066544,0.0,0.0
886,-0.3686920477168343,0.13116039961680315,0.7734430532018166
887,0.0,0.12984483560440907,0.0162866683561802
888,-0.1758196523722333,0.0,0.3898428273991783
889,0.0,0.25963910310711213,-0.013407303341317345
890,0.6159479254295164,0.0,0.0
891,-0.4301232062049465,-0.1025493909274644,-0.09577168038710226
892,0.0014292870931242874,0.08956903669332661,0.10247535452734269
893,0.14291839384039662,-0.11683077076174442,-0.054588367806474025
894,0.08288331034922436,-0.08698288195319037,0.0478846936662336
895,-0.29726856146528036,0.07400084260478224,0.0
896,-1.0726162135314965,0.32579822475042874,-0.19155253386760052
897,-0.035773695605811895,-0.053210784151325186,-0.09674797495407006
898,-0.7508273589449388,0.0,-1.0053917249859268
899,-0.2513560528996095,-0.8504588770428256,0.046985519358777594
900,-0.8239741093483133,-0.05845503348211878,-0.679107402759449
901,0.0,0.0,0.5093737834442891
902,0.8454600020701974,0.9037224629153684,0.12274809995638236
903,-0.15757393473236903,0.0,0.042191179748130025
904,0.008595582157155945,-0.9037224629153684,-0.46707886185615166
905,-0.2407042329712894,0.5194805311630191,0.0
906,0.2607603040161166,-0.25970653307894054,0.20527302343342768
907,-0.7523780875491326,-0.7795245295350028,-0.6783287659928305
908,-0.2509185424042215,-0.1299798533054286,0.034551199122212495
909,-0.3585643123500404,-0.5200884267546613,-0.8987193854537168
910,0.17929822722084765,0.3887916236431366,0.23435939312133058
911,-0.8250381599737011,-0.1469168589736114,-0.10372607106390319
912,0.4224358690070318,0.0,0.0
913,0.08030717498730411,-0.39019315055810466,0.048015749174901146
914,-1.2203605846581311,-0.7808433504497003,-1.1530147806340096
915,0.2871088162130775,-0.13019985696427483,0.14323831082130312
916,0.0,0.35280234126755516,0.5074176300032818
917,1.1404431749726385,0.428142641803575,0.02209756845150679
918,-0.2796109840810246,-0.5205622189388137,-0.1441233698535882
919,0.1434000145854597,0.5205622189388137,0.0
920,0.2150614725664468,0.06505122786570894,0.24019407796860293
921,-1.053525876732131,-0.5556737752403507,-0.9611226651733418
922,0.3364743617124688,-0.42053924687035504,-0.048080390421922914
923,0.07172829325607921,0.26041666813814146,0.7690089776266618
924,-0.6457399327528535,0.0,-0.5632411311076169
925,0.5381455634205778,-0.9117551917841027,-0.19038187006703566
926,0.0,0.3257222920556302,0.32112822041163724
927,-0.6099201911204943,-0.35178465930219005,-0.618311759400747
928,-0.35895043279943195,0.5471671210912632,-0.08946088280747944
929,0.6818956963847711,0.0,0.865414626055383
930,0.0,0.7499141074909232,0.5621181528159269
931,0.3945692968674308,0.0,-0.36990545734472136
932,-0.17933038084105846,-0.09891480059831537,0.37086607259961824
933,0.0,0.0,-0.28822597115496507
934,0.6095921300381946,0.3253407973513589,0.11722191755758615
935,0.0,-0.1951917765392608,0.21903363983177826
936,-0.21510773395228,0.0,-0.4333103295097729
937,0.35848718792230727,-0.26031498259726504,0.0
938,-0.14337945397002727,0.0,-0.2210509733320265
939,-0.704291545554625,-0.39059957530618306,-0.0663248215122536
940,0.0,0.0,0.0
941,-1.2692634664377422,-1.0475598288524068,-1.253308373513562
942,0.6104239044821824,0.6568076258988143,0.6763852805882209
943,0.551215702933483,0.13026770030855062,0.24042507268529079
944,-0.551215702933483,-0.26967293526602987,-0.3250684547770888
945,-0.07179524000644477,-0.3818353293585375,-0.3011191940061053
946,0.0,0.6515082646245673,-0.5765161740605151
947,0.6459716714850572,-0.13026770030855062,1.1546234324217863
948,0.035875082964764715,0.26182085481085693,0.185577548148963
949,-0.035875082964764715,0.3893480162808771,0.32876270166060095
950,-1.3642077147144605,-2.085234692767557,-2.0541346065892085
951,-0.6828023911804593,0.0,-0.385319338164436
952,-1.9791654385059587,-2.743485945750912,-2.0253659814519764
953,-0.5044136298621993,-1.0471205145252682,-0.8209586359919641
954,-0.7570978279618501,-0.39295304716802093,-0.8216331628698725
955,-0.9742545018003312,-1.1797864644318423,-1.0439641394937027
956,0.5052874832305321,-0.2623639002328204,1.0439641394937027
957,1.4422732722954024,0.6557807304332641,0.5800464199756661
958,-0.07206428136985465,0.39326211426438107,0.5797101611619837
959,-0.14414414439389844,-0.7866789444648248,-0.48306846019308125
960,-1.0817438764441079,-0.9185749612505845,-1.1071066249455086
961,0.07215267509153023,1.0064514777505806,0.0
962,1.369912611945523,0.4366448697714631,1.1071066249455086
963,0.756252624407594,0.655265078160383,0.917630645637324
964,-0.21889432531896347,-0.1310186703475935,0.04827303227994406
965,0.8306802193445151,1.0476690324434657,0.7238159893301344
966,-0.7082663031772185,0.13088148700113322,-0.7247814271398312
967,-0.8600948939658792,-0.9165303423923632,-0.19214067459927264
968,-0.44834936825211,-0.6551792149451785,-0.7863268414123326
969,0.0,-1.3116476172196911,-0.856582443322651
970,-1.7679642352934621,-0.2625361002221993,-0.8708694730090727
971,0.7580817286321206,-0.3939334303453279,0.8708694730090727
972,0.8656760026974908,1.8370297778673716,0.870111719226685
973,0.36047727581145494,-0.13110455607101557,0.21451120033599835
974,-0.5732198346803941,-1.11508325482923,-0.6978131284522959
975,-0.7972856634941294,-0.32295035116014503,-0.9673051634484509
976,-0.21656740745168435,0.12604181453834684,0.9634378060718873
977,-0.14440433238149808,-0.3939334303453279,-0.23787122769558522
978,-0.21664560474654593,0.0,-0.43527677034838064
979,0.0,-0.2627085264022,-0.2902898080279215
980,0.0,0.394036913221818,-0.39783389169212313
981,-0.5056890120407331,-0.5254170618709253,-0.587844800725712
982,-0.5782436012218284,-0.5256932700898886,-0.41857788775878646
983,-0.6089627643302009,-0.6575054481068321,-0.5331653181093188
984,0.7578924589450864,0.39455514419906024,0.6785247194844857
985,-0.07879984229663961,0.3943995318325122,-0.09787300646024732
986,-1.9155160073367483,-1.710189195352818,-1.9390839032915608
987,1.0497548519712296,-0.39507474010935795,0.19417475789129668
988,-1.411994948665729,-0.2634699000880758,0.0
989,-1.2688746785567417,-1.5717219916879799,-0.8740834820581966
990,0.5440005936829806,1.1763869400871485,-0.000971628921320189
991,0.9784559297720818,1.5804033317099453,0.7381658274976388
992,0.07244014636142992,-0.3948667376079129,-0.4457481383211004
993,0.14486455189732794,0.0,0.3884626639116817
994,-0.14486455189732794,0.1974528587709301,-0.2903615993394837
995,0.3621220390828128,0.4605717750925109,0.824251485100902
996,-0.28968713991694983,0.0,-0.0485236674281353
997,-34.09264887715491,0.0,0.0
998,-12.339919373647312,0.0,0.0
999,-12.339919373647312,0.0,0.0
