,emojitracker-twitter-smiling_face_with_open_mouth_and_smiling_eyes,emojitracker-twitter-smiling_face_with_heart-shaped_eyes,emojitracker-twitter-smiling_face_with_open_mouth_and_tightly-closed_eyes,emojitracker-twitter-smiling_face_with_smiling_eyes
0,27.0,171.0,43.0,162.0
1,31.0,159.0,44.0,131.0
2,52.0,166.0,62.0,134.0
3,35.0,144.0,65.0,126.0
4,34.0,140.0,52.0,145.0
5,35.0,169.0,64.0,126.0
6,33.0,151.0,53.0,143.0
7,35.0,179.0,62.0,118.0
8,29.0,161.0,71.0,123.0
9,38.0,166.0,59.0,142.0
10,38.0,164.0,44.0,145.0
11,41.0,184.0,48.0,152.0
12,48.0,166.0,55.0,129.0
13,42.0,157.0,47.0,153.0
14,34.0,175.0,49.0,120.0
15,42.0,165.0,48.0,124.0
16,38.0,185.0,50.0,152.0
17,35.0,175.0,54.0,134.0
18,37.0,160.0,52.0,134.0
19,36.0,158.0,53.0,141.0
20,35.0,234.0,53.0,149.0
21,38.0,192.0,45.0,130.0
22,36.0,163.0,44.0,151.0
23,38.0,192.0,50.0,154.0
24,25.0,158.0,63.0,154.0
25,39.0,177.0,45.0,150.0
26,34.0,183.0,46.0,142.0
27,32.0,185.0,51.0,145.0
28,38.0,183.0,62.0,144.0
29,30.0,165.0,46.0,143.0
30,43.0,160.0,48.0,162.0
31,37.0,145.0,55.0,132.0
32,36.0,180.0,45.0,166.0
33,47.0,185.0,56.0,125.0
34,28.0,170.0,52.0,138.0
35,53.0,193.0,57.0,164.0
36,44.0,160.0,67.0,143.0
37,47.0,175.0,48.0,142.0
38,44.0,172.0,44.0,138.0
39,37.0,168.0,52.0,141.0
40,34.0,164.0,46.0,144.0
41,47.0,168.0,49.0,122.0
42,30.0,170.0,68.0,145.0
43,34.0,162.0,55.0,133.0
44,43.0,146.0,62.0,141.0
45,29.0,199.0,67.0,128.0
46,44.0,164.0,68.0,162.0
47,31.0,172.0,51.0,152.0
48,42.0,168.0,62.0,153.0
49,37.0,174.0,48.0,142.0
50,44.0,191.0,57.0,162.0
51,30.0,186.0,48.0,144.0
52,40.0,176.0,43.0,138.0
53,48.0,172.0,72.0,126.0
54,37.0,193.0,54.0,143.0
55,37.0,182.0,51.0,162.0
56,41.0,187.0,53.0,134.0
57,44.0,165.0,49.0,132.0
58,38.0,172.0,52.0,140.0
59,47.0,223.0,53.0,147.0
60,31.0,174.0,67.0,120.0
61,44.0,171.0,52.0,148.0
62,38.0,174.0,46.0,138.0
63,43.0,162.0,64.0,148.0
64,41.0,169.0,64.0,147.0
65,40.0,183.0,63.0,148.0
66,43.0,180.0,58.0,152.0
67,49.0,165.0,47.0,127.0
68,40.0,180.0,74.0,157.0
69,38.0,204.0,56.0,117.0
70,50.0,221.0,65.0,138.0
71,34.0,164.0,64.0,152.0
72,41.0,204.0,56.0,145.0
73,27.0,166.0,59.0,146.0
74,41.0,189.0,68.0,155.0
75,38.0,169.0,53.0,143.0
76,33.0,190.0,51.0,136.0
77,30.0,173.0,57.0,150.0
78,31.0,183.0,46.0,140.0
79,43.0,163.0,67.0,134.0
80,43.0,220.0,88.0,163.0
81,29.0,207.0,60.0,140.0
82,44.0,169.0,57.0,142.0
83,49.0,188.0,67.0,143.0
84,41.0,202.0,64.0,136.0
85,37.0,201.0,55.0,133.0
86,40.0,179.0,60.0,136.0
87,35.0,213.0,63.0,147.0
88,48.0,218.0,71.0,119.0
89,41.0,201.0,61.0,141.0
90,45.0,188.0,79.0,130.0
91,50.0,180.0,58.0,132.0
92,52.0,181.0,69.0,154.0
93,31.0,194.0,70.0,147.0
94,46.0,170.0,91.0,159.0
95,34.0,183.0,71.0,141.0
96,50.0,189.0,69.0,142.0
97,47.0,205.0,71.0,145.0
98,49.0,205.0,61.0,152.0
99,36.0,174.0,57.0,144.0
100,55.0,179.0,45.0,169.0
101,49.0,205.0,56.0,143.0
102,29.0,199.0,55.0,121.0
103,34.0,194.0,51.0,128.0
104,39.0,174.0,62.0,144.0
105,41.0,180.0,60.0,119.0
106,45.0,200.0,58.0,153.0
107,37.0,204.0,70.0,127.0
108,42.0,201.0,57.0,134.0
109,45.0,206.0,62.0,151.0
110,61.0,216.0,58.0,150.0
111,45.0,187.0,57.0,140.0
112,54.0,191.0,55.0,150.0
113,40.0,211.0,70.0,131.0
114,37.0,194.0,65.0,151.0
115,51.0,233.0,68.0,130.0
116,39.0,203.0,68.0,178.0
117,43.0,182.0,59.0,146.0
118,46.0,191.0,58.0,161.0
119,49.0,197.0,84.0,128.0
120,48.0,190.0,85.0,156.0
121,50.0,206.0,75.0,153.0
122,49.0,208.0,55.0,140.0
123,39.0,180.0,65.0,159.0
124,42.0,184.0,69.0,151.0
125,63.0,208.0,74.0,158.0
126,39.0,205.0,62.0,168.0
127,55.0,219.0,54.0,156.0
128,39.0,186.0,62.0,144.0
129,37.0,212.0,57.0,164.0
130,37.0,189.0,73.0,161.0
131,42.0,191.0,67.0,156.0
132,33.0,197.0,64.0,162.0
133,43.0,208.0,61.0,164.0
134,48.0,203.0,57.0,155.0
135,50.0,183.0,64.0,172.0
136,60.0,202.0,59.0,158.0
137,41.0,195.0,71.0,158.0
138,52.0,175.0,76.0,164.0
139,43.0,189.0,68.0,135.0
140,60.0,267.0,65.0,160.0
141,103.0,243.0,59.0,174.0
142,50.0,212.0,66.0,156.0
143,49.0,215.0,63.0,146.0
144,41.0,214.0,70.0,157.0
145,36.0,232.0,68.0,142.0
146,46.0,204.0,69.0,142.0
147,44.0,193.0,82.0,159.0
148,53.0,212.0,79.0,152.0
149,53.0,211.0,62.0,176.0
150,44.0,210.0,61.0,151.0
151,36.0,198.0,65.0,130.0
152,41.0,205.0,67.0,143.0
153,41.0,208.0,76.0,149.0
154,58.0,219.0,73.0,157.0
155,62.0,224.0,72.0,156.0
156,58.0,216.0,71.0,143.0
157,48.0,216.0,80.0,133.0
158,49.0,231.0,61.0,137.0
159,42.0,217.0,61.0,159.0
160,42.0,229.0,56.0,158.0
161,47.0,203.0,64.0,164.0
162,49.0,220.0,70.0,155.0
163,35.0,239.0,61.0,133.0
164,47.0,186.0,74.0,149.0
165,58.0,223.0,81.0,151.0
166,55.0,212.0,69.0,149.0
167,47.0,219.0,65.0,137.0
168,27.0,219.0,81.0,159.0
169,55.0,223.0,76.0,174.0
170,45.0,242.0,85.0,178.0
171,44.0,221.0,71.0,174.0
172,37.0,214.0,71.0,167.0
173,42.0,229.0,89.0,145.0
174,45.0,243.0,80.0,166.0
175,46.0,247.0,70.0,152.0
176,31.0,233.0,60.0,181.0
177,37.0,245.0,47.0,161.0
178,38.0,226.0,79.0,175.0
179,34.0,231.0,71.0,181.0
180,40.0,247.0,71.0,151.0
181,35.0,218.0,66.0,175.0
182,47.0,242.0,78.0,173.0
183,55.0,243.0,69.0,181.0
184,42.0,218.0,59.0,151.0
185,43.0,221.0,58.0,147.0
186,51.0,228.0,79.0,139.0
187,40.0,215.0,74.0,144.0
188,43.0,202.0,99.0,158.0
189,47.0,231.0,67.0,150.0
190,45.0,250.0,76.0,151.0
191,60.0,211.0,86.0,142.0
192,41.0,205.0,66.0,161.0
193,40.0,240.0,61.0,137.0
194,48.0,254.0,77.0,131.0
195,56.0,225.0,75.0,154.0
196,58.0,221.0,68.0,162.0
197,54.0,220.0,78.0,171.0
198,45.0,236.0,83.0,187.0
199,58.0,270.0,72.0,165.0
200,41.0,296.0,94.0,184.0
201,45.0,263.0,62.0,179.0
202,50.0,255.0,78.0,187.0
203,54.0,242.0,69.0,180.0
204,42.0,269.0,74.0,164.0
205,49.0,284.0,69.0,151.0
206,51.0,231.0,76.0,158.0
207,40.0,220.0,79.0,168.0
208,51.0,231.0,89.0,153.0
209,42.0,252.0,60.0,150.0
210,49.0,262.0,84.0,165.0
211,46.0,244.0,83.0,155.0
212,42.0,279.0,80.0,194.0
213,46.0,312.0,62.0,164.0
214,50.0,330.0,58.0,153.0
215,51.0,335.0,84.0,156.0
216,43.0,278.0,87.0,167.0
217,51.0,304.0,70.0,163.0
218,46.0,281.0,81.0,156.0
219,42.0,298.0,71.0,169.0
220,46.0,293.0,65.0,171.0
221,43.0,259.0,83.0,164.0
222,46.0,286.0,76.0,181.0
223,56.0,268.0,81.0,158.0
224,46.0,308.0,68.0,172.0
225,42.0,303.0,55.0,188.0
226,51.0,327.0,62.0,176.0
227,50.0,311.0,68.0,167.0
228,54.0,331.0,74.0,191.0
229,51.0,267.0,68.0,157.0
230,47.0,314.0,71.0,147.0
231,45.0,291.0,77.0,175.0
232,64.0,278.0,77.0,176.0
233,43.0,267.0,63.0,156.0
234,53.0,245.0,74.0,185.0
235,55.0,278.0,68.0,165.0
236,56.0,277.0,84.0,175.0
237,47.0,317.0,73.0,188.0
238,52.0,307.0,68.0,187.0
239,50.0,272.0,84.0,171.0
240,43.0,283.0,96.0,176.0
241,48.0,305.0,83.0,180.0
242,55.0,289.0,78.0,165.0
243,47.0,251.0,77.0,152.0
244,51.0,286.0,80.0,194.0
245,54.0,287.0,77.0,197.0
246,50.0,289.0,75.0,182.0
247,48.0,295.0,74.0,183.0
248,42.0,262.0,67.0,172.0
249,49.0,286.0,69.0,150.0
250,54.0,274.0,64.0,175.0
251,55.0,257.0,76.0,173.0
252,50.0,280.0,79.0,174.0
253,60.0,300.0,85.0,175.0
254,56.0,255.0,61.0,181.0
255,49.0,306.0,81.0,168.0
256,54.0,270.0,69.0,181.0
257,50.0,293.0,85.0,175.0
258,42.0,282.0,99.0,192.0
259,50.0,271.0,79.0,161.0
260,51.0,324.0,78.0,169.0
261,53.0,363.0,75.0,166.0
262,55.0,344.0,71.0,187.0
263,45.0,313.0,80.0,174.0
264,52.0,349.0,65.0,212.0
265,42.0,322.0,71.0,188.0
266,47.0,319.0,85.0,166.0
267,49.0,300.0,67.0,154.0
268,45.0,326.0,89.0,173.0
269,48.0,306.0,77.0,163.0
270,46.0,330.0,81.0,187.0
271,35.0,261.0,77.0,220.0
272,54.0,317.0,83.0,182.0
273,52.0,287.0,75.0,178.0
274,47.0,337.0,77.0,191.0
275,38.0,303.0,85.0,196.0
276,53.0,284.0,92.0,190.0
277,45.0,309.0,78.0,164.0
278,57.0,295.0,86.0,173.0
279,47.0,272.0,70.0,196.0
280,45.0,278.0,81.0,179.0
281,45.0,314.0,78.0,171.0
282,53.0,286.0,76.0,187.0
283,52.0,266.0,82.0,181.0
284,55.0,289.0,63.0,186.0
285,46.0,348.0,73.0,167.0
286,52.0,347.0,74.0,200.0
287,45.0,330.0,77.0,180.0
288,48.0,299.0,76.0,182.0
289,58.0,295.0,95.0,188.0
290,51.0,315.0,98.0,200.0
291,60.0,282.0,93.0,158.0
292,38.0,280.0,87.0,202.0
293,51.0,291.0,88.0,209.0
294,44.0,304.0,64.0,183.0
295,46.0,284.0,77.0,182.0
296,51.0,310.0,72.0,187.0
297,39.0,296.0,78.0,172.0
298,60.0,288.0,85.0,168.0
299,52.0,314.0,79.0,184.0
300,52.0,334.0,63.0,183.0
301,45.0,324.0,77.0,165.0
302,53.0,337.0,81.0,174.0
303,48.0,291.0,78.0,169.0
304,53.0,305.0,86.0,165.0
305,51.0,306.0,81.0,165.0
306,38.0,308.0,66.0,176.0
307,76.0,292.0,82.0,176.0
308,56.0,285.0,82.0,154.0
309,46.0,317.0,103.0,188.0
310,42.0,322.0,72.0,173.0
311,43.0,282.0,89.0,168.0
312,63.0,303.0,71.0,208.0
313,47.0,288.0,76.0,198.0
314,71.0,306.0,84.0,190.0
315,53.0,312.0,84.0,192.0
316,47.0,296.0,69.0,185.0
317,49.0,315.0,63.0,183.0
318,52.0,297.0,104.0,178.0
319,52.0,333.0,84.0,188.0
320,57.0,350.0,1788.0,202.0
321,61.0,345.0,1605.0,179.0
322,50.0,353.0,888.0,203.0
323,49.0,379.0,652.0,199.0
324,47.0,328.0,400.0,168.0
325,63.0,406.0,276.0,176.0
326,49.0,360.0,205.0,178.0
327,37.0,331.0,155.0,185.0
328,52.0,311.0,140.0,206.0
329,62.0,302.0,126.0,220.0
330,61.0,338.0,117.0,183.0
331,59.0,330.0,114.0,197.0
332,58.0,308.0,121.0,197.0
333,58.0,320.0,90.0,222.0
334,54.0,304.0,109.0,178.0
335,51.0,316.0,107.0,187.0
336,64.0,342.0,101.0,214.0
337,57.0,326.0,98.0,185.0
338,57.0,338.0,104.0,189.0
339,53.0,315.0,99.0,183.0
340,44.0,318.0,72.0,197.0
341,47.0,355.0,82.0,210.0
342,46.0,314.0,85.0,222.0
343,50.0,298.0,88.0,189.0
344,56.0,336.0,81.0,159.0
345,60.0,261.0,62.0,205.0
346,42.0,318.0,84.0,184.0
347,56.0,288.0,68.0,187.0
348,49.0,328.0,77.0,202.0
349,61.0,334.0,87.0,178.0
350,38.0,336.0,86.0,190.0
351,39.0,308.0,87.0,180.0
352,45.0,307.0,110.0,200.0
353,52.0,346.0,87.0,182.0
354,41.0,298.0,102.0,195.0
355,61.0,308.0,88.0,191.0
356,60.0,299.0,96.0,199.0
357,43.0,303.0,72.0,184.0
358,42.0,300.0,75.0,205.0
359,52.0,313.0,74.0,181.0
360,50.0,310.0,90.0,210.0
361,40.0,303.0,74.0,203.0
362,50.0,296.0,83.0,190.0
363,25.0,308.0,103.0,170.0
364,53.0,298.0,74.0,201.0
365,50.0,329.0,82.0,186.0
366,47.0,319.0,97.0,192.0
367,54.0,314.0,87.0,175.0
368,43.0,297.0,77.0,189.0
369,51.0,302.0,96.0,211.0
370,58.0,312.0,81.0,176.0
371,45.0,339.0,89.0,177.0
372,46.0,358.0,90.0,210.0
373,43.0,360.0,73.0,196.0
374,54.0,346.0,78.0,169.0
375,63.0,350.0,86.0,179.0
376,43.0,327.0,91.0,183.0
377,61.0,336.0,81.0,154.0
378,42.0,293.0,81.0,197.0
379,57.0,312.0,109.0,165.0
380,52.0,347.0,90.0,202.0
381,49.0,340.0,90.0,176.0
382,41.0,325.0,70.0,206.0
383,56.0,345.0,78.0,175.0
384,45.0,339.0,81.0,185.0
385,64.0,313.0,85.0,157.0
386,51.0,323.0,84.0,185.0
387,42.0,301.0,72.0,168.0
388,44.0,301.0,69.0,153.0
389,40.0,303.0,60.0,194.0
390,35.0,288.0,63.0,178.0
391,51.0,308.0,76.0,167.0
392,45.0,300.0,79.0,181.0
393,38.0,304.0,86.0,198.0
394,45.0,294.0,66.0,166.0
395,49.0,340.0,71.0,177.0
396,52.0,322.0,80.0,183.0
397,57.0,322.0,67.0,186.0
398,55.0,303.0,80.0,172.0
399,45.0,299.0,77.0,188.0
400,52.0,327.0,84.0,178.0
401,72.0,327.0,89.0,188.0
402,67.0,331.0,66.0,151.0
403,50.0,314.0,80.0,208.0
404,54.0,349.0,85.0,192.0
405,42.0,317.0,77.0,174.0
406,44.0,318.0,76.0,198.0
407,39.0,356.0,75.0,168.0
408,44.0,356.0,79.0,176.0
409,47.0,355.0,84.0,165.0
410,50.0,321.0,62.0,184.0
411,53.0,302.0,52.0,180.0
412,53.0,314.0,78.0,202.0
413,58.0,316.0,74.0,188.0
414,44.0,336.0,65.0,191.0
415,51.0,312.0,75.0,171.0
416,47.0,304.0,69.0,185.0
417,45.0,332.0,79.0,188.0
418,59.0,322.0,91.0,196.0
419,55.0,292.0,84.0,180.0
420,54.0,317.0,74.0,190.0
421,61.0,312.0,71.0,181.0
422,53.0,309.0,72.0,162.0
423,60.0,288.0,87.0,180.0
424,50.0,285.0,76.0,174.0
425,52.0,332.0,74.0,164.0
426,52.0,281.0,65.0,178.0
427,53.0,270.0,61.0,166.0
428,61.0,331.0,67.0,198.0
429,50.0,299.0,61.0,211.0
430,48.0,289.0,66.0,192.0
431,66.0,275.0,65.0,171.0
432,45.0,282.0,82.0,196.0
433,51.0,308.0,74.0,154.0
434,60.0,332.0,91.0,160.0
435,50.0,329.0,76.0,178.0
436,61.0,297.0,56.0,173.0
437,53.0,302.0,57.0,192.0
438,52.0,325.0,72.0,168.0
439,54.0,285.0,52.0,160.0
440,58.0,409.0,53.0,195.0
441,51.0,406.0,76.0,160.0
442,51.0,316.0,82.0,160.0
443,48.0,341.0,75.0,174.0
444,61.0,341.0,70.0,191.0
445,55.0,339.0,63.0,165.0
446,52.0,299.0,77.0,170.0
447,52.0,298.0,65.0,189.0
448,59.0,344.0,83.0,184.0
449,58.0,380.0,73.0,168.0
450,45.0,384.0,70.0,177.0
451,56.0,335.0,84.0,150.0
452,46.0,308.0,69.0,189.0
453,49.0,342.0,69.0,191.0
454,51.0,307.0,87.0,195.0
455,63.0,329.0,68.0,176.0
456,64.0,295.0,80.0,169.0
457,64.0,328.0,80.0,184.0
458,47.0,298.0,72.0,173.0
459,45.0,340.0,82.0,193.0
460,48.0,307.0,71.0,172.0
461,43.0,340.0,75.0,175.0
462,65.0,351.0,42.0,173.0
463,50.0,316.0,84.0,166.0
464,60.0,276.0,76.0,159.0
465,50.0,314.0,77.0,177.0
466,42.0,316.0,69.0,147.0
467,45.0,267.0,77.0,158.0
468,49.0,310.0,76.0,183.0
469,48.0,320.0,59.0,182.0
470,67.0,319.0,81.0,204.0
471,57.0,310.0,80.0,197.0
472,55.0,296.0,77.0,184.0
473,61.0,286.0,55.0,170.0
474,58.0,327.0,75.0,187.0
475,59.0,334.0,66.0,179.0
476,51.0,314.0,64.0,158.0
477,56.0,324.0,76.0,168.0
478,62.0,308.0,61.0,158.0
479,50.0,318.0,54.0,181.0
480,55.0,316.0,73.0,168.0
481,43.0,296.0,68.0,171.0
482,56.0,311.0,67.0,167.0
483,59.0,279.0,70.0,149.0
484,53.0,305.0,64.0,192.0
485,48.0,337.0,55.0,163.0
486,46.0,295.0,69.0,194.0
487,55.0,319.0,67.0,148.0
488,49.0,315.0,44.0,162.0
489,51.0,328.0,59.0,168.0
490,47.0,327.0,63.0,169.0
491,55.0,326.0,60.0,162.0
492,59.0,327.0,60.0,147.0
493,48.0,283.0,65.0,146.0
494,50.0,319.0,54.0,188.0
495,50.0,274.0,73.0,164.0
496,43.0,329.0,55.0,147.0
497,46.0,287.0,60.0,164.0
498,62.0,304.0,59.0,144.0
499,45.0,300.0,63.0,191.0
500,43.0,318.0,79.0,154.0
501,42.0,328.0,61.0,156.0
502,56.0,314.0,70.0,168.0
503,57.0,334.0,72.0,160.0
504,48.0,289.0,66.0,165.0
505,48.0,362.0,58.0,167.0
506,47.0,309.0,60.0,177.0
507,57.0,286.0,51.0,170.0
508,47.0,300.0,77.0,169.0
509,50.0,307.0,75.0,163.0
510,52.0,312.0,61.0,147.0
511,58.0,303.0,60.0,169.0
512,52.0,305.0,64.0,168.0
513,47.0,280.0,74.0,165.0
514,52.0,306.0,48.0,191.0
515,54.0,330.0,66.0,177.0
516,49.0,310.0,55.0,190.0
517,43.0,331.0,53.0,154.0
518,40.0,307.0,64.0,170.0
519,35.0,281.0,55.0,168.0
520,53.0,322.0,59.0,177.0
521,51.0,302.0,71.0,166.0
522,56.0,277.0,66.0,169.0
523,54.0,306.0,73.0,148.0
524,47.0,329.0,60.0,153.0
525,54.0,320.0,62.0,148.0
526,49.0,289.0,58.0,176.0
527,50.0,290.0,56.0,164.0
528,53.0,299.0,69.0,168.0
529,59.0,304.0,62.0,169.0
530,45.0,316.0,61.0,177.0
531,62.0,313.0,54.0,161.0
532,46.0,317.0,77.0,147.0
533,55.0,320.0,59.0,152.0
534,54.0,264.0,59.0,130.0
535,58.0,293.0,54.0,158.0
536,55.0,344.0,71.0,180.0
537,51.0,287.0,70.0,155.0
538,53.0,339.0,66.0,152.0
539,45.0,284.0,60.0,165.0
540,36.0,274.0,65.0,166.0
541,62.0,301.0,69.0,174.0
542,55.0,255.0,48.0,163.0
543,59.0,301.0,48.0,148.0
544,44.0,316.0,66.0,137.0
545,41.0,298.0,46.0,158.0
546,47.0,278.0,56.0,169.0
547,60.0,302.0,70.0,150.0
548,51.0,320.0,60.0,153.0
549,45.0,272.0,61.0,152.0
550,50.0,319.0,54.0,129.0
551,48.0,313.0,68.0,164.0
552,54.0,295.0,74.0,138.0
553,38.0,283.0,66.0,172.0
554,51.0,277.0,53.0,169.0
555,49.0,317.0,55.0,159.0
556,58.0,267.0,65.0,136.0
557,42.0,268.0,48.0,132.0
558,53.0,309.0,72.0,191.0
559,51.0,314.0,58.0,164.0
560,50.0,374.0,56.0,155.0
561,55.0,320.0,56.0,165.0
562,35.0,296.0,63.0,184.0
563,47.0,287.0,66.0,162.0
564,54.0,308.0,53.0,147.0
565,54.0,297.0,48.0,181.0
566,48.0,300.0,58.0,167.0
567,38.0,311.0,50.0,159.0
568,52.0,290.0,60.0,129.0
569,54.0,280.0,56.0,156.0
570,44.0,290.0,72.0,136.0
571,57.0,292.0,61.0,172.0
572,52.0,264.0,65.0,171.0
573,47.0,260.0,57.0,162.0
574,44.0,296.0,80.0,137.0
575,51.0,296.0,41.0,159.0
576,49.0,308.0,48.0,155.0
577,50.0,293.0,56.0,135.0
578,49.0,330.0,60.0,161.0
579,44.0,279.0,65.0,150.0
580,49.0,305.0,50.0,154.0
581,37.0,293.0,55.0,140.0
582,39.0,294.0,51.0,136.0
583,44.0,432.0,44.0,137.0
584,43.0,446.0,51.0,142.0
585,45.0,351.0,81.0,141.0
586,48.0,302.0,48.0,133.0
587,58.0,312.0,57.0,138.0
588,36.0,267.0,63.0,143.0
589,45.0,319.0,55.0,180.0
590,61.0,311.0,56.0,158.0
591,41.0,289.0,71.0,147.0
592,39.0,268.0,53.0,149.0
593,57.0,295.0,75.0,155.0
594,46.0,326.0,52.0,161.0
595,41.0,310.0,53.0,170.0
596,52.0,303.0,56.0,138.0
597,50.0,287.0,48.0,134.0
598,45.0,296.0,53.0,155.0
599,47.0,293.0,50.0,139.0
600,57.0,313.0,59.0,164.0
601,36.0,299.0,62.0,145.0
602,51.0,288.0,57.0,137.0
603,43.0,293.0,75.0,127.0
604,56.0,274.0,47.0,137.0
605,42.0,272.0,57.0,152.0
606,48.0,284.0,65.0,141.0
607,35.0,309.0,66.0,161.0
608,40.0,270.0,65.0,144.0
609,63.0,271.0,55.0,163.0
610,48.0,291.0,64.0,160.0
611,45.0,275.0,58.0,141.0
612,42.0,288.0,43.0,133.0
613,38.0,286.0,60.0,134.0
614,43.0,273.0,61.0,144.0
615,46.0,270.0,48.0,142.0
616,40.0,299.0,57.0,160.0
617,33.0,287.0,57.0,167.0
618,47.0,297.0,54.0,167.0
619,45.0,307.0,64.0,140.0
620,65.0,351.0,64.0,161.0
621,48.0,287.0,46.0,139.0
622,48.0,293.0,48.0,137.0
623,43.0,306.0,50.0,129.0
624,47.0,296.0,41.0,151.0
625,39.0,307.0,55.0,147.0
626,46.0,324.0,52.0,160.0
627,46.0,302.0,62.0,140.0
628,45.0,291.0,62.0,144.0
629,49.0,277.0,54.0,132.0
630,51.0,276.0,64.0,138.0
631,56.0,326.0,61.0,153.0
632,53.0,300.0,63.0,153.0
633,61.0,307.0,44.0,144.0
634,63.0,277.0,61.0,143.0
635,45.0,266.0,64.0,136.0
636,60.0,294.0,48.0,161.0
637,41.0,315.0,62.0,155.0
638,37.0,297.0,67.0,127.0
639,47.0,254.0,54.0,156.0
640,41.0,290.0,58.0,142.0
641,41.0,263.0,57.0,148.0
642,55.0,339.0,55.0,149.0
643,47.0,365.0,56.0,144.0
644,51.0,397.0,68.0,151.0
645,48.0,403.0,47.0,160.0
646,58.0,332.0,55.0,143.0
647,48.0,341.0,52.0,150.0
648,36.0,296.0,50.0,169.0
649,55.0,410.0,53.0,147.0
650,44.0,514.0,64.0,155.0
651,50.0,387.0,56.0,146.0
652,47.0,336.0,57.0,167.0
653,49.0,365.0,62.0,119.0
654,52.0,360.0,62.0,140.0
655,36.0,328.0,60.0,135.0
656,56.0,280.0,49.0,145.0
657,34.0,305.0,58.0,169.0
658,42.0,297.0,56.0,141.0
659,53.0,290.0,53.0,136.0
660,46.0,317.0,53.0,128.0
661,49.0,312.0,59.0,142.0
662,60.0,311.0,55.0,136.0
663,43.0,272.0,37.0,151.0
664,53.0,271.0,41.0,167.0
665,66.0,295.0,51.0,141.0
666,49.0,309.0,55.0,166.0
667,40.0,288.0,56.0,148.0
668,38.0,305.0,60.0,136.0
669,54.0,335.0,65.0,139.0
670,43.0,321.0,62.0,163.0
671,49.0,342.0,65.0,147.0
672,49.0,270.0,50.0,141.0
673,66.0,269.0,59.0,144.0
674,49.0,308.0,63.0,143.0
675,50.0,296.0,53.0,130.0
676,58.0,272.0,60.0,129.0
677,45.0,282.0,62.0,141.0
678,54.0,298.0,68.0,135.0
679,39.0,288.0,52.0,158.0
680,51.0,325.0,60.0,153.0
681,43.0,302.0,46.0,148.0
682,56.0,309.0,53.0,150.0
683,53.0,278.0,63.0,164.0
684,42.0,292.0,65.0,116.0
685,45.0,282.0,57.0,150.0
686,33.0,278.0,49.0,134.0
687,43.0,282.0,64.0,146.0
688,54.0,301.0,49.0,144.0
689,49.0,318.0,56.0,123.0
690,34.0,297.0,64.0,123.0
691,42.0,259.0,46.0,162.0
692,46.0,262.0,45.0,104.0
693,42.0,283.0,51.0,141.0
694,38.0,296.0,47.0,134.0
695,38.0,270.0,39.0,134.0
696,56.0,264.0,59.0,134.0
697,50.0,295.0,60.0,151.0
698,47.0,253.0,47.0,150.0
699,39.0,284.0,59.0,143.0
700,55.0,298.0,46.0,126.0
701,48.0,300.0,46.0,144.0
702,40.0,288.0,56.0,144.0
703,67.0,377.0,56.0,157.0
704,61.0,347.0,56.0,150.0
705,45.0,308.0,46.0,140.0
706,55.0,261.0,57.0,149.0
707,53.0,283.0,69.0,141.0
708,54.0,280.0,58.0,145.0
709,49.0,267.0,58.0,122.0
710,49.0,282.0,61.0,147.0
711,40.0,282.0,46.0,142.0
712,47.0,277.0,50.0,119.0
713,38.0,245.0,45.0,144.0
714,43.0,286.0,47.0,126.0
715,50.0,290.0,47.0,120.0
716,39.0,250.0,49.0,140.0
717,36.0,260.0,47.0,150.0
718,45.0,261.0,56.0,128.0
719,46.0,254.0,50.0,147.0
720,54.0,246.0,63.0,122.0
721,44.0,265.0,54.0,137.0
722,45.0,258.0,52.0,137.0
723,46.0,277.0,52.0,140.0
724,40.0,258.0,51.0,139.0
725,41.0,282.0,64.0,125.0
726,41.0,257.0,57.0,120.0
727,56.0,256.0,53.0,122.0
728,36.0,270.0,65.0,124.0
729,38.0,273.0,45.0,135.0
730,48.0,251.0,71.0,140.0
731,62.0,285.0,62.0,123.0
732,49.0,309.0,60.0,133.0
733,47.0,292.0,64.0,140.0
734,50.0,281.0,58.0,141.0
735,47.0,269.0,48.0,143.0
736,35.0,269.0,49.0,145.0
737,50.0,260.0,66.0,141.0
738,41.0,285.0,44.0,138.0
739,52.0,256.0,39.0,128.0
740,60.0,296.0,65.0,146.0
741,49.0,285.0,59.0,125.0
742,41.0,324.0,46.0,121.0
743,60.0,262.0,51.0,135.0
744,38.0,281.0,70.0,135.0
745,38.0,273.0,70.0,131.0
746,28.0,260.0,58.0,125.0
747,44.0,250.0,63.0,120.0
748,42.0,249.0,38.0,118.0
749,45.0,265.0,51.0,117.0
750,42.0,293.0,61.0,131.0
751,50.0,280.0,46.0,134.0
752,44.0,273.0,47.0,128.0
753,46.0,279.0,52.0,115.0
754,43.0,272.0,41.0,127.0
755,32.0,269.0,52.0,129.0
756,40.0,259.0,48.0,133.0
757,52.0,282.0,37.0,125.0
758,43.0,247.0,55.0,126.0
759,30.0,280.0,59.0,134.0
760,42.0,273.0,60.0,121.0
761,45.0,301.0,69.0,153.0
762,44.0,273.0,54.0,129.0
763,65.0,286.0,71.0,149.0
764,40.0,261.0,46.0,136.0
765,40.0,235.0,49.0,130.0
766,40.0,286.0,55.0,124.0
767,31.0,283.0,53.0,124.0
768,63.0,266.0,39.0,142.0
769,58.0,245.0,65.0,125.0
770,49.0,277.0,46.0,137.0
771,37.0,275.0,64.0,130.0
772,61.0,246.0,64.0,120.0
773,27.0,244.0,43.0,122.0
774,32.0,250.0,49.0,128.0
775,39.0,256.0,48.0,115.0
776,30.0,267.0,48.0,115.0
777,41.0,263.0,49.0,125.0
778,43.0,251.0,48.0,114.0
779,44.0,265.0,29.0,131.0
780,41.0,285.0,41.0,128.0
781,47.0,269.0,48.0,123.0
782,35.0,270.0,48.0,120.0
783,31.0,275.0,56.0,128.0
784,31.0,225.0,48.0,132.0
785,42.0,252.0,57.0,126.0
786,36.0,274.0,44.0,113.0
787,32.0,265.0,45.0,113.0
788,45.0,229.0,56.0,145.0
789,42.0,286.0,46.0,123.0
790,39.0,248.0,45.0,134.0
791,29.0,255.0,58.0,127.0
792,31.0,258.0,62.0,122.0
793,36.0,272.0,48.0,123.0
794,43.0,253.0,49.0,134.0
795,28.0,287.0,44.0,122.0
796,45.0,282.0,41.0,129.0
797,47.0,280.0,53.0,92.0
798,36.0,269.0,52.0,132.0
799,34.0,263.0,50.0,128.0
800,37.0,296.0,72.0,127.0
801,44.0,266.0,56.0,113.0
802,48.0,276.0,40.0,116.0
803,40.0,263.0,45.0,125.0
804,42.0,235.0,50.0,106.0
805,25.0,284.0,64.0,114.0
806,46.0,235.0,53.0,98.0
807,37.0,278.0,57.0,117.0
808,41.0,250.0,50.0,126.0
809,42.0,258.0,45.0,133.0
810,39.0,308.0,55.0,110.0
811,27.0,190.0,53.0,108.0
812,42.0,262.0,43.0,107.0
813,25.0,270.0,52.0,128.0
814,35.0,238.0,51.0,119.0
815,42.0,293.0,52.0,124.0
816,34.0,235.0,43.0,117.0
817,44.0,297.0,51.0,135.0
818,36.0,259.0,51.0,122.0
819,34.0,271.0,46.0,131.0
820,30.0,255.0,42.0,138.0
821,37.0,266.0,49.0,125.0
822,36.0,234.0,55.0,125.0
823,29.0,276.0,51.0,145.0
824,30.0,226.0,48.0,115.0
825,37.0,268.0,46.0,130.0
826,32.0,259.0,40.0,123.0
827,31.0,245.0,42.0,114.0
828,33.0,262.0,52.0,128.0
829,37.0,231.0,53.0,122.0
830,32.0,249.0,49.0,110.0
831,40.0,247.0,49.0,109.0
832,44.0,225.0,48.0,137.0
833,35.0,234.0,59.0,102.0
834,40.0,251.0,41.0,133.0
835,36.0,264.0,42.0,117.0
836,31.0,230.0,55.0,107.0
837,34.0,273.0,54.0,107.0
838,31.0,266.0,47.0,102.0
839,36.0,271.0,47.0,113.0
840,24.0,268.0,58.0,111.0
841,22.0,251.0,52.0,122.0
842,43.0,236.0,42.0,114.0
843,34.0,254.0,43.0,103.0
844,33.0,259.0,49.0,113.0
845,35.0,246.0,45.0,84.0
846,32.0,251.0,58.0,115.0
847,35.0,228.0,44.0,124.0
848,34.0,249.0,57.0,107.0
849,36.0,246.0,47.0,103.0
850,46.0,219.0,54.0,110.0
851,36.0,242.0,45.0,102.0
852,30.0,237.0,37.0,109.0
853,38.0,221.0,40.0,106.0
854,13.0,189.0,45.0,107.0
855,27.0,280.0,53.0,106.0
856,30.0,193.0,51.0,109.0
857,25.0,242.0,49.0,104.0
858,37.0,236.0,57.0,116.0
859,29.0,244.0,48.0,131.0
860,31.0,321.0,38.0,114.0
861,35.0,261.0,39.0,112.0
862,22.0,255.0,57.0,96.0
863,36.0,268.0,49.0,111.0
864,27.0,282.0,37.0,110.0
865,20.0,248.0,49.0,119.0
866,37.0,251.0,52.0,112.0
867,29.0,232.0,43.0,109.0
868,28.0,258.0,49.0,112.0
869,35.0,231.0,63.0,120.0
870,27.0,259.0,55.0,106.0
871,19.0,241.0,57.0,136.0
872,29.0,257.0,35.0,109.0
873,33.0,232.0,55.0,121.0
874,30.0,286.0,53.0,116.0
875,30.0,251.0,41.0,103.0
876,31.0,228.0,43.0,107.0
877,24.0,262.0,33.0,96.0
878,33.0,251.0,55.0,104.0
879,35.0,240.0,51.0,117.0
880,37.0,226.0,59.0,100.0
881,24.0,227.0,37.0,102.0
882,30.0,217.0,49.0,99.0
883,33.0,255.0,57.0,110.0
884,31.0,247.0,55.0,83.0
885,40.0,250.0,42.0,95.0
886,44.0,254.0,51.0,99.0
887,25.0,239.0,48.0,115.0
888,15.0,248.0,31.0,99.0
889,36.0,266.0,29.0,123.0
890,28.0,227.0,56.0,111.0
891,29.0,233.0,54.0,103.0
892,29.0,261.0,46.0,112.0
893,31.0,219.0,48.0,101.0
894,30.0,229.0,42.0,84.0
895,36.0,246.0,50.0,78.0
896,31.0,239.0,51.0,119.0
897,23.0,239.0,67.0,102.0
898,21.0,233.0,76.0,111.0
899,20.0,242.0,62.0,105.0
900,32.0,236.0,65.0,107.0
901,27.0,255.0,54.0,125.0
902,25.0,243.0,47.0,105.0
903,27.0,231.0,41.0,102.0
904,25.0,240.0,45.0,104.0
905,33.0,211.0,42.0,101.0
906,32.0,220.0,47.0,114.0
907,31.0,207.0,47.0,103.0
908,31.0,216.0,43.0,104.0
909,25.0,235.0,55.0,98.0
910,26.0,212.0,43.0,73.0
911,26.0,235.0,45.0,96.0
912,29.0,218.0,59.0,127.0
913,27.0,254.0,48.0,95.0
914,28.0,229.0,50.0,114.0
915,30.0,237.0,55.0,97.0
916,30.0,220.0,48.0,93.0
917,30.0,224.0,61.0,81.0
918,29.0,232.0,48.0,103.0
919,22.0,216.0,48.0,103.0
920,25.0,245.0,49.0,112.0
921,30.0,251.0,50.0,115.0
922,24.0,212.0,55.0,92.0
923,16.0,273.0,49.0,95.0
924,15.0,236.0,55.0,100.0
925,27.0,271.0,45.0,118.0
926,29.0,247.0,52.0,97.0
927,25.0,266.0,47.0,94.0
928,22.0,238.0,56.0,108.0
929,22.0,222.0,51.0,113.0
930,26.0,222.0,44.0,101.0
931,26.0,211.0,43.0,87.0
932,20.0,233.0,44.0,106.0
933,25.0,234.0,70.0,107.0
934,20.0,241.0,46.0,103.0
935,25.0,244.0,57.0,93.0
936,22.0,240.0,46.0,123.0
937,22.0,233.0,51.0,105.0
938,26.0,210.0,50.0,127.0
939,18.0,236.0,40.0,106.0
940,37.0,214.0,48.0,107.0
941,20.0,238.0,45.0,105.0
942,24.0,226.0,54.0,123.0
943,34.0,248.0,46.0,99.0
944,27.0,221.0,61.0,97.0
945,26.0,242.0,51.0,110.0
946,32.0,213.0,55.0,88.0
947,40.0,291.0,42.0,101.0
948,32.0,215.0,42.0,101.0
949,23.0,223.0,48.0,126.0
950,30.0,236.0,57.0,120.0
951,30.0,222.0,54.0,116.0
952,37.0,226.0,57.0,97.0
953,27.0,231.0,42.0,116.0
954,19.0,254.0,62.0,109.0
955,19.0,256.0,68.0,94.0
956,24.0,221.0,59.0,97.0
957,28.0,222.0,39.0,93.0
958,26.0,212.0,44.0,102.0
959,28.0,236.0,51.0,96.0
960,18.0,229.0,49.0,93.0
961,29.0,223.0,49.0,108.0
962,27.0,215.0,48.0,99.0
963,28.0,230.0,43.0,88.0
964,25.0,249.0,49.0,89.0
965,22.0,211.0,48.0,87.0
966,25.0,232.0,49.0,102.0
967,14.0,244.0,58.0,112.0
968,26.0,217.0,44.0,125.0
969,26.0,220.0,61.0,100.0
970,23.0,219.0,41.0,107.0
971,22.0,217.0,50.0,93.0
972,26.0,226.0,42.0,99.0
973,22.0,239.0,58.0,123.0
974,25.0,204.0,42.0,96.0
975,35.0,190.0,47.0,90.0
976,27.0,219.0,52.0,109.0
977,34.0,241.0,43.0,84.0
978,26.0,212.0,45.0,114.0
979,34.0,252.0,51.0,103.0
980,14.0,267.0,60.0,105.0
981,31.0,252.0,42.0,92.0
982,33.0,260.0,53.0,111.0
983,29.0,247.0,50.0,100.0
984,28.0,221.0,56.0,102.0
985,31.0,248.0,44.0,102.0
986,31.0,256.0,63.0,93.0
987,23.0,250.0,60.0,89.0
988,27.0,239.0,50.0,90.0
989,27.0,254.0,52.0,93.0
990,32.0,248.0,73.0,104.0
991,30.0,252.0,62.0,132.0
992,20.0,234.0,50.0,104.0
993,28.0,252.0,64.0,84.0
994,36.0,245.0,55.0,96.0
995,27.0,258.0,46.0,139.0
996,29.0,237.0,43.0,93.0
997,17.0,222.0,59.0,113.0
998,17.0,235.0,66.0,106.0
999,24.0,217.0,52.0,120.0
