,electricity-lbmp-nyiso-hud_valley,electricity-lbmp-nyiso-npx,electricity-lbmp-nyiso-genese,electricity-lbmp-nyiso-mhk_valley,electricity-lbmp-nyiso-north,electricity-lbmp-nyiso-centrl,electricity-lbmp-nyiso-nyc,electricity-lbmp-nyiso-pjm,electricity-lbmp-nyiso-capitl,electricity-lbmp-nyiso-longil,electricity-lbmp-nyiso-millwd,electricity-lbmp-nyiso-dunwod,electricity-lbmp-nyiso-west,electricity-lbmp-nyiso-o_h,electricity-lbmp-nyiso-h_q
0,22.22,28.59,20.02,21.23,20.0,20.67,22.59,21.15,21.92,53.29,22.39,22.45,19.98,19.21,19.84
1,22.25,28.61,20.12,21.25,20.04,20.69,22.64,21.18,21.94,53.29,22.41,22.45,20.08,19.29,19.87
2,22.24,28.27,20.16,21.24,20.1,20.75,22.61,21.22,21.98,45.14,22.41,22.47,20.14,19.4,19.91
3,22.31,28.36,20.28,21.3,20.19,20.81,22.7,21.26,22.06,45.12,22.5,22.54,20.26,19.46,20.01
4,23.47,29.48,21.33,21.36,21.31,21.96,23.86,21.35,23.21,47.61,23.64,23.71,21.33,19.58,21.05
5,24.17,30.48,21.98,22.54,21.96,22.58,24.59,22.45,23.9,46.72,24.37,24.39,21.96,20.59,21.71
6,24.19,30.51,22.0,23.16,22.0,22.59,24.62,23.12,23.92,53.3,24.37,24.41,21.96,21.22,21.74
7,23.16,29.46,20.98,23.19,21.07,21.6,23.54,23.14,22.92,40.09,23.33,23.37,20.94,21.25,20.79
8,22.32,29.09,20.14,22.2,20.31,20.8,22.69,22.13,22.1,45.01,22.49,22.55,20.1,20.23,20.02
9,23.23,30.01,21.01,21.42,21.11,21.63,23.64,21.29,22.97,44.12,23.4,23.44,20.94,19.42,20.81
10,23.24,30.02,21.03,22.22,21.2,21.65,23.64,22.16,22.98,49.56,23.43,23.47,20.94,20.23,20.9
11,23.26,29.47,21.03,22.27,21.16,21.67,23.67,22.17,23.0,45.13,23.45,23.49,20.94,20.24,20.88
12,23.21,29.43,21.01,22.27,21.13,21.63,23.59,22.19,22.95,44.11,23.38,23.42,20.94,20.24,20.86
13,22.3,28.53,20.13,22.22,20.27,20.76,22.69,22.14,22.04,42.1,22.49,22.53,20.07,20.23,20.0
14,22.3,29.08,20.16,21.34,20.31,20.78,22.69,21.27,22.05,40.65,22.49,22.53,20.08,19.37,20.02
15,22.3,29.08,20.22,21.36,20.33,20.82,22.69,21.29,22.05,40.65,22.49,22.53,20.16,19.38,20.04
16,22.3,29.08,20.21,21.37,20.25,20.78,22.69,21.33,22.04,40.64,22.49,22.53,20.15,19.48,19.98
17,22.3,29.13,20.17,21.34,20.23,20.76,22.69,21.32,22.03,40.65,22.47,22.53,20.11,19.47,19.96
18,22.21,29.05,20.1,21.3,20.14,20.69,22.64,21.3,21.96,40.54,22.41,22.45,20.06,19.43,19.9
19,22.27,29.12,20.18,21.22,20.18,20.75,22.68,21.22,22.02,49.55,22.48,22.52,20.16,19.38,19.93
20,23.15,29.48,20.96,21.29,20.94,21.58,23.58,21.31,22.9,41.11,23.35,23.39,20.92,19.48,20.7
21,23.4,29.73,21.22,22.11,21.2,21.85,23.83,22.13,23.16,41.11,23.59,23.63,21.18,20.21,20.94
22,23.4,29.73,21.22,22.36,21.2,21.8,23.83,22.41,23.16,41.11,23.59,23.63,21.16,20.47,20.96
23,23.42,29.81,21.18,22.34,21.26,21.82,23.85,22.36,23.16,41.11,23.61,23.66,21.11,20.49,20.98
24,23.13,29.55,20.98,22.36,21.0,21.58,23.56,22.38,22.9,43.99,23.33,23.39,20.94,20.4,20.75
25,23.08,29.5,20.96,22.11,20.98,21.51,23.53,22.13,22.85,53.29,23.28,23.34,20.91,20.24,20.72
26,23.04,29.41,20.93,22.06,20.96,21.49,23.46,22.08,22.8,53.31,23.23,23.27,20.91,20.26,20.66
27,22.97,29.36,20.91,22.02,20.91,21.46,23.41,22.06,22.75,53.33,23.18,23.22,20.91,20.23,20.61
28,23.06,29.46,20.94,21.97,20.98,21.51,23.51,22.03,22.83,45.13,23.27,23.32,20.91,20.21,20.7
29,22.21,28.57,20.12,22.04,20.18,20.67,22.64,22.08,21.96,49.53,22.39,22.45,20.08,20.21,19.92
30,22.19,28.55,20.1,21.2,20.16,20.68,22.62,21.24,21.94,49.53,22.39,22.43,20.1,19.43,19.9
31,22.21,28.57,20.14,21.19,20.18,20.69,22.61,21.22,21.96,22.76,22.39,22.43,20.14,19.43,19.92
32,22.23,24.46,20.16,21.18,20.22,20.73,22.64,21.24,22.0,42.1,22.41,22.47,20.16,19.47,19.95
33,22.27,24.49,20.16,21.24,20.24,20.71,22.7,21.31,22.02,42.45,22.48,22.52,20.12,19.48,19.97
34,22.21,24.4,20.06,21.27,20.14,20.63,22.64,21.29,21.94,22.76,22.39,22.45,20.04,19.44,19.9
35,22.19,24.56,20.0,21.16,20.11,20.57,22.61,21.22,21.9,22.73,22.39,22.43,19.94,19.37,19.86
36,22.17,24.54,20.03,21.12,20.09,20.58,22.61,21.19,21.88,22.69,22.37,22.41,19.99,19.29,19.82
37,21.56,23.94,19.46,21.11,19.54,20.02,22.0,21.17,21.27,22.06,21.76,21.82,19.42,19.33,19.3
38,21.33,25.63,19.21,20.51,19.31,19.76,21.74,20.59,21.03,21.78,21.51,21.56,19.15,18.77,19.06
39,21.07,25.37,19.04,20.27,19.08,19.58,21.48,20.35,20.8,21.52,21.25,21.3,19.0,18.53,18.84
40,21.31,25.61,19.17,20.06,19.27,19.74,21.74,20.14,21.01,21.76,21.5,21.54,19.12,18.36,19.04
41,21.05,22.27,18.91,20.25,19.02,19.47,21.48,20.33,20.76,21.51,21.24,21.28,18.83,18.49,18.79
42,20.9,22.09,18.86,19.99,18.9,19.4,21.32,20.05,20.59,21.36,21.09,21.13,18.84,18.23,18.67
43,20.83,22.05,18.84,19.88,18.82,19.34,21.23,19.98,20.54,21.23,21.0,21.06,18.82,18.21,18.61
44,21.6,23.64,19.52,19.78,19.52,20.06,22.02,19.91,21.31,22.02,21.78,21.82,19.48,18.21,19.3
45,21.33,23.36,19.31,20.51,19.31,19.82,21.76,20.65,21.05,21.74,21.5,21.56,19.29,18.87,19.07
46,21.58,23.62,19.48,20.27,19.52,20.0,22.0,20.41,21.29,22.02,21.76,21.82,19.44,18.66,19.29
47,22.19,24.52,20.05,20.49,20.07,20.58,22.61,20.61,21.88,22.63,22.37,22.43,19.99,18.81,19.82
48,22.21,24.54,20.06,21.07,20.09,20.62,22.63,21.21,21.9,22.63,22.39,22.45,20.02,19.33,19.84
49,22.19,24.54,19.99,21.08,20.07,20.54,22.63,21.23,21.9,22.61,22.39,22.43,19.91,19.37,19.84
50,22.19,23.23,19.99,21.04,20.05,20.58,22.61,21.17,21.9,22.61,22.39,22.43,19.92,19.27,19.82
51,21.58,22.62,19.46,21.04,19.52,20.0,22.02,21.19,21.31,22.0,21.78,21.82,19.37,19.25,19.3
52,22.17,23.19,19.95,20.45,20.03,20.5,22.59,20.59,21.86,22.57,22.35,22.41,19.85,18.75,19.81
53,21.58,21.4,19.42,20.99,19.5,19.96,22.0,21.13,21.29,22.0,21.76,21.82,19.32,19.22,19.29
54,20.85,20.68,18.84,20.45,18.86,19.36,21.27,20.57,20.57,21.24,21.04,21.08,18.8,18.71,18.63
55,20.83,20.66,18.84,19.78,18.82,19.32,21.25,19.95,20.54,21.21,21.02,21.06,18.78,18.17,18.61
56,22.19,22.03,20.07,19.74,20.05,20.58,22.61,19.91,21.88,22.59,22.37,22.43,19.99,18.19,19.82
57,22.19,22.05,20.09,21.02,20.06,20.59,22.63,21.21,21.92,22.65,22.39,22.43,20.02,19.35,19.84
58,22.21,22.03,20.11,21.06,20.06,20.59,22.63,21.21,21.92,22.67,22.39,22.43,20.04,19.39,19.84
59,22.19,21.98,20.05,21.08,20.05,20.58,22.61,21.21,21.9,22.69,22.37,22.43,19.99,19.41,19.82
60,22.17,21.96,20.01,21.07,20.03,20.56,22.61,21.19,21.88,22.69,22.37,22.43,19.93,19.33,19.81
61,22.17,21.94,19.95,21.07,20.03,20.52,22.61,21.17,21.86,22.67,22.35,22.41,19.83,19.28,19.79
62,21.31,21.09,19.2,21.03,19.23,19.72,21.74,21.11,21.01,21.76,21.48,21.54,19.1,19.22,19.02
63,21.58,21.41,19.46,20.21,19.5,20.0,22.02,20.31,21.31,22.04,21.78,21.82,19.37,18.49,19.29
64,21.33,21.15,19.27,20.49,19.31,19.78,21.76,20.59,21.07,21.7,21.52,21.56,19.17,18.75,19.07
65,23.2,23.83,20.98,20.27,21.0,21.54,23.65,20.37,22.92,23.63,23.39,23.43,20.87,18.56,20.75
66,22.21,22.85,20.1,22.07,20.04,20.63,22.63,22.15,21.94,22.59,22.39,22.45,20.0,20.21,19.86
67,20.54,21.16,18.64,21.1,18.5,19.09,20.95,21.2,20.28,20.84,20.71,20.77,18.58,19.37,18.33
68,20.52,21.15,18.64,19.48,18.49,19.07,20.95,19.63,20.24,20.86,20.71,20.75,18.58,17.99,18.32
69,20.79,21.41,18.84,19.49,18.72,19.32,21.21,19.64,20.5,21.13,20.98,21.01,18.78,18.02,18.55
70,20.56,21.18,18.71,19.72,18.61,19.14,20.96,19.89,20.29,20.86,20.73,20.77,18.65,18.19,18.42
71,20.7,21.46,18.82,19.52,18.65,19.24,21.1,19.67,20.41,21.04,20.87,20.91,18.76,18.08,18.48
72,21.35,22.12,19.46,19.63,19.27,19.87,21.76,19.79,21.07,21.7,21.52,21.56,19.4,18.17,19.07
73,21.99,22.74,20.05,20.27,19.85,20.47,22.41,20.42,21.71,22.39,22.17,22.21,19.99,18.81,19.64
74,22.28,22.94,20.38,20.88,20.11,20.79,22.69,21.04,22.02,22.69,22.47,22.53,20.31,19.38,19.92
75,22.3,22.96,20.37,21.17,20.13,20.8,22.71,21.34,22.06,22.73,22.49,22.53,20.33,19.7,19.94
76,23.0,23.63,20.93,21.19,20.72,21.39,23.4,21.36,22.7,23.44,23.17,23.23,20.82,19.7,20.53
77,23.47,23.39,21.32,21.82,21.14,21.81,23.9,21.97,23.19,23.97,23.67,23.73,21.21,20.19,20.95
78,23.49,23.41,21.38,22.24,21.16,21.85,23.93,22.39,23.21,23.99,23.69,23.73,21.27,20.56,20.97
79,21.02,20.96,18.92,22.26,18.91,19.4,21.48,22.44,20.7,21.27,21.22,21.27,18.73,20.62,18.71
80,21.02,20.96,18.92,19.83,18.91,19.4,21.48,19.96,20.7,21.27,21.22,21.27,18.73,18.17,18.71
81,21.96,26.82,18.97,19.83,18.93,19.51,22.4,19.96,21.97,22.25,22.15,22.19,18.76,18.17,18.72
82,22.17,26.85,19.94,19.98,19.94,20.5,22.59,20.47,21.86,22.49,22.35,22.41,19.77,18.19,19.71
83,22.18,27.5,19.99,20.93,19.97,20.54,22.61,21.03,21.9,22.49,22.37,22.43,19.83,19.13,19.75
84,22.2,27.52,20.03,20.97,19.97,20.58,22.61,21.07,21.94,22.47,22.37,22.43,19.85,19.18,19.74
85,23.79,29.09,21.56,21.0,21.43,22.09,24.25,21.09,23.5,24.14,23.98,24.03,21.39,19.22,21.19
86,24.08,30.38,21.72,22.52,21.69,22.36,24.52,22.65,23.84,24.48,24.28,24.34,21.52,20.69,21.43
87,24.08,30.38,21.72,22.84,21.69,22.36,24.52,22.89,23.84,24.48,24.28,24.34,21.52,20.79,21.43
88,24.1,30.43,21.61,22.84,21.63,22.23,24.54,22.89,23.86,24.48,24.28,24.34,21.3,20.79,21.41
89,22.27,28.42,20.01,22.8,19.99,20.52,22.72,22.76,21.99,22.68,22.46,22.52,19.75,20.64,19.81
90,23.49,29.63,21.21,21.03,21.1,21.71,23.96,21.07,23.19,23.94,23.71,23.75,20.98,19.16,20.91
91,23.79,29.94,21.63,22.2,21.41,22.06,24.25,22.29,23.5,24.25,24.01,24.05,21.47,20.33,21.21
92,23.81,29.35,21.8,22.5,21.43,22.17,24.25,22.65,23.52,24.25,24.01,24.05,21.71,20.82,21.23
93,23.81,29.31,21.67,22.54,21.39,22.11,24.24,22.74,23.5,24.24,23.98,24.07,21.56,21.05,21.17
94,23.83,29.33,21.54,22.52,21.37,22.0,24.27,22.67,23.5,24.27,24.01,24.09,21.32,20.89,21.17
95,23.81,30.12,21.54,22.48,21.37,22.02,24.27,22.59,23.5,24.27,24.01,24.07,21.32,20.69,21.15
96,23.53,29.83,21.3,22.48,21.08,21.77,23.99,22.61,23.21,23.96,23.73,23.79,21.1,20.69,20.89
97,23.54,29.81,21.26,22.18,21.06,21.73,23.99,22.35,23.19,23.96,23.73,23.79,21.06,20.46,20.87
98,22.3,27.47,20.16,22.14,19.93,20.58,22.72,22.33,21.97,22.68,22.48,22.54,19.95,20.42,19.77
99,22.19,27.34,20.04,20.95,19.82,20.45,22.61,21.13,21.84,22.55,22.37,22.43,19.86,19.38,19.66
100,22.19,27.36,20.08,20.83,19.84,20.51,22.63,21.03,21.84,22.55,22.37,22.43,19.94,19.27,19.67
101,22.19,27.99,20.06,20.85,19.84,20.53,22.61,21.07,21.84,22.55,22.37,22.43,19.94,19.33,19.67
102,22.19,27.97,20.02,20.87,19.8,20.49,22.61,21.09,21.84,22.55,22.37,22.43,19.86,19.31,19.66
103,23.51,29.28,21.13,20.85,20.94,21.65,23.98,21.07,23.13,24.07,23.73,23.79,20.92,19.25,20.81
104,23.54,29.92,21.09,22.08,20.94,21.67,23.98,22.27,23.13,24.13,23.73,23.81,20.9,20.28,20.81
105,23.54,29.94,21.09,22.08,20.92,21.67,24.0,22.31,23.13,41.15,23.73,23.81,20.92,20.23,20.79
106,23.23,30.46,17.6,22.06,16.84,18.17,23.63,22.31,24.46,41.1,23.46,23.48,17.62,20.23,16.76
107,22.16,28.1,18.87,18.51,18.44,19.32,22.6,20.64,22.29,22.71,22.37,22.41,18.74,17.05,18.35
108,22.17,28.41,17.54,19.65,16.92,18.08,22.58,20.56,22.97,22.65,22.38,22.41,17.53,18.17,16.83
109,22.14,28.4,17.56,18.37,16.88,18.06,22.57,20.01,22.93,22.65,22.38,22.39,17.55,16.99,16.81
110,22.36,28.11,14.38,18.33,13.17,14.98,22.7,20.03,24.88,22.75,22.63,22.58,14.63,16.99,13.11
111,22.18,27.32,16.62,15.22,15.76,17.15,22.57,18.81,23.48,22.62,22.42,22.41,16.71,14.13,15.7
112,22.16,27.28,16.64,17.4,15.86,17.18,22.57,19.66,23.4,22.62,22.4,22.4,16.71,16.16,15.82
113,22.16,22.99,16.65,17.48,15.87,17.23,22.54,19.67,23.4,22.59,22.38,22.4,16.74,16.15,15.82
114,21.97,22.76,16.68,17.51,15.92,17.21,22.38,19.69,23.1,22.41,22.2,22.2,16.71,16.17,15.87
115,22.18,23.02,16.66,17.49,15.89,17.22,22.57,19.59,23.39,22.66,22.41,22.4,16.71,16.17,15.84
116,21.98,27.3,17.18,17.5,16.52,17.72,22.39,19.69,22.86,22.47,22.21,22.2,17.22,16.17,16.46
117,22.24,28.33,14.44,18.0,13.26,15.05,22.57,19.82,24.68,22.63,22.49,22.44,14.66,16.65,13.22
118,22.24,28.33,14.44,15.26,13.26,15.05,22.57,18.8,24.68,22.63,22.49,22.44,14.66,14.14,13.22
119,22.23,25.37,15.41,15.26,14.45,16.02,22.57,18.8,24.15,22.65,22.47,22.44,15.52,14.14,14.42
120,22.22,25.35,15.38,16.28,14.41,16.0,22.57,19.19,24.12,22.63,22.47,22.43,15.48,15.0,14.4
121,22.22,25.46,14.92,16.26,13.92,15.56,22.55,19.17,24.34,22.61,22.46,22.43,15.0,14.96,13.91
122,22.22,23.33,14.51,15.84,13.41,15.14,22.55,18.97,24.57,22.59,22.47,22.43,14.62,14.52,13.4
123,21.63,22.37,15.29,15.4,14.46,15.92,21.99,18.77,23.26,22.03,21.87,21.83,15.32,14.14,14.45
124,21.99,22.93,14.85,16.19,13.94,15.52,22.35,18.79,23.99,22.37,22.24,22.21,14.9,14.82,13.94
125,21.61,22.37,15.26,15.79,14.46,15.9,21.99,18.81,23.24,22.04,21.85,21.83,15.27,14.41,14.46
126,21.97,22.43,16.74,16.17,16.16,17.35,22.37,18.76,22.99,22.47,22.2,22.2,16.66,14.79,16.12
127,21.98,22.69,15.66,17.68,14.97,16.32,22.37,19.6,23.52,40.08,22.22,22.21,15.64,16.17,14.92
128,19.21,19.15,16.27,16.66,16.06,16.81,19.63,19.15,19.18,19.69,19.39,19.45,16.07,15.16,16.02
129,18.97,18.69,16.89,17.13,16.77,17.48,19.38,17.84,18.53,19.45,19.14,19.21,16.74,15.61,16.74
130,20.17,19.89,17.98,17.74,17.86,18.56,20.61,18.03,19.72,20.7,20.35,20.4,17.72,16.2,17.83
131,20.14,19.87,17.96,18.84,17.83,18.54,20.58,19.15,19.7,115.71,20.33,20.38,17.73,17.18,17.81
132,20.54,20.79,16.35,18.84,15.94,16.97,20.96,19.15,21.12,69.21,20.76,20.78,16.25,17.18,15.93
133,21.07,21.59,15.73,17.26,15.14,16.37,21.46,18.67,22.19,40.09,21.29,21.29,15.63,15.74,15.14
134,18.78,19.0,15.02,16.67,14.66,15.58,19.15,18.66,19.3,19.11,18.97,18.99,14.86,15.16,14.66
135,18.78,19.0,15.02,15.85,14.66,15.58,19.15,17.07,19.3,19.11,18.97,18.99,14.86,14.44,14.66
136,18.78,19.0,15.02,15.85,14.66,15.58,19.15,17.07,19.3,19.11,18.97,18.99,14.86,14.44,14.66
137,21.54,25.28,3.46,15.85,0.77,4.29,21.66,17.07,29.21,21.66,21.91,21.66,4.3,14.44,0.77
138,22.0,23.33,13.47,4.42,12.29,14.17,22.34,13.7,24.76,22.29,22.27,22.21,13.64,4.02,12.28
139,22.29,26.21,3.43,14.39,0.63,4.29,22.42,18.27,30.31,22.42,22.67,22.42,4.31,13.18,0.63
140,21.82,26.16,1.36,4.43,-1.71,2.24,21.91,14.11,30.69,21.91,22.22,21.93,2.37,4.02,-1.7
141,22.12,26.01,3.44,2.34,0.67,4.28,22.26,12.96,30.06,22.26,22.5,22.25,4.31,2.11,0.67
142,22.12,24.9,3.44,4.47,0.67,4.29,22.26,14.02,30.05,22.26,22.5,22.25,4.31,4.02,0.67
143,22.12,24.9,3.44,4.47,0.67,4.29,22.26,14.02,30.05,22.26,22.5,22.25,4.31,4.02,0.67
144,22.14,25.49,1.21,4.47,-1.91,2.1,22.24,14.02,31.22,22.24,22.55,22.26,2.24,4.02,-1.91
145,21.77,25.04,1.23,2.26,-1.83,2.09,21.86,13.09,30.68,21.86,22.17,21.89,2.23,1.99,-1.83
146,21.77,26.14,1.23,2.26,-1.83,2.1,21.86,12.88,30.68,21.86,22.17,21.88,2.23,1.99,-1.83
147,21.77,26.14,1.23,2.26,-1.83,2.1,21.87,12.87,30.68,21.87,22.18,21.89,2.24,1.99,-1.83
148,19.58,23.46,1.32,2.27,-1.41,2.1,19.67,12.88,27.49,19.67,19.94,19.69,2.22,1.99,-1.41
149,18.4,22.01,1.38,2.24,-1.16,2.11,18.49,11.68,25.77,18.49,18.74,18.5,2.22,1.99,-1.16
150,5.45,6.12,1.97,2.25,1.46,2.16,5.51,11.04,6.83,5.5,5.53,5.49,2.11,2.0,1.46
151,20.88,21.91,13.49,2.21,12.55,14.15,21.2,3.93,23.0,21.22,21.12,21.08,13.55,2.02,12.57
152,20.88,21.91,13.49,14.42,12.55,14.15,21.2,17.61,23.0,21.22,21.12,21.08,13.55,13.15,12.57
153,21.39,22.57,13.47,14.42,12.47,14.17,21.71,17.61,23.8,21.76,21.65,21.6,13.56,13.15,12.47
154,19.07,19.11,15.85,14.45,15.72,16.45,19.45,17.88,19.17,19.5,19.24,19.29,15.59,13.15,15.7
155,15.4,15.22,13.75,16.77,13.71,14.2,15.7,17.55,15.05,15.75,15.53,15.57,13.51,15.16,13.69
156,20.86,26.4,-4.2,14.43,-8.08,-3.3,20.84,14.6,32.16,20.83,21.31,20.92,-2.83,13.16,-8.03
157,22.06,26.5,1.19,-3.14,-1.94,2.06,22.15,10.05,31.12,22.15,22.47,22.17,2.21,-3.01,-1.93
158,22.31,26.81,1.18,2.27,-1.97,2.06,22.39,13.02,31.48,22.4,22.72,22.42,2.21,1.96,-1.97
159,22.31,26.8,1.18,2.28,-1.96,2.07,22.39,13.16,31.47,22.4,22.72,22.42,2.22,1.96,-1.96
160,21.77,26.14,1.23,2.29,-1.83,2.09,21.86,13.16,30.68,21.86,22.17,21.88,2.23,1.96,-1.83
161,21.77,23.74,1.22,2.31,-1.84,2.08,21.86,12.88,30.68,21.87,22.17,21.88,2.23,1.98,-1.84
162,21.77,23.74,1.21,2.3,-1.85,2.07,21.86,12.87,30.68,21.87,22.17,21.88,2.21,1.98,-1.85
163,20.16,23.2,-4.45,2.29,-8.09,-3.53,20.14,12.86,31.23,20.21,20.6,20.23,-3.18,1.96,-8.07
164,19.71,24.52,-6.16,-3.31,-9.99,-5.2,19.67,9.53,31.42,19.76,20.17,19.77,-4.79,-3.33,-9.98
165,23.15,27.16,0.05,1.3,-3.36,1.02,23.25,13.19,33.22,23.26,23.61,23.28,1.19,0.92,-3.36
166,40.35,49.76,-0.63,1.64,-6.55,1.1,40.53,22.66,58.2,40.51,41.16,40.58,1.33,0.89,-6.56
167,40.35,49.76,-0.64,1.63,-6.58,1.09,40.53,22.67,58.2,40.49,41.16,40.57,1.33,0.88,-6.58
168,60.91,74.92,-1.5,1.91,-10.61,1.1,61.17,33.97,88.1,61.12,62.14,61.25,1.5,0.85,-10.58
169,78.33,100.85,-2.19,2.25,-13.89,1.21,78.67,43.61,113.39,78.66,79.93,78.77,1.68,0.82,-13.86
170,75.04,96.83,-2.07,2.17,-13.3,1.19,75.36,41.8,108.63,75.4,76.57,75.46,1.65,0.81,-13.27
171,53.32,70.46,-1.85,1.12,-9.94,0.44,53.53,29.53,77.42,53.51,54.4,53.61,0.85,0.27,-9.92
172,41.26,51.73,-6.75,-4.33,-13.9,-4.85,41.36,20.62,62.57,41.3,42.17,41.47,-4.32,-4.73,-13.81
173,27.88,35.1,-5.1,-3.44,-9.96,-3.79,27.93,13.71,42.56,27.9,28.5,28.02,-3.43,-3.7,-9.94
174,35.47,35.19,32.45,33.41,31.79,32.98,36.03,33.85,34.87,36.29,35.7,35.8,32.26,31.57,31.83
175,58.58,57.98,53.74,55.48,53.14,54.66,59.44,56.08,57.38,60.09,58.95,59.12,53.47,54.06,53.03
176,38.07,37.72,34.89,36.06,34.4,35.56,38.63,36.44,37.36,39.06,38.31,38.42,34.75,35.75,34.43
177,29.11,35.42,-0.2,1.29,-4.56,0.96,29.24,16.46,41.93,29.19,29.7,29.28,1.25,2.76,-4.58
178,37.97,45.87,1.04,2.97,-4.46,2.54,38.16,22.02,54.03,38.1,38.72,38.19,2.84,2.4,-4.47
179,30.03,35.73,3.05,4.53,-0.97,4.18,30.2,18.35,41.62,30.2,30.59,30.22,4.33,3.97,-0.97
180,29.22,34.74,3.08,4.52,-0.8,4.18,29.39,17.91,40.44,29.39,29.77,29.4,4.33,3.97,-0.81
181,28.77,34.58,1.46,2.92,-2.59,2.59,28.92,16.97,40.59,28.9,29.33,28.95,2.78,2.44,-2.6
182,28.77,34.59,1.47,2.93,-2.58,2.59,28.93,16.97,40.59,28.9,29.33,28.95,2.78,2.44,-2.59
183,28.32,34.43,-0.14,1.35,-4.32,1.01,28.46,16.03,40.74,28.42,28.9,28.49,1.24,0.93,-4.34
184,28.33,34.43,-0.14,1.35,-4.32,1.02,28.47,16.04,40.74,28.42,28.91,28.5,1.25,0.93,-4.34
185,29.14,35.42,-0.16,1.37,-4.47,1.03,29.28,16.49,41.92,29.24,29.73,29.31,1.26,0.93,-4.49
186,29.13,35.42,-0.16,1.36,-4.48,1.02,29.27,16.49,41.92,29.22,29.73,29.31,1.26,0.93,-4.5
187,28.29,37.18,-0.16,1.32,-4.43,1.0,28.29,16.2,41.56,61.19,28.76,28.32,1.25,0.93,-4.45
188,27.55,30.03,25.46,26.37,25.05,26.01,27.79,26.67,27.7,61.62,27.6,27.64,25.33,24.74,25.18
189,23.57,30.97,3.32,4.46,0.25,4.16,23.55,15.01,33.13,61.26,23.85,23.55,4.29,3.99,0.25
190,26.66,33.19,-3.32,-1.89,-7.73,-2.23,26.74,13.74,39.92,26.65,27.23,26.8,-1.82,-2.1,-7.77
191,26.05,31.63,-0.04,1.29,-3.89,0.96,26.16,14.78,37.4,26.11,26.55,26.19,1.23,0.94,-3.91
192,24.23,29.01,1.66,2.85,-1.68,2.55,24.35,14.47,33.95,24.34,24.68,24.37,2.75,2.46,-1.69
193,24.24,29.42,0.04,1.27,-3.53,0.96,24.34,13.78,34.77,24.31,24.72,24.37,1.21,0.95,-3.55
194,23.43,28.43,0.08,1.27,-3.37,0.97,23.54,13.34,33.6,23.5,23.89,23.56,1.22,0.95,-3.39
195,23.43,28.43,0.08,1.27,-3.37,0.97,23.54,13.34,33.6,23.5,23.89,23.56,1.21,0.95,-3.39
196,24.24,29.42,0.05,1.28,-3.52,0.97,24.34,13.79,34.76,24.31,24.71,24.37,1.22,0.95,-3.54
197,20.36,24.67,0.21,1.24,-2.77,0.98,20.45,11.65,29.13,20.43,20.76,20.48,1.19,0.96,-2.78
198,27.4,33.29,-0.08,1.32,-4.13,0.97,27.52,15.52,39.38,27.48,27.95,27.56,1.25,0.94,-4.16
199,24.26,29.45,0.04,1.26,-3.55,0.95,24.36,13.79,34.81,24.32,24.73,24.39,1.21,0.95,-3.57
200,24.26,29.44,0.04,1.33,-3.54,0.94,24.35,13.78,34.8,24.32,24.73,24.39,1.22,0.94,-3.57
201,24.26,29.44,0.04,1.33,-3.54,0.94,24.35,13.79,34.8,24.31,24.73,24.38,1.22,0.94,-3.57
202,22.88,27.76,0.09,1.31,-3.28,0.94,22.98,13.03,32.81,22.94,23.33,23.0,1.2,0.94,-3.3
203,22.61,27.42,0.11,1.3,-3.23,0.94,22.7,12.88,32.4,22.66,23.05,22.72,1.2,0.95,-3.25
204,21.93,26.19,1.77,2.89,-1.22,2.54,22.04,13.2,30.6,22.03,22.34,22.05,2.73,2.47,-1.23
205,21.93,26.19,1.77,2.89,-1.23,2.54,22.04,13.2,30.6,22.03,22.34,22.05,2.73,2.47,-1.24
206,22.33,27.08,0.11,1.3,-3.17,0.94,22.42,12.72,31.99,22.38,22.76,22.44,1.2,0.95,-3.19
207,21.93,26.19,1.77,2.89,-1.23,2.54,22.04,13.2,30.6,22.03,22.34,22.05,2.73,2.47,-1.24
208,21.93,26.19,1.77,2.89,-1.23,2.54,22.04,13.2,30.6,22.03,22.34,22.05,2.73,2.47,-1.24
209,20.68,25.05,0.19,1.29,-2.82,0.96,20.76,11.82,29.58,20.73,21.08,20.78,1.19,0.95,-2.85
210,26.05,31.64,-0.03,1.36,-3.88,0.94,26.15,14.77,37.42,26.11,26.56,26.19,1.23,0.94,-3.91
211,26.05,31.63,-0.04,1.37,-3.87,0.94,26.15,14.76,37.41,26.11,26.55,26.18,1.22,0.94,-3.9
212,24.25,29.44,0.03,1.32,-3.53,0.94,24.35,13.78,34.83,24.31,24.72,24.38,1.2,0.94,-3.56
213,26.64,32.36,-0.06,1.35,-3.98,0.94,26.75,15.1,38.3,26.7,27.16,26.78,1.23,0.94,-4.02
214,27.4,33.3,-0.12,1.35,-4.14,0.92,27.53,15.51,39.42,27.47,27.94,27.55,1.21,0.91,-4.18
215,27.41,33.29,-0.08,1.38,-4.11,0.96,27.53,15.53,39.4,27.48,27.95,27.56,1.24,0.94,-4.15
216,27.41,33.3,-0.07,1.39,-4.09,0.97,27.53,15.53,39.41,27.48,27.95,27.56,1.25,0.95,-4.14
217,27.24,33.1,-0.08,1.37,-4.09,0.94,27.36,15.43,39.18,27.31,27.78,27.39,1.24,0.94,-4.13
218,26.05,31.64,-0.03,1.35,-3.87,0.95,26.16,14.78,37.44,26.11,26.56,26.19,1.23,0.94,-3.91
219,24.24,29.03,1.66,2.9,-1.69,2.53,24.36,14.47,34.0,24.35,24.7,24.38,2.75,2.46,-1.7
220,24.26,29.44,0.04,1.33,-3.52,0.95,24.35,13.8,34.83,59.75,24.73,24.39,1.22,0.94,-3.56
221,24.26,29.45,0.04,1.33,-3.52,0.95,24.35,13.8,34.83,46.62,24.73,24.39,1.22,0.94,-3.56
222,22.89,27.77,0.09,1.31,-3.25,0.95,22.98,13.04,32.83,22.94,23.33,23.01,1.2,0.95,-3.29
223,22.85,26.92,3.37,4.49,0.47,4.15,22.99,14.41,31.15,23.0,23.26,22.99,4.28,4.0,0.47
224,24.25,29.03,1.66,2.88,-1.67,2.57,24.36,14.47,33.99,24.34,24.69,24.38,2.75,2.46,-1.7
225,22.39,26.34,3.39,4.47,0.56,4.19,22.52,14.15,30.46,22.53,22.77,22.52,4.28,4.0,0.56
226,26.05,31.22,1.59,2.9,-2.02,2.56,26.16,15.45,36.61,59.76,26.52,26.18,2.76,2.45,-2.05
227,26.04,31.22,1.59,2.9,-2.02,2.56,26.16,15.45,36.6,59.76,26.52,26.18,2.76,2.45,-2.05
228,28.37,34.44,-0.13,1.37,-4.28,0.99,28.48,16.04,40.77,59.74,28.91,28.51,1.25,0.93,-4.33
229,27.41,33.28,-0.1,1.34,-4.12,0.98,27.53,15.52,39.39,61.19,27.94,27.55,1.24,0.93,-4.17
230,27.41,32.9,1.52,2.91,-2.29,2.56,27.54,16.21,38.6,61.22,27.92,27.56,2.77,2.45,-2.32
231,29.17,35.43,-0.17,1.38,-4.44,0.99,29.29,16.49,41.94,61.19,29.73,29.32,1.25,0.93,-4.5
232,37.59,45.73,-0.52,1.48,-6.07,0.98,37.74,21.13,54.2,61.17,38.32,37.78,1.33,0.9,-6.14
233,33.8,41.1,-0.37,1.42,-5.36,0.97,33.94,19.04,48.69,33.88,34.46,33.98,1.29,0.91,-5.42
234,27.41,33.27,-0.11,1.39,-4.06,1.06,27.52,15.54,39.36,27.48,27.94,27.55,1.27,0.94,-4.11
235,27.85,33.81,-0.13,1.42,-4.12,1.08,27.96,15.79,39.99,27.92,28.38,27.99,1.26,0.92,-4.18
236,31.56,38.34,-0.29,1.43,-4.84,1.02,31.68,17.84,45.39,31.62,32.17,31.71,1.3,0.92,-4.9
237,29.2,35.45,-0.18,1.41,-4.37,1.04,29.31,16.54,41.94,29.26,29.76,29.34,1.28,0.92,-4.42
238,28.45,34.53,-0.15,1.39,-4.24,1.02,28.56,16.12,40.85,28.51,29.0,28.59,1.27,0.92,-4.29
239,29.19,35.44,-0.2,1.38,-4.41,1.0,29.29,16.52,41.94,29.25,29.75,29.33,1.27,0.92,-4.46
240,29.05,35.27,-0.2,1.37,-4.39,1.0,29.15,16.44,41.74,29.1,29.61,29.18,1.27,0.92,-4.44
241,29.18,35.43,-0.21,1.37,-4.42,1.0,29.29,16.52,41.94,29.24,29.75,29.32,1.27,0.91,-4.47
242,28.37,34.44,-0.17,1.36,-4.27,0.99,28.48,16.06,40.76,28.43,28.92,28.51,1.26,0.92,-4.32
243,28.45,34.54,-0.17,1.37,-4.26,1.01,28.56,16.12,40.86,28.51,29.0,28.59,1.27,0.92,-4.31
244,27.43,32.53,-0.14,1.33,-4.1,0.99,27.52,15.54,39.4,27.48,27.95,27.55,1.25,0.92,-4.15
245,23.46,27.67,0.06,1.3,-3.32,1.01,23.54,13.37,33.62,23.51,23.9,23.57,1.24,0.96,-3.35
246,27.26,32.32,-0.11,1.35,-4.04,1.01,27.35,15.46,39.15,27.31,27.78,27.39,1.27,0.94,-4.08
247,27.42,34.08,-0.11,1.37,-4.04,1.01,27.53,15.55,39.37,27.48,27.94,27.55,1.27,0.94,-4.09
248,27.42,34.08,-0.11,1.3,-4.06,1.04,27.52,15.54,39.35,27.48,27.96,27.55,1.27,0.94,-4.11
249,27.42,34.08,-0.12,1.29,-4.08,1.03,27.52,15.55,39.35,27.48,27.96,27.55,1.27,0.94,-4.12
250,27.42,33.27,-0.12,1.29,-4.08,1.04,27.52,15.55,39.35,27.48,27.95,27.55,1.28,0.94,-4.12
251,27.42,33.27,-0.12,1.28,-4.09,1.03,27.52,15.54,39.35,27.48,27.96,27.55,1.28,0.94,-4.13
252,27.42,33.26,-0.11,1.3,-4.07,1.05,27.52,15.55,39.34,27.48,27.96,27.55,1.28,0.94,-4.11
253,27.43,33.28,-0.12,1.29,-4.08,1.04,27.53,15.55,39.36,27.49,27.96,27.55,1.28,0.94,-4.12
254,27.43,33.29,-0.13,1.26,-4.1,1.02,27.53,15.54,39.37,27.49,27.96,27.55,1.27,0.93,-4.14
255,27.43,33.28,-0.14,1.26,-4.12,1.01,27.52,15.54,39.37,27.48,27.96,27.55,1.26,0.93,-4.16
256,28.65,29.18,26.37,27.09,25.55,26.82,29.0,27.38,28.2,29.32,28.84,28.87,26.11,25.9,25.79
257,24.28,30.22,0.0,1.17,-3.57,0.92,24.36,13.78,34.84,24.33,24.75,24.4,1.21,1.29,-3.61
258,22.63,28.2,0.08,1.19,-3.21,0.95,22.7,12.88,32.43,22.67,23.07,22.73,1.21,1.29,-3.25
259,21.49,26.05,0.14,1.2,-2.97,0.96,21.56,12.26,30.77,21.53,21.91,21.59,1.2,0.95,-3.01
260,21.5,26.04,0.15,1.2,-2.97,0.95,21.55,12.26,30.77,21.53,21.9,21.58,1.2,0.95,-3.01
261,22.46,22.19,20.51,21.18,19.83,20.97,22.79,21.43,22.01,23.02,22.61,22.67,20.31,19.85,20.1
262,21.51,26.05,0.15,1.19,-2.98,0.94,21.56,12.26,30.78,21.53,21.91,21.59,1.21,0.97,-3.02
263,21.51,26.05,0.15,1.19,-2.97,0.95,21.57,12.27,30.78,21.54,21.91,21.59,1.21,0.97,-3.01
264,21.52,26.04,0.16,1.21,-2.95,0.96,21.57,12.27,30.76,21.54,21.91,21.6,1.22,0.97,-2.99
265,23.17,28.06,0.09,1.23,-3.26,0.96,23.24,13.18,33.16,23.2,23.6,23.26,1.23,0.97,-3.31
266,22.91,27.75,0.1,1.21,-3.23,0.95,22.98,13.03,32.79,22.95,23.34,23.0,1.23,0.97,-3.28
267,22.36,27.09,0.11,1.19,-3.15,0.93,22.42,12.73,32.01,22.39,22.78,22.44,1.22,0.97,-3.19
268,22.65,27.44,0.1,1.18,-3.21,0.92,22.7,12.89,32.44,22.67,23.07,22.73,1.22,0.97,-3.25
269,25.41,30.81,-0.02,1.22,-3.72,0.93,25.47,14.41,36.44,25.44,25.88,25.5,1.25,0.96,-3.78
270,22.92,27.77,0.09,1.19,-3.25,0.94,22.98,13.04,32.81,22.95,23.35,23.01,1.23,0.97,-3.29
271,20.4,24.68,0.2,1.17,-2.76,0.95,20.45,11.65,29.14,20.43,20.77,20.47,1.2,0.97,-2.79
272,25.45,30.79,-0.01,1.16,-3.7,1.0,25.47,14.4,36.41,25.44,25.88,25.5,1.25,0.97,-3.75
273,23.51,28.43,0.08,1.16,-3.31,1.01,23.54,13.35,33.59,23.5,23.91,23.56,1.24,0.97,-3.35
274,25.45,31.65,-3.59,-2.35,-7.68,-2.5,25.44,12.89,38.13,25.36,25.94,25.48,-2.11,-2.37,-7.78
275,20.42,24.66,0.23,1.16,-2.69,1.03,20.45,11.66,29.11,20.43,20.77,20.47,1.22,0.99,-2.73
276,22.38,26.66,1.77,2.76,-1.26,2.61,22.43,13.42,31.16,22.42,22.74,22.44,2.77,2.5,-1.27
277,23.22,27.68,1.73,2.76,-1.42,2.61,23.27,13.88,32.38,23.26,23.59,23.28,2.77,2.5,-1.44
278,20.42,23.86,3.51,4.38,0.98,4.24,20.49,13.05,27.5,20.5,20.73,20.49,4.29,4.03,0.99
279,20.42,23.86,3.51,4.38,0.98,4.24,20.49,13.05,27.5,20.5,20.73,20.49,4.29,4.03,0.99
280,22.64,23.5,3.41,4.38,0.54,4.23,22.71,14.27,30.73,22.72,22.99,22.71,4.31,4.02,0.55
281,23.2,24.18,3.39,4.38,0.43,4.22,23.27,14.57,31.54,23.28,23.56,23.27,4.31,4.02,0.44
282,22.23,23.4,1.78,2.75,-1.23,2.61,22.28,13.34,30.95,22.27,22.59,22.3,2.76,2.5,-1.25
283,25.94,31.0,1.62,2.76,-1.95,2.59,25.99,15.37,36.33,25.97,26.37,26.01,2.79,2.49,-1.98
284,26.92,32.2,1.57,2.77,-2.14,2.56,26.98,15.91,37.76,62.14,27.38,27.0,2.8,2.49,-2.17
285,26.49,28.35,15.42,16.48,13.59,16.19,26.72,21.52,30.38,59.85,26.76,26.65,15.67,15.19,13.74
286,25.05,24.82,22.81,23.78,22.21,23.48,25.37,23.92,24.7,59.93,25.21,25.26,22.53,21.88,22.44
287,24.18,25.26,16.62,17.61,15.33,17.3,24.44,20.73,26.48,24.62,24.41,24.35,16.67,16.18,15.49
288,24.16,25.23,16.66,17.62,15.34,17.35,24.41,20.76,26.45,24.57,24.39,24.33,16.7,16.2,15.52
289,25.8,27.23,16.55,17.55,14.92,17.31,26.05,21.67,28.85,26.19,26.06,25.95,16.74,16.19,15.09
290,24.18,25.26,16.6,17.5,15.17,17.27,24.42,20.78,26.51,24.55,24.41,24.33,16.71,16.18,15.36
291,26.92,32.21,1.56,2.75,-2.16,2.54,26.98,15.91,37.78,26.97,27.39,27.0,2.8,2.49,-2.18
292,27.91,33.55,0.97,2.22,-2.96,2.0,27.98,16.22,39.48,27.96,28.41,27.99,2.29,5.07,-3.0
293,26.92,32.21,1.56,2.74,-2.17,2.53,26.98,15.91,37.79,26.97,27.39,27.0,2.8,5.58,-2.2
294,24.29,29.0,1.67,2.73,-1.66,2.55,24.34,14.47,33.96,24.34,24.7,24.36,2.78,5.58,-1.68
295,22.19,26.57,1.22,2.19,-1.87,2.02,22.23,13.09,31.18,22.23,22.57,22.25,2.25,1.99,-1.89
296,25.04,30.04,1.09,2.25,-2.41,2.01,25.09,14.66,35.31,25.08,25.47,25.11,2.28,1.98,-2.44
297,20.41,23.58,4.7,5.59,2.32,5.38,20.51,13.54,26.94,20.52,20.72,20.5,5.39,5.11,2.34
298,19.44,23.08,1.89,2.77,-0.7,2.58,19.49,11.82,26.92,19.49,19.76,19.5,2.74,2.5,-0.71
299,19.53,23.19,1.89,2.78,-0.72,2.58,19.58,11.87,27.05,19.58,19.85,19.59,2.74,2.5,-0.72
300,22.14,23.8,12.4,13.29,10.71,13.06,22.35,17.8,25.65,22.39,22.38,22.28,12.67,12.25,10.86
301,22.14,23.81,12.44,13.33,10.76,13.11,22.34,17.82,25.65,22.39,22.38,22.28,12.71,12.29,10.9
302,20.41,23.58,4.7,5.6,2.32,5.39,20.51,13.56,26.94,20.52,20.72,20.5,5.4,5.11,2.35
303,22.11,22.99,15.62,16.56,14.46,16.26,22.36,19.12,24.05,22.42,22.31,22.27,15.6,15.14,14.64
304,22.11,23.0,15.62,16.55,14.44,16.25,22.36,19.13,24.06,22.42,22.31,22.27,15.62,15.16,14.62
305,22.1,22.72,16.73,17.67,15.71,17.38,22.38,19.62,23.5,22.45,22.29,22.27,16.66,16.17,15.91
306,23.38,24.62,15.47,16.29,13.83,16.08,23.59,19.82,26.07,23.7,23.59,23.52,15.65,15.18,14.02
307,24.16,25.08,17.59,18.41,16.08,18.2,24.4,21.17,26.2,24.53,24.36,24.32,17.7,17.17,16.28
308,25.9,27.52,16.41,17.24,14.45,17.06,26.14,21.64,29.28,26.27,26.16,26.05,16.69,16.17,14.67
309,26.9,28.94,15.31,16.23,13.16,16.0,27.11,21.71,31.19,27.26,27.19,27.04,15.67,15.17,13.33
310,26.8,28.81,15.35,16.29,13.26,16.04,27.04,21.67,31.01,27.18,27.1,26.96,15.67,15.17,13.43
311,26.88,28.89,15.36,16.32,13.28,16.07,27.13,21.72,31.1,27.25,27.17,27.03,15.67,15.17,13.44
312,27.81,30.05,15.3,16.28,13.02,16.04,28.05,22.24,32.49,28.17,28.13,27.97,15.69,15.17,13.2
313,26.85,26.68,24.71,25.58,23.77,25.26,27.22,25.66,26.6,27.4,27.02,27.07,24.41,23.74,24.07
314,25.95,27.23,17.6,18.59,16.06,18.3,26.24,22.13,28.66,26.36,26.19,26.12,17.69,17.14,16.26
315,25.77,27.26,16.52,17.49,14.85,17.21,26.05,21.58,28.91,26.17,26.02,25.94,16.68,16.16,15.04
316,24.09,24.94,17.71,18.61,16.46,18.33,24.38,21.13,25.93,24.52,24.3,24.26,17.69,17.16,16.65
317,24.09,24.94,17.71,18.59,16.48,18.31,24.38,21.13,25.91,24.54,24.32,24.26,17.69,17.16,16.65
318,26.84,28.32,17.6,18.57,15.91,18.31,27.1,22.66,29.95,27.27,27.1,27.0,17.76,17.19,16.08
319,27.89,32.42,16.44,17.45,14.42,17.18,28.12,22.76,32.05,28.27,28.18,28.05,16.73,16.19,14.58
320,27.79,32.02,17.56,18.62,15.8,18.31,28.05,23.18,31.36,28.22,28.06,27.97,17.76,17.19,15.93
321,27.87,32.1,17.55,18.62,15.79,18.3,28.15,23.2,31.44,28.3,28.15,28.05,17.72,17.17,15.92
322,27.87,29.98,17.55,18.62,15.8,18.3,28.13,23.2,31.44,28.3,28.15,28.05,17.72,17.19,15.92
323,27.17,28.85,18.67,19.7,17.18,19.39,27.45,23.29,29.87,27.63,27.42,27.34,18.75,18.18,17.3
324,28.79,31.09,17.51,18.6,15.61,18.29,29.06,23.71,32.73,59.85,29.08,28.97,17.75,17.19,15.72
325,28.79,33.34,17.51,18.58,15.59,18.27,29.05,23.7,32.76,46.28,29.08,28.97,17.75,17.19,15.7
326,27.17,31.08,18.72,19.78,17.27,19.41,27.47,23.28,29.82,27.63,27.42,27.34,18.75,18.18,17.4
327,27.18,31.09,18.7,19.74,17.24,19.39,27.49,23.29,29.84,62.46,27.44,27.36,18.75,18.18,17.35
328,26.92,30.77,17.6,18.69,16.07,18.36,27.2,22.69,29.96,62.46,27.17,27.11,17.73,17.17,16.18
329,27.77,31.86,17.54,18.56,15.77,18.26,28.05,23.14,31.27,62.45,28.06,27.95,17.74,17.19,15.88
330,27.87,32.27,16.39,17.36,14.36,17.09,28.14,22.72,32.02,62.43,28.18,28.05,16.71,16.17,14.48
331,28.78,32.65,16.33,17.31,14.11,17.04,29.06,23.2,33.36,62.41,29.1,28.96,16.7,16.17,14.24
332,28.88,32.75,16.36,17.33,14.14,17.12,29.13,23.27,33.46,62.41,29.19,29.05,16.73,16.17,14.28
333,27.87,31.51,16.41,17.35,14.4,17.12,28.13,22.69,31.97,62.42,28.16,28.03,16.71,16.17,14.53
334,28.88,32.06,16.36,17.33,14.2,17.1,29.13,23.24,33.45,63.03,29.18,29.05,16.7,16.19,14.32
335,27.88,30.83,16.43,17.4,14.47,17.17,28.14,22.72,31.97,63.64,28.18,28.05,16.71,16.17,14.59
336,27.86,30.55,17.51,18.48,15.71,18.24,28.15,23.19,31.4,63.09,28.15,28.05,17.74,17.17,15.83
337,28.79,32.5,16.72,17.71,14.65,17.48,29.05,23.35,33.12,63.08,29.09,28.95,17.03,16.49,14.77
338,27.88,31.4,16.67,17.61,14.72,17.39,28.14,22.83,31.85,62.45,28.16,28.05,16.97,16.41,14.83
339,28.89,32.73,16.36,17.32,14.18,17.09,29.15,23.26,33.48,62.46,29.19,29.05,16.72,16.18,14.29
340,28.88,33.6,16.36,17.33,14.2,17.1,29.13,23.26,33.45,62.44,29.19,29.05,16.72,16.17,14.32
341,28.88,33.6,16.35,17.32,14.18,17.09,29.13,23.24,33.46,64.84,29.18,29.05,16.7,16.17,14.3
342,28.94,37.03,2.03,3.17,-1.91,3.1,28.98,17.24,40.39,59.76,29.4,29.0,3.34,3.0,-1.93
343,28.03,30.02,16.4,17.34,14.35,17.14,28.31,22.81,32.18,62.45,28.33,28.21,16.72,16.17,14.49
344,28.03,30.02,16.42,17.36,14.34,17.16,28.33,22.85,32.18,53.84,28.34,28.23,16.76,16.19,14.47
345,28.86,34.59,1.49,2.71,-2.5,2.57,28.94,17.0,40.61,28.93,29.37,28.96,2.82,2.49,-2.53
346,27.91,33.3,2.07,3.24,-1.71,3.1,27.99,16.71,38.96,28.0,28.39,28.01,3.33,3.0,-1.73
347,27.87,29.82,16.39,17.32,14.28,17.14,28.13,22.71,31.97,28.15,28.15,28.05,16.74,16.19,14.43
348,27.83,29.72,16.7,17.61,14.63,17.42,28.14,22.85,31.78,28.22,28.14,28.03,17.0,16.43,14.79
349,28.04,30.05,16.39,17.31,14.23,17.13,28.31,22.85,32.23,28.44,28.35,28.23,16.74,16.17,14.4
350,28.86,31.06,16.34,17.26,14.02,17.06,29.13,23.26,33.46,29.24,29.18,29.03,16.73,16.17,14.18
351,28.78,30.69,17.45,18.37,15.33,18.2,29.06,23.71,32.79,29.13,29.08,28.95,17.79,17.18,15.48
352,32.84,37.6,16.18,17.31,13.31,17.1,33.1,25.46,39.27,33.18,33.23,33.02,16.79,16.18,13.45
353,32.99,37.77,16.17,17.26,13.25,17.09,33.25,25.54,39.49,33.32,33.38,33.17,16.78,16.16,13.41
354,25.94,29.19,16.43,17.17,14.48,17.07,26.2,21.67,29.29,26.22,26.2,26.1,16.73,16.17,14.64
355,26.24,27.64,17.5,18.22,15.6,18.11,26.55,22.3,29.2,26.55,26.51,26.42,17.75,17.17,15.78
356,27.92,34.59,-3.14,-1.87,-7.49,-1.97,27.98,14.54,41.51,27.96,28.5,28.02,-1.55,-1.8,-7.58
357,40.62,48.87,1.51,3.25,-4.15,3.08,40.76,23.7,57.47,40.74,41.37,40.8,3.44,2.98,-4.19
358,29.88,32.09,17.39,18.27,14.97,18.15,30.14,24.3,34.51,30.27,30.19,30.06,17.8,17.18,15.13
359,38.36,42.45,17.0,18.32,13.38,18.15,38.65,28.95,46.84,38.78,38.85,38.6,17.87,17.17,13.5
360,29.35,31.54,16.89,17.76,14.53,17.62,29.64,23.76,33.96,29.79,29.68,29.55,17.31,16.73,14.65
361,26.29,27.64,17.52,18.28,15.7,18.12,26.61,22.3,29.23,64.06,26.56,26.49,17.72,17.17,15.85
362,28.87,30.91,16.94,17.81,14.65,17.64,29.15,23.48,33.21,62.53,29.19,29.05,17.27,16.72,14.79
363,26.25,27.62,17.5,18.28,15.63,18.13,26.48,22.27,29.23,26.61,26.49,26.44,17.75,17.15,15.78
364,33.12,36.81,17.25,18.3,14.36,18.15,33.38,26.05,39.23,33.53,33.5,33.34,17.82,17.18,14.48
365,38.19,42.73,18.14,19.44,14.68,19.25,38.49,29.31,46.06,94.92,38.65,38.42,18.9,18.18,14.8
366,31.5,35.07,16.29,17.39,13.68,17.21,31.76,24.72,37.36,31.81,31.86,31.69,16.8,16.17,13.78
367,29.78,31.86,17.6,18.74,15.58,18.48,30.07,24.26,34.16,30.13,30.1,29.95,17.81,17.19,15.69
368,31.4,33.99,16.79,18.09,14.48,17.81,31.68,24.86,36.86,31.77,31.74,31.61,17.18,16.52,14.57
369,29.88,32.15,16.73,17.93,14.56,17.64,30.15,23.98,34.7,30.26,30.21,30.08,17.06,16.44,14.66
370,29.01,30.97,17.24,18.36,15.19,18.08,29.27,23.69,33.21,29.37,29.31,29.2,17.51,16.88,15.32
371,29.13,31.01,17.65,18.81,15.67,18.53,29.41,23.97,33.17,29.5,29.44,29.34,17.92,17.24,15.8
372,30.51,31.47,22.64,23.99,21.33,23.58,30.85,26.81,32.68,120.98,30.78,30.74,22.53,21.74,21.48
373,34.79,34.53,31.52,33.06,30.78,32.54,35.2,32.96,34.53,123.94,34.98,35.08,31.01,29.95,31.01
374,30.96,31.12,26.56,27.97,25.83,27.48,31.32,28.66,31.48,104.32,31.15,31.21,26.15,25.3,25.96
375,50.92,51.73,41.14,43.45,39.63,42.68,51.52,46.08,52.92,348.57,51.31,51.32,40.66,39.3,39.83
376,30.96,32.7,19.81,21.14,18.07,20.76,31.27,25.84,34.69,354.5,31.27,31.18,19.93,19.19,18.18
377,29.92,29.81,26.62,27.94,26.01,27.51,30.3,28.16,29.9,121.06,30.12,30.17,26.24,25.34,26.14
378,29.89,29.59,27.17,28.35,26.4,27.97,30.27,28.4,29.56,151.1,30.08,30.13,26.84,25.93,26.56
379,28.76,28.46,26.35,27.33,25.4,27.04,29.15,27.43,28.44,115.88,28.94,29.02,26.14,25.27,25.56
380,28.84,28.5,26.25,27.31,25.4,26.94,29.24,27.39,28.45,115.9,29.03,29.11,25.96,25.08,25.56
381,29.89,29.59,27.04,28.27,26.35,27.83,30.33,28.32,29.5,100.49,30.11,30.16,26.65,25.75,26.52
382,30.79,32.21,20.95,22.22,19.33,21.87,31.14,26.29,33.87,100.4,31.09,31.04,21.06,20.28,19.41
383,29.89,29.64,27.09,28.3,26.4,27.88,30.33,28.35,29.56,66.18,30.08,30.16,26.73,25.83,26.54
384,133.75,132.65,122.17,126.98,118.61,125.5,135.48,127.47,132.4,136.59,134.62,134.99,121.07,117.01,119.1
385,140.51,139.35,128.61,133.4,124.6,131.72,142.32,133.79,139.09,143.36,141.42,141.81,127.31,123.18,125.12
386,124.3,123.28,114.33,118.34,110.31,117.19,125.92,119.03,123.28,126.82,125.1,125.34,113.64,109.63,110.89
387,301.42,299.18,276.67,287.22,267.77,283.61,304.75,288.05,298.92,307.24,303.09,303.92,274.73,265.27,268.89
388,192.19,190.78,175.72,182.81,170.41,180.15,194.51,182.98,190.6,195.56,193.43,193.79,173.96,168.29,171.3
389,97.84,97.13,88.58,92.81,86.6,91.28,99.11,92.81,96.95,99.56,98.48,98.65,87.41,84.35,86.96
390,84.46,83.69,76.69,80.12,74.91,78.87,85.63,80.19,83.69,86.18,85.01,85.24,75.77,73.2,75.22
391,29.86,19.8,27.39,28.4,26.56,28.04,30.27,28.49,29.56,30.47,30.05,30.14,27.14,26.26,26.62
392,29.86,19.77,27.25,28.32,26.51,27.94,30.3,28.43,29.5,30.41,30.05,30.13,26.98,26.1,26.59
393,29.83,19.8,27.2,28.32,26.48,27.94,30.24,28.43,29.53,30.38,30.03,30.11,26.95,26.01,26.59
394,53.14,52.75,48.58,50.5,47.22,49.86,53.83,50.69,52.65,54.07,53.48,53.58,48.14,46.53,47.36
395,29.89,29.67,27.25,28.38,26.53,27.96,30.3,28.43,29.59,30.41,30.08,30.14,26.94,26.09,26.64
396,84.38,83.76,76.84,80.19,74.98,78.86,85.63,80.19,83.61,85.79,84.92,85.17,75.91,73.57,75.28
397,29.86,29.59,27.11,28.32,26.48,27.83,30.3,28.29,29.5,30.33,30.05,30.13,26.76,25.93,26.59
398,29.86,29.59,27.22,28.35,26.53,27.94,30.27,28.4,29.48,30.3,30.05,30.14,26.95,26.1,26.62
399,29.86,29.61,27.27,28.38,26.53,27.99,30.27,28.46,29.51,30.3,30.05,30.11,27.05,26.15,26.64
400,44.62,44.25,40.68,42.36,39.65,41.78,45.24,42.44,44.13,45.28,44.91,44.99,40.26,38.99,39.81
401,44.62,44.29,40.68,42.36,39.61,41.78,45.24,42.44,44.17,45.32,44.91,44.99,40.22,38.95,39.81
402,35.99,35.69,32.71,34.17,31.92,33.64,36.45,34.17,35.59,36.65,36.19,36.29,32.31,31.32,32.08
403,28.68,28.45,25.89,27.15,25.36,26.68,29.08,27.15,28.34,53.94,28.87,28.95,25.52,24.73,25.52
404,27.82,27.64,25.21,26.33,24.64,25.93,28.23,26.39,27.54,53.91,28.02,28.08,24.85,24.08,24.8
405,28.71,28.5,26.01,27.23,25.43,26.83,29.08,27.26,28.47,53.94,28.9,28.95,25.72,24.9,25.59
406,31.26,31.03,28.33,29.65,27.72,29.19,31.67,29.68,31.06,53.95,31.43,31.52,27.98,27.12,27.87
407,35.68,35.48,32.45,33.87,31.7,33.34,36.17,33.93,35.45,53.95,35.94,35.97,32.06,31.07,31.86
408,31.26,31.06,28.41,29.71,27.75,29.27,31.7,29.76,31.06,53.98,31.46,31.55,28.12,27.2,27.86
409,28.84,28.63,26.21,27.41,25.6,27.03,29.24,27.49,28.66,53.94,29.03,29.11,26.0,25.15,25.7
410,28.71,28.5,26.11,27.31,25.48,26.88,29.08,27.33,28.5,53.94,28.89,28.95,25.85,25.03,25.59
411,28.71,28.5,26.01,27.28,25.46,26.81,29.11,27.26,28.47,29.4,28.9,28.97,25.7,24.9,25.59
412,27.82,27.64,25.26,26.39,24.64,25.97,28.23,26.44,27.62,62.73,28.03,28.05,24.95,24.18,24.8
413,27.85,27.64,25.28,26.51,24.74,26.05,28.23,26.46,27.64,62.73,28.02,28.1,25.02,24.25,24.84
414,26.83,26.63,24.13,25.54,23.91,24.97,27.2,25.39,26.66,59.99,27.0,27.08,23.79,23.02,23.99
415,25.05,26.27,16.71,18.05,15.76,17.59,25.37,21.25,27.66,59.9,25.32,25.26,16.72,16.12,15.8
416,24.04,23.88,21.55,22.86,21.44,22.33,24.41,22.73,23.86,24.64,24.21,24.26,21.18,20.49,21.51
417,23.31,24.22,16.62,17.82,15.83,17.4,23.62,20.23,25.26,23.78,23.52,23.5,16.57,16.01,15.88
418,22.79,22.66,20.48,21.67,20.31,21.19,23.14,21.57,22.64,23.33,22.94,23.0,20.14,19.51,20.39
419,22.05,21.93,19.85,20.97,19.63,20.52,22.41,20.91,21.88,22.58,22.21,22.27,19.57,18.94,19.71
420,22.05,21.95,19.8,20.91,19.59,20.49,22.41,20.87,21.9,22.56,22.21,22.27,19.51,18.88,19.67
421,22.07,22.35,18.2,19.32,17.76,18.91,22.4,20.2,22.71,22.53,22.26,22.27,18.0,17.42,17.86
422,22.07,22.35,18.2,19.32,17.76,18.91,22.4,20.2,22.71,22.53,22.26,22.27,18.0,17.42,17.86
423,22.07,22.35,18.2,19.32,17.76,18.91,22.4,20.2,22.71,22.53,22.26,22.27,18.0,17.42,17.86
424,20.35,20.87,15.79,16.8,15.21,16.45,20.65,18.22,21.45,20.73,20.54,20.54,15.69,15.18,15.29
425,18.91,19.11,15.84,16.79,15.5,16.43,19.21,17.43,19.34,19.27,19.07,19.1,15.68,15.18,15.58
426,20.31,20.2,18.29,19.3,18.07,18.91,20.67,19.3,20.14,20.74,20.46,20.52,18.08,17.52,18.14
427,20.35,20.24,18.49,19.35,18.06,19.03,20.69,19.43,20.2,20.84,20.5,20.56,18.36,17.8,18.15
428,20.35,20.24,18.38,19.32,18.03,18.94,20.69,19.35,20.18,71.19,20.5,20.55,18.19,17.65,18.12
429,20.35,21.71,12.32,13.28,11.12,12.98,20.62,16.78,23.14,59.86,20.6,20.53,12.51,12.08,11.17
430,18.96,19.1,15.84,16.81,15.47,16.44,19.25,17.49,19.34,63.07,19.11,19.14,15.69,15.18,15.53
431,18.98,19.12,15.8,16.76,15.43,16.41,19.29,17.49,19.35,63.06,19.13,19.16,15.66,15.16,15.49
432,18.92,19.07,15.8,16.76,15.4,16.41,19.23,17.47,19.31,62.44,19.07,19.1,15.68,15.18,15.48
433,17.31,17.19,15.55,16.41,15.32,16.09,17.62,16.45,17.12,59.88,17.46,17.51,15.37,14.88,15.4
434,17.3,17.17,15.55,16.39,15.29,16.07,17.6,16.44,17.11,59.9,17.43,17.47,15.37,14.89,15.39
435,17.53,17.82,14.16,15.0,13.66,14.7,17.81,15.98,18.16,53.85,17.68,17.7,14.11,13.66,13.75
436,17.56,17.91,13.89,14.73,13.33,14.43,17.83,15.88,18.33,53.85,17.73,17.72,13.87,13.41,13.42
437,17.56,17.91,13.89,14.73,13.33,14.42,17.82,15.88,18.34,53.86,17.71,17.72,13.86,13.41,13.42
438,20.34,21.52,12.93,13.92,11.87,13.6,20.6,17.04,22.79,53.85,20.57,20.52,13.08,12.63,11.93
439,22.59,28.86,-5.75,-4.76,-10.06,-4.8,22.61,10.39,35.31,62.03,23.13,22.69,-4.22,-4.34,-10.11
440,20.36,22.9,7.4,8.36,5.47,8.13,20.54,14.71,25.56,62.27,20.66,20.51,7.92,7.58,5.52
441,17.4,18.58,10.29,11.16,9.28,10.89,17.62,14.26,19.84,62.32,17.61,17.55,10.47,10.09,9.36
442,11.78,11.68,10.54,11.14,10.4,10.9,11.97,11.16,11.62,62.34,11.86,11.89,10.4,10.1,10.48
443,11.73,11.63,10.53,11.1,10.37,10.89,11.92,11.14,11.57,53.83,11.81,11.84,10.42,10.1,10.44
444,11.68,11.59,10.52,11.07,10.32,10.87,11.87,11.12,11.54,62.34,11.76,11.8,10.43,10.11,10.4
445,11.73,11.64,10.52,11.1,10.37,10.88,11.91,11.13,11.59,59.84,11.8,11.83,10.41,10.1,10.44
446,11.69,11.62,10.52,11.09,10.36,10.88,11.89,11.13,11.56,59.69,11.78,11.81,10.42,10.1,10.43
447,14.68,14.58,13.16,13.91,13.01,13.64,14.92,13.95,14.51,15.08,14.78,14.82,13.03,12.64,13.08
448,18.06,19.92,12.72,13.62,11.99,13.33,18.29,15.68,19.6,18.44,18.22,18.21,12.79,12.36,12.06
449,11.63,12.7,10.49,11.04,10.32,10.86,11.81,11.11,11.52,11.95,11.72,11.75,10.43,10.1,10.39
450,20.42,21.4,18.42,19.36,18.08,19.04,20.72,19.49,20.21,59.9,20.55,20.61,18.33,17.75,18.2
451,20.4,19.94,18.48,19.37,18.01,19.08,20.74,19.57,20.17,57.09,20.55,20.6,18.46,17.86,18.14
452,20.4,19.94,18.45,19.35,18.01,19.08,20.74,19.57,20.17,56.55,20.55,20.6,18.43,17.81,18.14
453,20.4,19.97,18.44,19.4,18.12,19.12,20.74,19.57,20.21,56.55,20.55,20.6,18.4,17.8,18.23
454,20.42,20.28,18.46,19.42,18.14,19.12,20.74,19.57,20.25,56.53,20.57,20.62,18.4,17.8,18.23
455,20.4,20.28,18.44,19.42,18.17,19.1,20.74,19.55,20.25,56.55,20.55,20.61,18.38,17.8,18.25
456,20.42,20.3,18.51,19.43,18.17,19.11,20.74,19.57,20.27,56.53,20.57,20.62,18.45,17.91,18.26
457,20.4,20.3,18.3,19.24,17.95,18.88,20.74,19.43,20.28,56.53,20.55,20.61,18.21,17.69,18.05
458,20.2,20.05,18.3,19.2,17.95,18.88,20.52,19.35,20.02,56.51,20.33,20.39,18.25,17.69,18.04
459,20.18,20.01,18.28,19.17,17.93,18.88,20.5,19.32,19.97,56.51,20.31,20.37,18.24,17.69,18.02
460,20.14,19.95,18.26,19.13,17.87,18.84,20.47,19.3,19.93,55.93,20.29,20.34,18.24,17.69,17.97
461,18.31,18.14,16.58,17.38,16.24,17.1,18.62,17.54,18.11,56.49,18.43,18.5,16.52,16.02,16.32
462,20.44,20.3,18.47,19.44,18.17,19.1,20.74,19.53,20.29,57.07,20.57,20.62,18.38,17.81,18.28
463,20.31,20.16,18.33,19.3,18.04,18.94,20.61,19.37,20.14,56.51,20.45,20.5,18.21,17.67,18.16
464,20.32,20.19,18.35,19.32,18.06,18.97,20.62,19.42,20.19,59.13,20.45,20.5,18.23,17.69,18.18
465,20.27,20.12,18.32,19.28,18.04,18.94,20.57,19.37,20.14,56.51,20.4,20.46,18.21,17.69,18.14
466,20.31,20.16,18.31,19.3,18.06,18.94,20.61,19.39,20.16,56.51,20.45,20.5,18.21,17.67,18.16
467,18.26,18.11,16.49,17.35,16.22,17.05,18.53,17.44,18.11,56.5,18.38,18.41,16.41,15.93,16.32
468,18.23,18.11,16.48,17.32,16.22,17.01,18.5,17.42,18.11,56.49,18.35,18.4,16.39,15.92,16.31
469,18.24,18.11,16.48,17.32,16.21,17.01,18.5,17.4,18.11,56.47,18.36,18.4,16.37,15.9,16.31
470,18.23,18.11,16.46,17.3,16.19,17.0,18.5,17.4,18.09,56.48,18.35,18.38,16.36,15.89,16.28
471,18.19,18.08,16.43,17.28,16.18,16.98,18.46,17.37,18.08,56.49,18.31,18.34,16.34,15.87,16.28
472,17.36,17.25,15.69,16.49,15.43,16.2,17.6,16.57,17.25,56.47,17.47,17.5,15.59,15.14,15.53
473,17.32,17.23,15.67,16.49,15.42,16.2,17.58,16.57,17.23,56.47,17.44,17.48,15.61,15.14,15.5
474,19.3,19.18,17.45,18.36,17.16,18.04,19.59,18.45,19.18,56.52,19.43,19.46,17.36,16.86,17.25
475,20.29,20.14,18.33,19.3,18.08,18.96,20.6,19.39,20.14,56.53,20.43,20.46,18.23,17.69,18.16
476,20.21,20.06,18.29,19.26,18.02,18.92,20.53,19.35,20.08,56.51,20.34,20.4,18.21,17.67,18.1
477,20.23,20.1,18.3,19.28,18.04,18.92,20.53,19.35,20.12,56.51,20.36,20.4,18.23,17.69,18.12
478,20.4,20.29,18.32,19.34,18.09,18.96,20.7,19.46,20.32,56.51,20.51,20.55,18.23,17.69,18.16
479,20.3,20.19,18.33,19.34,18.12,18.97,20.62,19.4,20.2,56.51,20.43,20.47,18.21,17.67,18.18
480,20.32,20.19,18.33,19.34,18.1,18.97,20.62,19.4,20.19,56.51,20.45,20.49,18.23,17.69,18.18
481,19.28,19.16,17.41,18.37,17.21,18.04,19.59,18.45,19.18,56.5,19.41,19.45,17.34,16.82,17.27
482,17.36,17.27,15.69,16.53,15.5,16.22,17.62,16.59,17.27,66.81,17.47,17.51,15.61,15.15,15.55
483,17.34,17.23,15.69,16.52,15.47,16.22,17.62,16.6,17.25,56.47,17.45,17.49,15.63,15.14,15.53
484,19.3,19.18,17.46,18.39,17.21,18.07,19.61,18.5,19.2,56.52,19.43,19.46,17.41,16.87,17.28
485,19.29,19.16,17.46,18.39,17.23,18.07,19.59,18.48,19.18,55.97,19.43,19.46,17.41,16.87,17.28
486,17.3,17.19,15.67,16.49,15.43,16.22,17.58,16.58,17.21,57.02,17.42,17.45,15.62,15.16,15.5
487,20.36,20.89,15.58,16.58,14.93,16.25,20.65,18.25,21.58,56.48,20.53,20.53,15.65,15.14,14.99
488,20.36,20.92,15.56,16.53,14.87,16.2,20.65,18.25,21.61,56.46,20.55,20.53,15.65,15.16,14.93
489,20.36,20.88,15.6,16.62,14.98,16.27,20.66,18.27,21.56,56.47,20.53,20.53,15.65,15.16,15.05
490,17.42,17.29,15.71,16.58,15.52,16.27,17.7,16.67,17.3,56.47,17.53,17.57,15.64,15.15,15.58
491,17.34,17.23,15.67,16.52,15.47,16.24,17.63,16.6,17.25,53.88,17.45,17.5,15.63,15.14,15.53
492,17.32,17.2,15.69,16.51,15.46,16.22,17.6,16.59,17.23,56.47,17.44,17.47,15.63,15.16,15.53
493,17.31,17.18,15.69,16.52,15.48,16.22,17.58,16.6,17.21,56.47,17.42,17.47,15.64,15.16,15.53
494,17.3,17.17,15.7,16.52,15.47,16.21,17.57,16.59,17.2,56.47,17.41,17.44,15.67,15.19,15.52
495,17.38,17.25,15.71,16.58,15.53,16.25,17.65,16.64,17.27,56.47,17.49,17.52,15.64,15.16,15.58
496,20.3,20.17,18.33,19.34,18.14,18.97,20.62,19.4,20.19,56.51,20.43,20.47,18.23,17.69,18.2
497,20.26,20.12,18.33,19.32,18.12,18.96,20.58,19.39,20.14,56.51,20.39,20.45,18.25,17.69,18.17
498,20.43,20.32,18.45,19.49,18.29,19.13,20.7,19.53,20.34,56.54,20.55,20.59,18.33,17.76,18.35
499,20.31,20.22,18.37,19.41,18.22,19.07,20.57,19.44,20.25,57.06,20.42,20.46,18.25,17.69,18.27
500,20.43,21.03,15.59,16.6,15.01,16.24,20.67,18.24,21.76,57.0,20.59,20.58,15.61,15.14,15.05
501,20.42,20.36,18.32,19.3,18.1,18.93,20.68,19.42,20.44,57.03,20.53,20.57,18.2,17.67,18.16
502,20.43,20.41,18.27,19.24,18.0,18.88,20.7,19.44,20.53,57.05,20.55,20.57,18.21,17.67,18.06
503,20.43,21.05,15.57,16.55,14.9,16.21,20.67,18.26,21.79,56.48,20.59,20.58,15.63,15.14,14.96
504,20.45,21.06,15.57,16.57,14.9,16.25,20.68,18.31,21.8,56.47,20.61,20.58,15.67,15.16,14.96
505,20.45,20.42,18.31,19.3,18.01,18.94,20.72,19.46,20.49,56.51,20.57,20.58,18.23,17.67,18.11
506,20.43,21.04,15.59,16.6,14.93,16.25,20.67,18.28,21.76,56.47,20.59,20.58,15.65,15.16,15.0
507,20.45,20.41,18.33,19.32,18.05,18.96,20.7,19.47,20.5,56.51,20.57,20.58,18.25,17.69,18.13
508,20.45,20.41,18.34,19.34,18.1,18.98,20.7,19.48,20.47,56.51,20.57,20.58,18.23,17.67,18.15
509,23.58,24.24,18.22,19.43,17.6,19.02,23.84,21.2,25.01,56.49,23.76,23.73,18.28,17.67,17.63
510,17.24,17.17,15.65,16.42,15.39,16.13,17.48,16.5,17.19,56.47,17.35,17.36,15.61,15.14,15.44
511,17.47,17.42,15.68,16.51,15.47,16.19,17.72,16.63,17.49,56.47,17.58,17.6,15.61,15.14,15.5
512,17.96,18.01,15.68,16.52,15.43,16.18,18.22,16.89,18.18,56.46,18.09,18.11,15.62,15.14,15.43
513,18.21,18.11,16.51,17.39,16.36,17.05,18.48,17.44,18.13,56.49,18.33,18.36,16.46,15.93,16.36
514,20.28,20.16,18.34,19.34,18.17,18.96,20.58,19.39,20.18,57.07,20.41,20.43,18.29,17.69,18.17
515,20.42,20.35,18.34,19.36,18.2,18.98,20.7,19.45,20.4,57.05,20.53,20.57,18.27,17.69,18.19
516,20.44,20.38,18.36,19.36,18.2,18.96,20.7,19.46,20.41,57.05,20.57,20.59,18.25,17.69,18.18
517,20.45,20.38,18.38,19.42,18.25,19.01,20.72,19.49,20.38,57.05,20.59,20.63,18.27,17.69,18.25
518,20.15,20.06,18.34,19.27,18.12,18.9,20.41,19.31,20.06,57.05,20.28,20.3,18.27,17.69,18.12
519,22.23,22.53,18.37,19.55,18.08,19.11,22.51,20.48,22.89,57.05,22.38,22.39,18.31,17.69,18.06
520,22.23,22.55,18.37,19.56,18.07,19.15,22.49,20.51,22.94,60.47,22.38,22.39,18.33,17.69,18.03
521,23.54,24.21,18.24,19.38,17.6,19.0,23.8,21.18,24.94,57.04,23.74,23.71,18.3,17.68,17.6
522,17.35,17.32,15.23,16.09,15.05,15.78,17.61,16.38,17.35,17.82,17.48,17.51,15.14,14.65,15.06
523,21.2,21.04,18.98,20.11,18.92,19.72,21.57,20.22,20.92,49.16,21.37,21.41,18.86,18.19,18.92
524,20.98,20.84,18.93,19.99,18.75,19.66,21.29,20.11,20.76,21.52,21.11,21.17,18.91,18.19,18.75
525,20.4,20.25,18.46,19.44,18.2,19.14,20.7,19.59,20.19,20.87,20.53,20.59,18.5,17.79,18.18
526,20.95,20.86,18.95,19.99,18.72,19.64,21.26,20.09,20.8,21.46,21.09,21.15,18.91,18.21,18.7
527,26.05,27.25,18.09,19.38,17.01,18.98,26.36,22.58,28.52,26.57,26.3,26.27,18.33,17.63,16.99
528,27.09,29.19,15.28,16.58,13.6,16.23,27.36,21.95,31.4,27.55,27.4,27.3,15.82,15.12,13.56
529,29.16,31.49,16.14,17.53,14.29,17.17,29.42,23.5,33.93,29.65,29.48,29.37,16.76,15.98,14.26
530,26.04,25.91,23.4,24.84,23.23,24.34,26.39,24.86,25.82,26.66,26.2,26.28,24.55,21.81,23.19
531,23.32,24.23,16.8,18.04,16.0,17.63,23.62,20.46,25.18,23.73,23.54,23.52,17.04,16.31,15.97
532,22.15,22.32,18.82,20.0,18.48,19.6,22.49,20.7,22.5,22.62,22.33,22.37,18.91,18.12,18.46
533,20.4,20.29,18.47,19.48,18.19,19.12,20.72,19.54,20.17,20.81,20.53,20.59,18.53,17.77,18.17
534,20.38,20.23,18.42,19.43,18.06,19.07,20.72,19.54,20.1,20.79,20.53,20.59,19.45,17.19,18.08
535,27.03,26.96,24.72,25.81,23.9,25.47,27.4,26.09,26.66,27.55,27.2,27.28,27.52,22.46,23.98
536,26.04,25.99,23.86,24.89,23.16,24.53,26.39,25.13,25.7,26.56,26.2,26.28,26.43,21.75,23.19
537,26.01,25.97,23.65,24.84,23.22,24.36,26.39,24.96,25.68,26.54,26.18,26.25,26.06,21.53,23.19
538,29.02,29.04,26.43,27.74,25.92,27.23,29.42,27.87,28.67,29.61,29.21,29.29,29.57,23.79,25.9
539,27.0,27.04,24.75,25.79,24.0,25.37,27.4,25.99,26.65,27.55,27.17,27.25,26.63,23.01,23.98
540,29.14,29.13,26.76,27.85,25.95,27.45,29.54,28.15,28.82,29.75,29.32,29.38,30.18,24.17,25.9
541,29.07,28.85,26.59,27.76,25.87,27.31,29.47,27.97,28.72,29.68,29.25,29.33,29.87,23.99,25.84
542,29.11,28.92,26.63,27.8,25.88,27.32,29.54,27.99,28.76,29.8,29.3,29.38,28.96,24.53,25.88
543,29.81,29.59,27.29,28.47,26.5,27.98,30.22,28.66,29.45,30.52,30.0,30.08,29.8,25.08,26.5
544,29.88,29.69,27.41,28.56,26.59,28.1,30.29,28.76,29.58,56.8,30.07,30.16,30.88,49.68,26.59
545,30.68,30.43,28.15,29.33,27.3,28.85,31.07,29.53,30.32,56.81,30.88,30.93,31.81,50.26,27.25
546,29.37,29.13,26.6,27.97,26.07,27.41,29.83,28.05,28.97,56.76,29.58,29.64,27.86,49.94,26.04
547,26.96,28.4,19.66,20.97,18.48,20.52,27.36,23.77,28.9,55.83,27.22,27.21,20.04,19.12,18.48
548,30.57,33.36,17.51,18.89,15.4,18.53,30.92,24.89,35.29,55.76,30.95,30.83,18.22,17.33,15.4
549,23.21,23.51,20.82,22.0,20.56,21.54,23.63,22.11,22.85,23.7,23.4,23.44,20.85,19.94,20.56
550,24.03,23.77,21.6,22.85,21.22,22.39,24.47,22.96,23.61,24.51,24.21,24.27,22.16,20.51,21.25
551,23.21,22.96,20.84,22.07,20.5,21.6,23.63,22.15,22.81,23.66,23.4,23.47,21.16,19.88,20.52
552,24.07,23.83,21.68,22.93,21.3,22.45,24.47,23.0,23.68,24.53,24.25,24.31,22.2,20.54,21.3
553,24.07,23.83,21.69,22.95,21.32,22.47,24.47,23.02,23.72,24.55,24.25,24.31,21.97,20.71,21.32
554,26.93,26.68,24.29,25.62,23.87,25.08,27.4,25.72,26.54,27.49,27.15,27.2,25.12,22.81,23.87
555,25.99,25.75,23.56,24.84,23.11,24.35,26.39,24.89,25.63,26.49,26.18,26.25,24.32,22.25,23.06
556,26.95,26.73,24.46,25.72,23.94,25.2,27.4,25.82,26.58,27.47,27.15,27.2,25.42,22.99,23.94
557,25.94,25.75,23.35,24.75,23.09,24.16,26.39,24.7,25.61,26.44,26.15,26.2,23.23,22.3,23.06
558,25.94,25.75,23.28,24.75,23.07,24.14,26.42,24.71,25.59,26.58,26.15,26.2,23.16,22.21,23.04
559,24.71,24.5,22.2,23.53,21.9,22.96,25.16,23.53,24.35,25.32,24.91,24.96,22.11,21.22,21.93
560,24.5,24.28,22.12,23.38,21.74,22.86,24.95,23.42,24.12,25.08,24.7,24.75,22.08,21.2,21.76
561,25.94,25.73,23.35,24.73,23.02,24.16,26.42,24.73,25.54,56.7,26.15,26.2,23.21,22.33,23.04
562,26.7,26.5,24.15,25.52,23.73,24.96,27.16,25.52,26.33,56.69,26.92,26.97,24.05,23.1,23.76
563,28.69,28.45,25.95,27.42,25.5,26.85,29.19,27.45,28.27,29.42,28.93,28.98,25.87,24.85,25.53
564,28.99,28.78,26.28,27.74,25.77,27.15,29.49,27.79,28.56,29.73,29.23,29.28,26.25,25.18,25.77
565,29.06,28.79,26.31,27.78,25.83,27.19,29.54,27.83,28.58,29.77,29.3,29.32,26.29,25.22,25.83
566,26.9,26.68,24.31,25.7,23.9,25.13,27.4,25.7,26.46,27.57,27.13,27.18,24.22,23.26,23.92
567,26.91,26.68,24.39,25.75,23.92,25.18,27.4,25.75,26.49,27.57,27.13,27.18,24.29,23.35,23.94
568,25.96,25.73,23.54,24.8,23.04,24.3,26.44,24.84,25.51,26.61,26.18,26.23,23.47,22.54,23.06
569,29.1,28.86,26.43,27.82,25.84,27.26,29.58,27.87,28.7,29.79,29.34,29.39,26.35,25.31,25.87
570,27.7,27.52,25.08,26.53,24.67,25.94,28.13,26.48,27.36,28.31,27.9,27.95,24.98,23.98,24.67
571,26.73,26.74,24.03,25.55,23.81,24.89,27.17,25.43,26.44,27.37,26.95,26.98,23.84,22.9,23.81
572,27.65,27.62,24.86,26.4,24.58,25.72,28.1,26.25,27.34,28.28,27.85,27.9,24.63,23.69,24.58
573,27.64,27.67,25.05,26.47,24.65,25.87,28.1,26.37,27.41,57.32,27.87,27.92,24.9,23.93,24.65
574,27.67,27.57,25.08,26.5,24.67,25.89,28.1,26.4,27.44,57.32,27.87,27.93,24.92,23.98,24.67
575,27.74,27.62,25.15,26.55,24.69,25.96,28.2,26.47,27.49,65.54,27.95,28.0,25.02,24.03,24.69
576,27.74,27.59,25.15,26.57,24.69,25.96,28.23,26.5,27.47,59.92,27.98,28.02,25.02,24.03,24.69
577,27.74,27.59,25.17,26.55,24.66,25.99,28.2,26.52,27.47,59.92,27.95,28.0,25.1,24.08,24.69
578,27.74,27.61,25.17,26.57,24.68,26.01,28.2,26.52,27.49,59.92,27.97,28.02,25.04,24.05,24.71
579,27.74,27.59,25.22,26.6,24.71,26.01,28.2,26.52,27.46,62.23,27.97,28.02,25.09,24.1,24.71
580,27.64,27.47,25.05,26.45,24.6,25.89,28.13,26.4,27.34,57.32,27.87,27.92,24.93,23.94,24.6
581,27.62,27.44,25.03,26.43,24.58,25.87,28.1,26.38,27.29,53.11,27.85,27.9,24.93,23.94,24.6
582,26.73,26.56,24.2,25.6,23.81,24.99,27.22,25.53,26.39,65.5,26.95,27.0,24.11,23.13,23.76
583,26.63,26.46,24.24,25.53,23.75,24.97,27.1,25.48,26.29,68.43,26.83,26.88,24.19,23.23,23.7
584,26.68,26.49,24.21,25.53,23.74,24.94,27.12,25.48,26.31,77.02,26.88,26.93,24.11,23.18,23.72
585,26.78,26.58,24.22,25.65,23.81,25.06,27.2,25.57,26.43,62.28,26.98,27.02,24.1,23.12,23.81
586,26.75,26.58,24.22,25.65,23.83,25.03,27.2,25.55,26.43,62.31,26.98,27.0,24.1,23.14,23.83
587,26.75,26.58,24.32,25.67,23.85,25.11,27.19,25.62,26.48,62.29,26.97,27.0,24.24,23.28,23.83
588,26.75,26.58,24.27,25.65,23.83,25.06,27.2,25.57,26.46,62.26,26.98,27.0,24.17,23.19,23.83
589,26.75,26.56,24.32,25.65,23.83,25.06,27.2,25.57,26.43,62.23,26.95,27.0,24.22,23.26,23.81
590,26.68,26.49,24.19,25.53,23.72,24.97,27.1,25.48,26.34,62.27,26.88,26.93,24.09,23.13,23.72
591,25.57,25.38,23.22,24.49,22.77,23.95,25.99,24.44,25.26,62.5,25.78,25.8,23.13,22.23,22.77
592,25.62,25.43,23.22,24.51,22.78,23.95,26.04,24.47,25.31,65.44,25.81,25.86,23.13,22.21,22.8
593,25.54,25.38,23.17,24.44,22.73,23.88,25.99,24.42,25.24,65.46,25.75,25.8,23.1,22.23,22.73
594,24.02,23.87,21.82,22.98,21.37,22.48,24.44,23.01,23.73,62.74,24.22,24.26,21.77,20.93,21.37
595,23.14,25.26,20.86,22.06,20.54,21.51,23.57,22.02,22.85,59.85,23.34,23.38,20.69,19.94,20.54
596,23.21,25.36,20.91,22.17,20.64,21.55,23.65,22.06,22.95,62.83,23.42,23.46,20.68,19.95,20.64
597,23.1,25.26,20.9,22.09,20.54,21.51,23.53,22.02,22.85,62.88,23.31,23.36,20.73,19.99,20.54
598,23.08,25.6,20.88,22.06,20.54,21.49,23.53,22.02,22.83,62.91,23.29,23.34,20.71,19.97,20.52
599,23.1,25.63,20.9,22.09,20.56,21.56,23.55,22.06,22.85,62.93,23.31,23.36,20.77,20.01,20.54
600,23.12,25.63,20.88,22.09,20.56,21.51,23.57,22.04,22.87,62.92,23.34,23.38,20.71,19.97,20.54
601,23.1,25.13,20.84,22.04,20.54,21.47,23.53,22.0,22.87,62.96,23.29,23.36,20.65,19.93,20.52
602,23.06,25.08,20.78,21.98,20.48,21.45,23.48,21.96,22.85,62.97,23.25,23.31,20.61,19.87,20.48
603,23.08,25.1,20.84,22.02,20.5,21.49,23.5,22.0,22.85,62.94,23.27,23.33,20.67,19.93,20.5
604,22.94,25.42,20.75,21.88,20.41,21.38,23.38,21.9,22.72,62.97,23.14,23.21,20.6,19.84,20.39
605,22.36,24.85,20.17,21.32,19.88,20.78,22.79,21.29,22.16,63.04,22.57,22.63,19.98,19.29,19.86
606,22.37,24.85,20.1,21.27,19.81,20.72,22.78,21.25,22.14,63.02,22.57,22.61,19.88,19.2,19.81
607,22.68,27.15,20.51,21.66,20.16,21.14,23.09,21.66,22.45,53.92,22.89,22.93,20.37,19.64,20.16
608,22.96,27.4,20.76,21.92,20.47,21.4,23.38,21.92,22.68,60.18,23.14,23.21,20.62,19.88,20.43
609,23.06,27.5,20.8,22.02,20.58,21.47,23.48,22.02,22.78,57.06,23.27,23.31,20.65,19.89,20.52
610,23.12,27.57,20.83,22.06,20.62,21.51,23.55,22.06,22.83,57.11,23.34,23.38,20.69,19.92,20.56
611,23.15,27.6,20.88,22.09,20.64,21.53,23.57,22.09,22.85,59.88,23.36,23.4,20.71,19.96,20.58
612,23.13,27.57,20.9,22.09,20.62,21.55,23.57,22.13,22.83,62.89,23.36,23.4,20.77,19.98,20.58
613,23.12,27.67,20.83,22.06,20.6,21.51,23.57,22.09,22.81,65.41,23.34,23.4,20.71,19.92,20.56
614,23.14,27.67,20.81,22.04,20.62,21.51,23.57,22.09,22.81,65.43,23.36,23.4,20.69,19.9,20.56
615,23.04,27.63,20.71,21.94,20.55,21.39,23.48,21.96,22.76,67.88,23.25,23.31,20.55,19.81,20.48
616,22.93,26.54,20.66,21.84,20.43,21.31,23.37,21.9,22.66,71.68,23.14,23.19,20.54,19.76,20.39
617,23.04,26.65,20.76,21.94,20.53,21.41,23.48,21.98,22.76,66.06,23.25,23.31,20.61,19.85,20.48
618,23.51,27.09,21.14,22.37,20.93,21.83,23.96,22.43,23.21,62.88,23.72,23.79,21.01,20.21,20.88
619,23.96,24.3,21.46,22.78,21.29,22.21,24.42,22.82,23.59,60.53,24.18,24.25,21.29,20.5,21.24
620,23.62,23.97,21.16,22.48,20.95,21.92,24.08,22.5,23.26,62.86,23.82,23.9,21.01,20.22,20.91
621,23.21,23.56,20.83,22.09,20.56,21.56,23.63,22.11,22.85,62.96,23.4,23.49,20.71,19.94,20.54
622,23.23,23.16,20.88,22.11,20.58,21.6,23.65,22.17,22.87,62.93,23.42,23.51,20.79,20.01,20.56
623,23.4,23.33,21.09,22.27,20.75,21.8,23.83,22.35,23.06,59.92,23.59,23.68,21.01,20.21,20.73
624,23.7,23.63,21.19,22.51,20.97,21.95,24.13,22.53,23.33,57.16,23.89,23.98,21.02,20.24,20.95
625,23.6,23.75,21.16,22.44,20.91,21.92,24.03,22.48,23.23,62.86,23.79,23.88,21.01,20.24,20.88
626,23.21,23.39,20.81,22.06,20.56,21.51,23.63,22.09,22.87,62.91,23.4,23.49,20.67,19.9,20.54
627,23.23,23.39,20.86,22.11,20.6,21.58,23.66,22.15,22.87,62.93,23.42,23.49,20.75,19.96,20.56
628,23.23,23.04,20.87,22.13,20.62,21.62,23.66,22.17,22.89,62.9,23.42,23.51,20.79,19.98,20.58
629,23.21,23.02,20.86,22.11,20.6,21.55,23.66,22.11,22.89,62.91,23.4,23.49,20.71,19.94,20.58
630,23.21,23.02,20.82,22.07,20.54,21.56,23.66,22.13,22.89,62.88,23.42,23.49,20.67,19.9,20.54
631,23.59,23.94,21.14,22.39,20.86,21.89,24.02,22.47,23.23,62.81,23.79,23.85,20.99,20.21,20.86
632,23.58,23.96,21.14,22.35,20.84,21.85,24.03,22.48,23.25,62.89,23.79,23.86,20.97,20.19,20.88
633,23.65,24.01,21.19,22.46,20.91,21.94,24.08,22.53,23.33,62.88,23.87,23.93,21.02,20.22,20.93
634,23.43,23.64,21.12,22.25,20.75,21.78,23.88,22.38,23.09,62.89,23.64,23.69,20.96,20.22,20.77
635,23.21,23.42,20.83,22.04,20.6,21.53,23.63,22.09,22.89,62.93,23.42,23.49,20.62,19.9,20.58
636,23.19,23.4,20.85,22.02,20.6,21.51,23.61,22.11,22.87,62.97,23.38,23.44,20.66,19.92,20.58
637,23.17,23.97,20.83,22.04,20.6,21.51,23.57,22.06,22.89,65.43,23.36,23.42,20.67,19.94,20.56
638,23.6,24.38,21.16,22.46,20.97,21.9,24.01,22.46,23.3,57.22,23.8,23.86,20.95,20.22,20.93
639,24.0,24.78,21.5,22.79,21.33,22.22,24.42,22.84,23.67,65.44,24.2,24.24,21.26,20.49,21.28
640,24.86,25.6,22.27,23.59,22.07,23.02,25.3,23.64,24.55,59.88,25.07,25.11,22.02,21.23,22.05
641,23.98,24.72,21.42,22.71,21.2,22.21,24.4,22.76,23.68,57.22,24.16,24.25,21.18,20.39,21.2
642,24.83,25.59,22.27,23.52,21.93,23.04,25.28,23.63,24.56,53.87,25.04,25.13,22.04,21.25,21.95
643,26.64,27.83,23.86,25.25,23.52,24.76,27.1,25.39,26.34,61.78,26.85,26.93,23.67,22.77,23.54
644,26.73,27.91,23.97,25.36,23.66,24.88,27.17,25.51,26.46,61.68,26.93,27.03,23.78,22.85,23.63
645,26.76,27.96,23.95,25.39,23.7,24.82,27.2,25.44,26.49,61.65,26.95,27.05,23.65,22.8,23.68
646,27.65,27.68,24.69,26.21,24.44,25.6,28.1,26.24,27.34,61.52,27.85,27.93,24.37,23.51,24.44
647,27.77,27.83,24.9,26.4,24.62,25.82,28.2,26.43,27.49,61.5,27.98,28.05,24.6,23.71,24.6
648,27.75,27.81,24.86,26.35,24.6,25.77,28.2,26.35,27.49,61.5,27.95,28.02,24.53,23.66,24.58
649,27.74,27.57,24.92,26.42,24.67,25.87,28.2,26.45,27.57,61.85,27.97,28.05,24.65,23.73,24.62
650,28.44,28.26,25.68,27.14,25.34,26.59,28.91,27.19,28.26,62.01,28.65,28.73,25.44,24.5,25.26
651,27.64,27.44,24.89,26.33,24.58,25.8,28.12,26.4,27.42,62.15,27.87,27.95,24.63,23.7,24.51
652,29.86,29.64,26.91,28.47,26.58,27.86,30.35,28.49,29.67,63.24,30.08,30.19,26.61,25.62,26.5
653,29.86,29.64,26.88,28.49,26.55,27.86,30.33,28.44,29.67,63.24,30.08,30.16,26.55,25.59,26.5
654,27.64,27.44,24.81,26.35,24.58,25.75,28.1,26.28,27.39,62.31,27.85,27.92,24.48,23.57,24.53
655,27.6,29.59,24.56,26.23,24.48,25.55,28.07,26.09,27.31,62.29,27.82,27.9,24.11,23.23,24.41
656,27.73,29.99,23.54,25.25,23.38,24.58,28.19,25.72,28.01,62.26,27.97,28.03,23.12,22.29,23.28
657,27.77,29.75,24.75,26.43,24.68,25.79,28.23,26.33,27.49,62.32,27.98,28.05,24.35,23.41,24.6
658,29.89,29.64,26.66,28.47,26.58,27.75,30.35,28.27,29.64,64.9,30.11,30.19,26.17,25.22,26.5
659,29.92,29.73,26.85,28.61,26.74,27.87,30.42,28.36,29.73,64.83,30.17,30.25,26.36,25.43,26.63
660,30.88,30.65,27.79,29.52,27.62,28.75,31.36,29.23,30.59,66.16,31.1,31.19,27.25,26.35,27.48
661,29.89,29.67,27.01,28.65,26.82,27.91,30.39,28.38,29.64,66.18,30.11,30.19,26.54,25.63,26.65
662,44.59,44.26,40.33,42.74,40.0,41.6,45.28,42.26,44.22,81.97,44.92,45.04,39.63,38.32,39.8
663,46.88,46.54,42.41,44.9,41.93,43.69,47.61,44.47,46.45,84.01,47.27,47.35,41.63,40.3,41.72
664,100.45,99.71,91.41,96.29,90.02,93.9,101.83,95.47,99.62,133.57,101.18,101.37,90.02,87.17,89.47
665,73.28,72.74,66.49,70.18,65.48,68.37,74.35,69.58,72.61,109.51,73.82,73.95,65.48,63.33,65.21
666,27.44,27.21,24.55,26.16,24.43,25.38,27.89,25.86,27.16,65.69,27.64,27.71,24.03,23.25,24.33
667,29.7,36.0,22.2,23.86,21.38,23.15,30.11,26.15,31.57,65.64,29.98,29.98,21.98,21.22,21.31
668,29.71,36.35,21.04,22.53,19.9,21.91,30.1,25.67,32.28,66.09,30.03,29.98,20.92,20.21,19.82
669,29.71,36.06,22.16,23.69,21.23,23.04,30.11,26.12,31.69,65.63,29.99,29.98,21.95,21.22,21.17
670,27.77,32.57,24.52,26.14,24.43,25.41,28.22,26.03,27.59,62.31,28.0,28.05,24.03,23.2,24.33
671,27.6,32.33,24.56,26.14,24.45,25.41,28.1,25.97,27.27,64.98,27.82,27.9,24.06,23.23,24.37
672,27.41,32.15,24.53,26.03,24.35,25.33,27.88,25.83,27.08,64.97,27.63,27.68,24.05,23.25,24.28
673,26.75,29.9,24.02,25.44,23.8,24.77,27.22,25.29,26.46,64.96,26.98,27.05,23.6,22.84,23.7
674,26.78,29.92,24.11,25.48,23.84,24.84,27.19,25.31,26.51,64.96,26.97,27.05,23.69,22.91,23.77
675,27.24,30.37,24.47,25.94,24.25,25.27,27.68,25.74,26.96,64.95,27.46,27.53,24.05,23.25,24.17
676,27.24,30.66,24.49,25.94,24.25,25.27,27.68,25.74,26.96,62.41,27.46,27.51,24.05,23.25,24.17
677,26.78,30.23,24.18,25.53,23.86,24.92,27.2,25.36,26.51,62.5,27.0,27.05,23.81,23.03,23.76
678,27.67,31.12,24.81,26.33,24.64,25.62,28.1,26.1,27.39,62.25,27.87,27.95,24.33,23.54,24.56
679,27.15,33.93,24.44,25.89,24.2,25.19,27.6,25.66,26.88,62.34,27.38,27.45,24.02,23.22,24.09
680,26.87,33.62,24.36,25.64,23.94,25.04,27.29,25.51,26.6,62.36,27.09,27.14,24.06,23.25,23.86
681,26.98,33.73,24.38,25.72,24.01,25.1,27.4,25.59,26.68,61.67,27.2,27.25,24.06,23.25,23.94
682,27.06,35.04,24.41,25.8,24.07,25.16,27.51,25.63,26.77,61.65,27.29,27.36,24.04,23.25,24.02
683,26.78,34.73,24.13,25.5,23.81,24.84,27.19,25.33,26.46,61.68,26.97,27.05,23.77,23.0,23.74
684,26.66,34.58,23.95,25.37,23.69,24.71,27.1,25.22,26.29,61.69,26.88,26.95,23.59,22.81,23.61
685,26.05,33.72,23.36,24.76,23.17,24.07,26.5,24.57,25.69,61.82,26.26,26.33,22.95,22.24,23.1
686,25.91,33.61,23.3,24.66,23.07,23.97,26.34,24.47,25.58,61.83,26.13,26.2,22.93,22.21,23.0
687,24.76,32.46,22.25,23.54,22.04,22.9,25.17,23.4,24.44,62.03,24.96,25.03,21.91,21.2,21.97
688,24.58,31.05,22.22,23.44,21.95,22.83,24.99,22.84,24.29,59.93,24.79,24.85,21.9,21.23,21.86
689,24.48,30.92,22.17,23.33,21.85,22.75,24.88,22.76,24.16,53.94,24.68,24.75,21.9,21.22,21.76
690,27.7,34.07,24.81,26.33,24.69,25.6,28.13,25.7,27.29,61.47,27.9,27.98,24.43,23.65,24.56
691,28.81,33.99,25.91,27.47,25.7,26.78,29.21,27.36,28.45,61.33,29.03,29.08,25.65,24.73,25.6
692,28.76,33.96,25.92,27.45,25.68,26.76,29.16,27.34,28.42,61.34,28.95,29.03,25.71,24.75,25.57
693,28.71,33.89,25.77,27.32,25.59,26.64,29.13,27.21,28.32,61.31,28.92,28.97,25.53,24.59,25.48
694,27.75,32.39,24.76,26.33,24.68,25.57,28.2,26.13,27.32,61.48,27.98,28.02,24.38,23.57,24.58
695,27.67,32.29,24.64,26.23,24.59,25.47,28.12,26.08,27.22,61.49,27.87,27.95,24.26,23.43,24.49
696,27.37,31.97,24.42,25.97,24.32,25.27,27.84,25.92,26.9,61.52,27.59,27.67,24.17,23.25,24.2
697,27.28,30.42,24.37,25.84,24.25,25.17,27.73,25.79,26.81,61.56,27.48,27.56,24.12,23.25,24.15
698,26.76,29.92,24.02,25.39,23.78,24.78,27.2,25.39,26.29,61.63,26.95,27.02,23.85,22.99,23.68
699,26.73,29.89,23.9,25.34,23.73,24.68,27.19,25.32,26.27,61.66,26.95,27.02,23.66,22.83,23.63
700,26.73,28.89,23.9,25.34,23.73,24.71,27.17,25.32,26.27,61.63,26.95,27.02,23.71,22.83,23.63
701,26.66,28.82,23.79,25.27,23.67,24.59,27.12,25.22,26.2,61.64,26.88,26.95,23.57,22.72,23.57
702,26.66,28.82,23.77,25.25,23.6,24.62,27.12,25.28,26.17,65.57,26.88,26.95,23.6,22.7,23.52
703,25.9,28.31,23.21,24.55,22.97,23.99,26.32,24.62,25.4,62.59,26.09,26.16,23.11,22.24,22.9
704,25.82,28.28,23.2,24.48,22.95,23.91,26.27,24.57,25.33,62.57,26.04,26.08,23.09,22.24,22.87
705,25.88,28.33,23.21,24.51,22.99,23.92,26.33,24.58,25.38,62.51,26.09,26.14,23.04,22.24,22.92
706,24.81,26.84,22.18,23.47,22.04,22.86,25.23,23.49,24.31,62.11,25.01,25.05,21.95,21.2,21.97
707,24.05,26.08,21.53,22.75,21.37,22.19,24.47,22.82,23.57,57.2,24.25,24.29,21.35,20.62,21.31
708,23.23,25.29,20.9,22.0,20.66,21.47,23.66,22.06,22.77,57.21,23.42,23.49,20.75,20.07,20.6
709,23.21,23.32,20.83,21.96,20.64,21.43,23.63,22.04,22.76,55.63,23.4,23.46,20.69,19.98,20.58
710,23.21,23.32,20.83,21.96,20.64,21.43,23.63,22.04,22.76,55.63,23.4,23.46,20.69,19.98,20.58
711,23.21,23.32,20.83,21.96,20.64,21.43,23.63,22.04,22.76,55.63,23.4,23.46,20.69,19.98,20.58
712,22.97,25.09,20.54,21.74,20.46,21.19,23.37,21.8,22.58,53.84,23.16,23.21,20.37,19.68,20.37
713,20.9,23.01,18.78,19.77,18.61,19.31,21.26,19.87,20.54,53.34,21.07,21.11,18.68,18.07,18.53
714,21.82,23.91,19.53,20.65,19.45,20.13,22.24,20.71,21.43,53.84,22.0,22.06,19.39,18.75,19.35
715,22.37,25.06,19.98,21.17,19.92,20.61,22.8,21.23,21.96,57.09,22.58,22.62,19.84,19.18,19.82
716,21.8,24.48,19.57,20.67,19.41,20.15,22.2,20.76,21.4,57.09,21.98,22.04,19.49,18.83,19.33
717,22.09,24.76,19.67,20.88,19.63,20.3,22.51,20.92,21.64,53.86,22.29,22.35,19.51,18.86,19.55
718,21.22,26.79,18.95,20.07,18.85,19.55,21.62,20.15,20.81,53.84,21.41,21.47,18.81,18.17,18.77
719,20.75,26.29,18.52,19.62,18.44,19.11,21.13,19.71,20.32,53.84,20.92,20.98,18.43,17.8,18.35
720,20.75,26.31,18.57,19.63,18.46,19.14,21.13,19.75,20.34,53.38,20.92,20.98,18.48,17.85,18.36
721,20.36,26.42,18.24,19.28,18.13,18.78,20.75,19.36,19.97,53.38,20.53,20.58,18.15,17.55,18.04
722,20.75,26.81,18.61,19.67,18.49,19.16,21.15,19.73,20.37,53.36,20.93,20.98,18.49,17.91,18.4
723,20.36,26.42,18.27,19.32,18.16,18.83,20.75,19.39,20.01,61.88,20.55,20.6,18.16,17.57,18.07
724,20.75,28.1,18.6,19.67,18.51,19.18,21.13,19.75,20.39,61.83,20.92,20.98,18.49,17.88,18.42
725,20.73,28.08,18.51,19.63,18.46,19.1,21.13,19.67,20.37,59.87,20.92,20.98,18.36,17.75,18.38
726,20.79,28.17,18.64,19.72,18.56,19.25,21.13,19.78,20.51,63.33,20.94,21.0,18.52,17.91,18.48
727,20.81,25.07,18.69,19.78,18.63,19.32,21.15,19.83,20.56,63.35,20.96,21.02,18.59,17.96,18.53
728,20.81,25.09,18.74,19.79,18.66,19.35,21.13,19.85,20.58,63.35,20.96,21.02,18.64,18.03,18.59
729,22.31,26.61,20.03,21.24,20.03,20.73,22.66,21.22,22.11,22.89,22.48,22.54,19.82,19.19,19.95
730,22.74,23.7,17.84,19.07,17.44,18.57,23.06,20.54,23.81,23.24,22.94,22.95,17.82,17.22,17.35
731,20.83,21.15,18.77,19.83,18.7,19.39,21.16,19.87,20.62,21.31,20.96,21.02,18.66,18.02,18.62
732,21.18,21.5,19.0,20.15,19.05,19.66,21.53,20.15,20.95,21.67,21.34,21.38,18.82,18.19,18.96
733,22.43,22.45,20.05,21.31,20.16,20.78,22.78,21.29,22.16,22.92,22.59,22.64,19.83,19.19,20.05
734,22.14,22.16,19.88,21.1,19.94,20.61,22.51,21.1,21.9,22.63,22.31,22.37,19.73,19.06,19.83
735,21.03,21.05,18.93,20.04,18.93,19.57,21.38,20.04,20.79,21.47,21.16,21.22,18.8,18.19,18.83
736,21.05,20.95,18.95,20.06,18.97,19.61,21.4,20.1,20.82,21.5,21.2,21.26,18.83,18.19,18.85
737,20.77,20.69,18.66,19.79,18.72,19.33,21.13,19.81,20.54,21.19,20.92,20.98,18.53,17.92,18.62
738,23.25,23.13,21.01,22.19,20.99,21.7,23.56,22.19,22.98,23.71,23.4,23.43,20.88,20.19,20.9
739,23.22,27.04,20.99,22.24,21.03,21.77,23.57,22.28,23.06,23.81,23.37,23.44,20.93,20.19,20.86
740,23.37,27.16,21.02,22.4,21.19,21.88,23.68,22.33,23.24,23.85,23.5,23.57,20.93,20.19,21.02
741,23.28,27.09,20.99,22.33,21.16,21.79,23.58,22.22,23.24,23.71,23.43,23.47,20.86,20.19,20.99
742,23.45,23.43,21.07,22.48,21.28,21.91,23.76,22.35,23.43,23.91,23.6,23.65,20.89,20.22,21.13
743,23.06,23.03,20.75,22.09,20.9,21.56,23.35,22.01,23.06,23.44,23.18,23.25,20.6,19.94,20.77
744,22.2,22.19,19.93,21.26,20.11,20.73,22.51,21.16,22.19,22.51,22.33,22.39,19.76,19.12,19.99
745,20.86,22.19,18.42,19.69,18.6,19.17,21.15,19.73,20.97,21.15,20.98,21.04,18.26,17.67,18.47
746,20.86,22.17,18.42,19.69,18.59,19.17,21.15,19.74,20.95,21.09,20.98,21.04,18.26,17.69,18.47
747,20.84,22.09,18.67,19.92,18.86,19.44,21.13,19.86,20.81,21.06,20.96,21.02,18.53,17.92,18.73
748,20.82,21.52,18.69,19.94,18.86,19.46,21.13,19.9,20.81,21.04,20.96,21.02,18.59,17.97,18.73
749,20.51,21.21,18.39,19.6,18.54,19.13,20.82,19.57,20.48,20.7,20.63,20.68,18.28,17.67,18.43
750,20.86,21.63,18.38,19.63,18.5,19.13,21.15,19.75,20.98,21.17,20.98,21.04,18.26,17.67,18.38
751,20.88,22.1,17.66,18.86,17.64,18.37,21.14,19.42,21.38,21.28,20.99,21.05,17.59,17.03,17.53
752,20.88,22.42,16.39,17.58,16.13,17.13,21.13,18.89,22.02,21.26,21.03,21.04,16.39,15.85,16.03
753,20.88,22.5,16.08,17.31,15.86,16.81,21.11,18.69,22.15,21.23,21.02,21.03,16.03,15.53,15.77
754,20.89,22.45,15.73,16.96,15.47,16.5,21.13,18.59,22.37,21.25,21.06,21.06,15.74,15.21,15.35
755,20.88,22.33,16.06,17.3,15.88,16.83,21.12,18.73,22.18,21.24,21.02,21.03,16.05,15.53,15.75
756,17.69,18.52,15.89,16.94,16.08,16.54,17.94,16.89,17.69,18.05,17.79,17.84,15.79,15.27,15.95
757,18.05,18.03,16.18,17.26,16.39,16.84,18.31,17.21,18.05,18.42,18.15,18.2,16.06,15.54,16.26
758,17.69,17.68,15.87,16.94,16.08,16.53,17.95,16.89,17.69,18.04,17.79,17.84,15.76,15.25,15.95
759,17.69,17.68,15.87,16.92,16.08,16.53,17.94,16.87,17.69,18.02,17.79,17.84,15.74,15.25,15.95
760,17.63,17.61,15.8,16.88,16.03,16.45,17.89,16.81,17.63,17.97,17.73,17.78,15.67,15.16,15.9
761,17.53,17.52,15.76,16.79,15.94,16.4,17.78,16.76,17.53,17.86,17.63,17.68,15.67,15.16,15.81
762,18.03,18.01,16.21,17.24,16.38,16.83,18.28,17.21,18.01,18.36,18.13,18.16,16.11,15.61,16.24
763,18.03,18.97,16.19,17.24,16.38,16.84,18.28,17.23,18.01,18.36,18.13,18.18,16.11,15.59,16.24
764,18.05,18.99,16.19,17.26,16.41,16.83,18.31,17.21,18.03,18.38,18.15,18.2,16.09,15.57,16.28
765,18.05,18.99,16.19,17.26,16.41,16.84,18.31,17.23,18.03,18.38,18.15,18.2,16.08,15.56,16.28
766,18.05,18.97,16.18,17.26,16.41,16.83,18.31,17.21,18.03,18.38,18.15,18.2,16.08,15.56,16.28
767,18.05,18.97,16.18,17.26,16.41,16.84,18.3,17.23,18.03,18.37,18.15,18.18,16.09,15.56,16.28
768,18.05,18.97,16.18,17.26,16.41,16.84,18.3,17.23,18.03,18.37,18.15,18.18,16.08,15.56,16.28
769,17.73,18.84,15.87,16.95,16.12,16.54,17.99,16.92,17.71,18.04,17.82,17.87,15.77,15.25,15.97
770,20.83,22.56,16.08,17.31,15.91,16.86,21.11,18.76,22.09,21.16,20.98,20.99,16.1,15.56,15.77
771,20.83,22.56,16.06,17.31,15.9,16.84,21.11,18.73,22.09,21.16,20.98,20.99,16.07,15.54,15.75
772,20.83,22.54,16.06,17.32,15.9,16.86,21.11,18.76,22.09,21.16,20.98,20.99,16.09,15.54,15.77
773,20.83,22.63,15.72,16.97,15.46,16.5,21.1,18.59,22.26,21.15,20.99,20.99,15.76,15.24,15.35
774,17.52,18.62,15.71,16.77,15.93,16.35,17.78,16.69,17.5,17.83,17.61,17.65,15.6,15.11,15.81
775,17.69,18.55,15.87,16.94,16.08,16.51,17.94,16.87,17.68,18.02,17.79,17.84,15.76,15.25,15.97
776,17.68,18.54,15.89,16.94,16.1,16.53,17.92,16.87,17.68,18.0,17.77,17.82,15.77,15.28,15.97
777,17.69,18.55,15.86,16.94,16.1,16.5,17.94,16.84,17.69,18.02,17.79,17.82,15.71,15.23,15.97
778,17.55,17.54,15.75,16.81,15.98,16.37,17.8,16.69,17.54,17.88,17.65,17.68,15.59,15.13,15.85
779,20.85,21.55,15.64,16.88,15.38,16.37,21.1,18.5,22.32,21.18,20.99,20.99,15.62,15.13,15.25
780,20.85,21.53,15.71,16.97,15.48,16.47,21.1,18.55,22.27,21.2,21.01,20.99,15.68,15.19,15.35
781,20.83,22.39,15.69,16.97,15.48,16.47,21.09,18.54,22.25,21.18,20.99,20.98,15.68,15.17,15.35
782,20.83,22.3,16.06,17.31,15.88,16.83,21.11,18.72,22.08,21.2,20.98,20.99,16.04,15.51,15.75
783,17.53,18.38,15.73,16.79,15.94,16.37,17.8,16.72,17.52,17.89,17.63,17.68,15.6,15.13,15.83
784,17.3,17.27,15.55,16.56,15.75,16.16,17.54,16.5,17.29,17.65,17.4,17.43,15.42,14.96,15.62
785,17.53,17.49,15.75,16.79,15.96,16.35,17.78,16.71,17.5,17.88,17.63,17.66,15.6,15.13,15.83
786,20.86,21.53,15.66,16.98,15.52,16.46,21.12,18.53,22.29,21.21,21.02,21.01,15.62,15.11,15.38
787,28.6,31.53,14.86,16.49,13.32,15.88,28.85,22.56,33.88,28.96,28.91,28.77,15.24,14.7,13.2
788,20.9,21.91,16.05,17.34,15.91,16.82,21.14,18.72,22.21,21.25,21.05,21.04,16.0,15.49,15.76
789,20.86,21.91,15.72,17.0,15.52,16.49,21.12,18.57,22.3,21.21,21.02,21.01,15.7,15.19,15.38
790,20.86,21.67,15.12,16.42,14.86,15.9,21.11,18.31,22.58,21.22,21.03,21.01,15.12,14.62,14.71
791,20.84,20.86,18.43,19.75,18.77,19.22,21.13,19.75,20.95,21.27,20.96,21.02,18.25,17.65,18.58
792,20.52,20.46,18.39,19.65,18.72,19.12,20.81,19.51,20.5,20.92,20.62,20.67,18.22,17.65,18.53
793,20.85,21.38,16.39,17.62,16.3,17.09,21.11,18.8,22.02,21.22,21.0,21.01,16.32,15.84,16.13
794,20.86,21.08,17.66,18.88,17.78,18.34,21.12,19.34,21.41,21.25,20.98,21.01,17.52,17.01,17.6
795,20.83,20.85,18.38,19.67,18.72,19.1,21.13,19.64,20.95,21.23,20.95,21.0,18.15,17.63,18.53
796,20.83,20.87,18.38,19.65,18.69,19.06,21.13,19.63,21.0,21.23,20.94,21.0,18.15,17.63,18.5
797,20.82,20.86,18.42,19.71,18.79,19.14,21.13,19.65,20.97,21.19,20.94,21.0,18.19,17.65,18.58
798,18.0,17.98,16.26,17.26,16.46,16.81,18.23,17.13,18.05,18.3,18.1,18.13,16.09,15.62,16.29
799,20.86,23.3,16.4,17.61,16.27,17.07,21.11,18.77,22.13,21.18,21.02,21.01,16.3,15.81,16.11
800,20.9,23.37,16.43,17.62,16.27,17.09,21.14,18.78,22.21,21.22,21.05,21.04,16.32,15.85,16.09
801,23.08,25.95,16.58,17.9,16.12,17.34,23.32,20.11,25.26,23.43,23.26,23.22,16.6,16.07,15.94
802,22.53,25.13,17.83,19.12,17.64,18.56,22.76,20.36,23.88,22.91,22.68,22.67,17.79,17.23,17.43
803,28.86,32.74,18.12,19.69,17.02,19.05,29.1,24.04,32.88,29.26,29.13,29.04,18.3,17.71,16.82
804,20.92,23.01,18.41,19.68,18.66,19.11,21.15,19.67,21.26,21.32,21.02,21.07,18.19,17.65,18.43
805,22.51,22.94,18.36,19.71,18.36,19.08,22.77,20.51,23.55,22.95,22.67,22.67,18.17,17.63,18.13
806,20.9,20.94,18.46,19.75,18.74,19.14,21.17,19.65,21.13,34.08,21.02,21.05,18.17,17.65,18.52
807,20.9,20.91,18.46,19.79,18.8,19.16,21.15,19.62,21.11,64.9,21.02,21.05,18.15,17.63,18.57
808,20.88,20.87,18.55,19.88,18.9,19.24,21.15,19.67,21.04,66.89,21.0,21.06,18.21,17.67,18.67
809,22.47,22.82,18.45,19.81,18.48,19.21,22.77,20.55,23.41,71.38,22.64,22.65,18.22,17.67,18.29
810,17.54,17.9,14.09,15.15,14.04,14.7,17.75,15.89,18.38,17.82,17.66,17.68,13.93,13.5,13.9
811,23.39,25.19,13.45,14.74,12.34,14.25,23.6,18.93,27.19,23.6,23.64,23.54,13.62,13.16,12.21
812,20.91,21.63,15.8,17.0,15.48,16.52,21.13,18.52,22.51,21.15,21.07,21.05,15.7,15.16,15.31
813,20.91,21.61,15.76,16.93,15.38,16.47,21.13,18.52,22.51,21.16,21.07,21.05,15.71,15.16,15.21
814,18.19,18.11,16.39,17.47,16.53,17.02,18.43,17.27,18.24,18.48,18.29,18.33,16.17,15.6,16.36
815,20.88,20.79,18.8,20.03,18.95,19.49,21.15,19.76,20.92,21.23,21.0,21.04,18.51,17.87,18.76
816,20.88,21.35,16.46,17.73,16.25,17.18,21.13,18.77,22.05,21.21,21.03,21.03,16.34,15.76,16.07
817,22.53,23.55,15.7,17.02,15.09,16.5,22.77,19.4,24.83,22.85,22.72,22.7,15.73,15.14,14.92
818,20.88,20.79,18.82,20.09,18.96,19.52,21.17,19.78,20.94,21.27,21.0,21.06,18.59,17.91,18.74
819,20.86,20.79,18.81,20.07,18.94,19.5,21.17,19.81,20.9,21.29,21.0,21.06,18.59,17.92,18.71
820,20.88,20.81,18.88,20.11,18.97,19.53,21.17,19.8,20.94,21.31,21.0,21.06,18.67,18.01,18.76
821,22.59,22.78,19.06,20.51,19.13,19.85,22.89,20.83,23.18,23.03,22.74,22.78,18.84,18.16,18.88
822,19.1,19.18,16.38,17.65,16.51,17.05,19.37,17.73,19.43,19.47,19.24,19.27,16.16,15.57,16.27
823,23.36,28.49,13.04,14.4,11.81,13.89,23.62,18.77,27.32,23.71,23.64,23.55,13.3,12.74,11.66
824,20.83,24.17,17.87,19.25,18.06,18.59,21.13,19.3,21.18,21.24,20.97,21.02,17.61,16.95,17.8
825,19.36,22.54,17.41,18.62,17.61,18.05,19.66,18.3,19.36,19.77,19.48,19.54,17.18,16.54,17.36
826,19.77,22.55,17.75,18.99,17.99,18.39,20.1,18.68,19.77,64.9,19.92,19.97,17.5,16.84,17.73
827,19.36,22.14,17.43,18.62,17.64,18.05,19.66,18.32,19.37,64.9,19.48,19.54,17.21,16.57,17.38
828,19.96,22.74,17.9,19.15,18.18,18.54,20.27,18.86,20.03,71.07,20.08,20.14,17.68,17.02,17.88
829,20.79,24.52,18.68,19.96,18.91,19.32,21.13,19.66,20.86,71.07,20.94,21.0,18.45,17.78,18.63
830,20.81,24.53,18.66,19.96,18.91,19.33,21.13,19.68,20.86,71.07,20.94,21.0,18.45,17.77,18.63
831,20.83,24.59,18.74,20.02,18.95,19.41,21.15,19.71,20.94,71.09,20.98,21.04,18.52,17.83,18.68
832,22.44,34.09,20.19,21.58,20.42,20.89,22.79,21.24,22.52,107.3,22.59,22.65,19.98,19.22,20.11
833,21.13,32.76,19.01,20.31,19.22,19.69,21.46,20.0,21.19,64.14,21.26,21.32,18.81,18.1,18.93
834,20.88,32.54,18.96,20.13,19.04,19.57,21.19,19.86,20.98,135.96,21.02,21.08,18.86,18.13,18.75
835,20.86,28.9,18.92,20.11,19.02,19.52,21.19,19.79,20.98,135.95,21.02,21.06,18.75,18.06,18.73
836,22.33,30.34,20.13,21.49,20.34,20.81,22.68,21.12,22.41,135.96,22.49,22.53,19.93,19.16,20.01
837,22.42,30.45,20.18,21.58,20.42,20.88,22.8,21.17,22.51,64.89,22.59,22.65,19.91,19.17,20.09
838,22.35,29.53,20.13,21.51,20.36,20.83,22.72,21.12,22.43,64.89,22.52,22.58,19.9,19.16,20.03
839,22.3,29.48,20.13,21.46,20.29,20.78,22.67,21.09,22.39,53.86,22.47,22.53,19.9,19.16,19.98
840,22.37,29.56,20.13,21.49,20.36,20.79,22.74,21.12,22.43,53.88,22.52,22.58,19.89,19.16,20.03
841,22.4,26.61,20.15,21.51,20.38,20.81,22.77,21.12,22.46,53.88,22.56,22.62,19.86,19.16,20.05
842,22.4,26.61,20.15,21.53,20.36,20.83,22.77,21.16,22.44,53.88,22.56,22.62,19.88,19.16,20.05
843,22.72,26.91,20.38,21.82,20.63,21.11,23.09,21.42,22.76,53.88,22.86,22.95,20.09,19.36,20.32
844,22.99,26.81,20.61,22.09,20.88,21.35,23.38,21.66,23.04,53.89,23.16,23.23,20.29,19.55,20.57
845,23.25,27.05,20.86,22.35,21.12,21.61,23.64,21.93,23.29,53.89,23.42,23.49,20.54,19.79,20.8
846,24.1,27.89,21.6,23.15,21.89,22.38,24.5,22.66,24.1,24.59,24.28,24.34,21.22,20.47,21.56
847,24.08,24.7,21.56,23.15,21.89,22.38,24.5,22.66,24.1,24.54,24.26,24.32,21.18,20.41,21.56
848,24.1,24.68,21.56,23.15,21.89,22.38,24.5,22.66,24.08,24.52,24.28,24.34,21.11,20.43,21.56
849,23.7,24.3,21.24,22.74,21.52,21.98,24.11,22.24,23.68,24.11,23.87,23.94,20.78,20.15,21.2
850,22.7,24.65,20.38,21.78,20.63,21.07,23.07,21.36,22.66,23.05,22.86,22.93,20.01,19.36,20.3
851,22.14,24.1,19.91,21.25,20.11,20.56,22.51,20.82,22.12,22.47,22.29,22.37,19.54,18.93,19.81
852,22.16,24.16,20.0,21.31,20.17,20.66,22.53,20.92,22.19,22.47,22.31,22.39,19.7,19.04,19.86
853,21.04,22.46,19.05,20.25,19.18,19.65,21.39,19.88,21.08,21.33,21.18,21.25,18.75,18.16,18.87
854,23.51,24.91,21.21,22.64,21.45,21.93,23.92,22.19,23.55,23.79,23.68,23.77,20.85,20.17,21.08
855,24.08,25.46,21.71,23.17,21.95,22.44,24.5,22.75,24.08,24.35,24.26,24.35,21.36,20.65,21.58
856,24.68,26.5,22.27,23.75,22.5,23.02,25.09,23.32,24.68,24.93,24.86,24.93,21.91,21.18,22.11
857,27.03,28.89,24.4,26.01,24.67,25.22,27.48,25.54,27.08,27.28,27.23,27.33,23.97,23.2,24.25
858,27.21,29.09,24.45,26.18,24.83,25.33,27.66,25.63,27.31,27.48,27.41,27.48,23.98,23.2,24.4
859,24.48,24.36,21.98,23.53,22.31,22.79,24.86,23.04,24.54,24.79,24.66,24.73,21.57,20.85,21.93
860,24.75,24.63,22.22,23.79,22.54,23.02,25.16,23.31,24.82,25.11,24.93,25.02,21.79,21.06,22.18
861,24.78,25.17,20.11,21.59,20.04,20.87,25.16,22.38,25.83,25.12,24.99,25.02,19.79,19.16,19.72
862,24.76,24.89,21.21,22.75,21.38,21.98,25.15,22.84,25.27,25.17,24.95,25.02,20.82,20.15,21.01
863,24.06,23.94,21.53,23.06,21.88,22.28,24.46,22.61,24.08,24.46,24.24,24.3,21.11,20.41,21.5
864,24.76,24.88,21.23,22.77,21.43,22.02,25.17,22.88,25.26,25.15,24.95,25.02,20.84,20.15,21.04
865,24.06,23.93,21.63,23.13,21.94,22.36,24.46,22.64,24.08,24.46,24.24,24.3,21.21,20.52,21.56
866,23.68,23.57,21.26,22.76,21.59,22.0,24.09,22.28,23.72,24.09,23.85,23.94,20.85,20.15,21.22
867,24.06,23.93,21.63,23.11,21.89,22.36,24.46,22.67,24.06,24.48,24.24,24.3,21.21,20.53,21.52
868,24.06,39.6,21.65,23.11,21.89,22.38,24.46,22.69,24.06,24.48,24.24,24.3,21.25,20.55,21.52
869,24.04,39.59,21.53,23.06,21.84,22.31,24.46,22.63,24.06,24.44,24.22,24.3,21.12,20.41,21.46
870,33.14,51.7,17.39,18.99,15.3,18.6,33.48,26.13,39.3,33.54,33.54,33.39,17.9,17.14,15.06
871,33.28,54.94,18.04,19.69,16.07,19.27,33.61,26.49,39.22,44.67,33.68,33.53,18.49,17.72,15.81
872,33.24,54.94,18.04,19.65,16.02,19.25,33.6,26.49,39.21,44.66,33.65,33.52,18.48,17.72,15.78
873,33.14,54.95,17.46,19.09,15.39,18.69,33.52,26.18,39.29,43.15,33.57,33.43,17.92,17.16,15.16
874,33.16,36.06,17.45,19.1,15.39,18.7,33.54,26.19,39.29,44.66,33.59,33.44,17.9,17.16,15.17
875,41.85,46.56,17.78,19.76,14.43,19.42,42.28,31.27,51.65,44.64,42.44,42.18,18.67,17.8,14.22
876,41.76,46.52,17.43,19.38,14.03,19.06,42.18,31.06,51.67,44.64,42.37,42.08,18.32,17.47,13.83
877,35.67,39.13,17.35,19.05,14.88,18.7,36.06,27.56,42.92,50.58,36.16,35.98,17.91,17.15,14.67
878,33.66,36.67,17.43,19.0,15.24,18.65,34.05,26.44,39.99,45.44,34.11,33.96,17.89,17.16,15.03
879,33.08,36.02,17.2,18.72,15.07,18.4,33.46,26.01,39.28,51.99,33.51,33.37,17.65,16.93,14.86
880,40.98,46.26,14.81,16.59,11.01,16.41,41.36,29.5,51.9,46.66,41.62,41.3,15.87,15.12,10.86
881,41.66,46.49,17.07,18.96,13.63,18.71,42.07,30.83,51.7,46.6,42.27,41.98,17.97,17.14,13.44
882,33.19,36.07,17.49,19.06,15.44,18.72,33.57,26.19,39.24,71.01,33.61,33.47,17.89,17.17,15.23
883,35.22,49.75,16.96,18.59,14.51,18.27,35.6,27.12,42.42,66.0,35.7,35.52,17.5,16.77,14.32
884,32.74,47.0,15.99,17.57,13.75,17.2,33.13,25.32,39.35,70.96,33.19,33.03,16.48,15.8,13.58
885,32.98,47.07,16.75,18.39,14.7,17.98,33.36,25.74,39.27,54.13,33.42,33.26,17.16,16.48,14.51
886,32.94,35.96,16.75,18.39,14.71,17.98,33.32,25.73,39.24,57.35,33.38,33.23,17.16,16.47,14.51
887,32.94,35.96,16.73,18.39,14.72,17.98,33.32,25.73,39.22,57.38,33.38,33.23,17.16,16.46,14.51
888,33.06,36.01,17.11,18.76,15.14,18.34,33.44,25.97,39.19,57.39,33.49,33.34,17.49,16.79,14.92
889,32.81,35.61,17.54,19.19,15.67,18.75,33.2,26.01,38.63,58.35,33.24,33.09,17.88,17.18,15.45
890,32.81,35.6,17.5,19.17,15.61,18.71,33.2,25.98,38.63,58.35,33.22,33.09,17.87,17.16,15.4
891,32.83,35.61,17.54,19.26,15.71,18.77,33.22,26.01,38.62,59.85,33.26,33.11,17.87,17.16,15.48
892,33.48,36.15,18.59,20.38,16.86,19.85,33.91,26.84,39.02,65.11,33.91,33.79,18.87,18.13,16.62
893,32.24,34.66,18.54,20.24,16.95,19.73,32.66,26.1,37.29,70.04,32.64,32.54,18.77,18.05,16.71
894,33.48,36.13,18.6,20.37,16.85,19.81,33.88,26.79,39.01,51.31,33.88,33.77,18.86,18.15,16.59
895,33.49,36.15,18.59,20.37,16.86,19.79,33.9,26.78,39.01,45.7,33.9,33.78,18.83,18.14,16.61
896,32.34,34.68,18.73,20.6,17.34,19.92,32.74,26.18,37.21,49.49,32.74,32.62,18.88,18.18,17.06
897,32.24,34.61,18.69,20.5,17.23,19.85,32.64,26.14,37.13,51.84,32.64,32.52,18.88,18.18,16.95
898,32.29,34.64,18.71,20.54,17.26,19.89,32.69,26.18,37.19,54.13,32.69,32.57,18.89,18.19,17.0
899,31.99,34.27,18.72,20.53,17.31,19.87,32.39,26.0,36.74,54.13,32.36,32.27,18.89,18.18,17.03
900,32.74,35.19,18.8,20.61,17.23,19.98,33.14,26.47,37.81,54.13,33.14,33.04,19.02,18.29,16.97
901,31.65,44.6,19.31,21.14,18.06,20.48,32.07,26.09,35.95,57.37,32.02,31.95,19.43,18.69,17.78
902,33.24,46.71,18.66,20.53,17.01,19.88,33.65,26.69,38.58,57.36,33.66,33.53,18.92,18.19,16.75
903,33.3,46.97,17.91,19.76,16.12,19.13,33.69,26.39,39.04,57.36,33.71,33.58,18.18,17.49,15.88
904,31.67,33.91,18.7,20.49,17.31,19.84,32.05,25.81,36.33,57.41,32.04,31.95,18.85,18.16,17.05
905,31.54,33.72,18.73,20.51,17.41,19.88,31.96,25.76,36.07,59.84,31.92,31.84,18.87,18.18,17.13
906,29.64,31.54,17.98,19.68,16.84,19.05,30.05,24.35,33.62,43.13,29.99,29.92,18.06,17.39,16.58
907,30.66,32.88,17.69,19.43,16.34,18.81,31.05,24.79,35.26,43.1,31.03,30.94,17.83,17.18,16.09
908,30.67,32.89,17.68,19.46,16.36,18.81,31.05,24.79,35.29,43.12,31.03,30.94,17.81,17.18,16.11
909,30.34,32.72,16.84,18.54,15.31,17.92,30.73,24.26,35.28,43.09,30.71,30.62,17.05,16.42,15.09
910,30.34,50.1,16.84,18.54,15.32,17.92,30.72,24.26,35.32,43.1,30.72,30.62,17.05,16.44,15.09
911,30.34,49.98,17.29,19.01,15.88,18.37,30.73,24.45,35.07,43.1,30.71,30.62,17.47,16.83,15.64
912,29.67,49.04,17.7,19.42,16.49,18.77,30.07,24.25,33.87,43.11,30.03,29.95,17.81,17.18,16.24
913,30.35,32.52,17.68,19.42,16.35,18.77,30.73,24.65,34.87,43.12,30.71,30.62,17.84,17.17,16.1
914,30.33,32.53,17.66,19.37,16.3,18.74,30.73,24.62,34.89,43.12,30.71,30.62,17.82,17.17,16.05
915,30.35,32.52,17.66,19.39,16.31,18.75,30.73,24.64,34.88,43.12,30.72,30.64,17.84,17.17,16.08
916,30.69,33.28,16.4,18.08,14.75,17.49,31.06,24.26,36.06,45.83,31.08,30.96,16.66,16.05,14.52
917,24.76,26.03,16.43,17.85,15.74,17.25,25.13,20.91,27.42,54.1,25.05,25.02,16.38,15.83,15.5
918,24.75,25.77,17.32,18.74,16.78,18.13,25.14,21.31,26.93,49.86,25.01,25.02,17.24,16.65,16.54
919,29.65,32.03,16.32,17.92,14.82,17.36,30.05,23.66,34.59,43.11,30.05,29.94,16.55,15.93,14.6
920,24.75,26.03,16.45,17.83,15.69,17.28,25.13,20.96,27.45,43.14,25.03,25.02,16.46,15.87,15.47
921,30.33,32.87,16.42,18.01,14.71,17.47,30.72,24.14,35.59,48.75,30.73,30.63,16.74,16.07,14.5
922,31.52,34.51,15.69,17.32,13.66,16.79,31.91,24.48,37.71,48.51,31.96,31.82,16.1,15.47,13.47
923,31.58,34.69,15.35,16.98,13.25,16.48,31.96,24.37,37.99,45.9,32.03,31.88,15.78,15.14,13.07
924,30.33,32.89,16.41,17.98,14.68,17.46,30.73,24.14,35.62,43.12,30.74,30.63,16.73,16.06,14.47
925,31.43,34.22,16.45,18.02,14.49,17.5,31.83,24.79,37.21,43.12,31.86,31.73,16.86,16.19,14.29
926,31.42,34.18,16.54,18.1,14.59,17.57,31.8,24.8,37.15,31.88,31.84,31.72,16.9,16.25,14.4
927,31.44,34.24,16.44,18.01,14.49,17.49,31.83,24.77,37.25,43.12,31.87,31.75,16.8,16.15,14.3
928,31.44,34.24,16.46,18.01,14.49,17.49,31.83,24.79,37.24,43.13,31.87,31.75,16.83,16.18,14.29
929,30.66,33.15,16.95,18.5,15.2,17.96,31.06,24.56,35.85,45.94,31.06,30.96,17.25,16.58,15.0
930,30.33,32.87,16.48,18.02,14.69,17.49,30.71,24.18,35.6,48.78,30.73,30.62,16.82,16.17,14.48
931,31.52,38.97,16.56,18.16,14.58,17.6,31.92,24.87,37.31,48.54,31.96,31.83,16.95,16.28,14.38
932,31.53,38.99,16.54,18.15,14.57,17.62,31.92,24.86,37.32,48.54,31.96,31.83,16.9,16.24,14.38
933,32.75,40.44,16.62,18.28,14.48,17.76,33.13,25.59,39.03,52.09,33.2,33.05,17.04,16.36,14.29
934,40.46,45.07,17.12,19.12,13.83,18.58,40.9,30.22,50.0,59.84,41.06,40.81,17.94,17.15,13.63
935,31.68,34.55,16.48,18.07,14.46,17.57,32.06,24.95,37.6,53.39,32.12,31.97,16.89,16.2,14.27
936,30.36,32.85,16.35,17.8,14.59,17.36,30.72,24.11,35.57,53.87,30.75,30.62,16.68,16.02,14.38
937,30.71,33.39,15.98,17.42,14.07,16.98,31.06,24.13,36.3,53.87,31.12,30.97,16.32,15.69,13.88
938,31.57,34.57,15.34,16.82,13.2,16.41,31.89,24.35,37.83,53.86,31.98,31.83,15.78,15.14,13.03
939,31.58,34.57,15.41,16.9,13.3,16.5,31.91,24.4,37.8,53.33,32.0,31.83,15.84,15.2,13.12
940,31.4,42.66,16.52,18.0,14.61,17.59,31.76,24.79,37.0,53.88,31.82,31.67,16.88,16.21,14.41
941,31.56,42.85,16.55,18.04,14.6,17.6,31.92,24.88,37.24,53.88,31.98,31.83,16.91,16.24,14.4
942,32.6,46.09,8.52,9.93,4.98,9.72,32.85,22.13,42.77,47.94,33.13,32.82,9.59,9.06,4.91
943,29.71,40.82,15.37,16.76,13.49,16.37,30.06,23.31,35.1,45.92,30.09,29.96,15.68,15.06,13.32
944,29.71,40.79,15.47,16.82,13.61,16.46,30.05,23.35,35.03,53.34,30.1,29.96,15.79,15.14,13.42
945,38.47,53.27,8.24,9.85,3.73,9.68,38.73,25.36,51.37,53.8,39.13,38.72,9.66,9.05,3.68
946,29.15,41.52,15.86,17.17,14.11,16.82,29.49,23.2,34.03,53.88,29.53,29.4,16.15,15.49,13.92
947,32.46,45.7,15.31,16.76,12.97,16.42,32.79,24.85,39.1,53.87,32.91,32.71,15.83,15.14,12.8
948,31.5,44.37,16.04,17.42,13.94,17.07,31.84,24.6,37.37,53.88,31.92,31.76,16.44,15.75,13.76
949,31.51,45.97,16.05,17.45,13.94,17.1,31.86,24.63,37.36,53.86,31.93,31.77,16.48,15.76,13.77
950,32.52,47.22,16.03,17.47,13.76,17.11,32.86,25.17,38.86,53.88,32.97,32.79,16.47,15.78,13.59
951,31.6,46.26,15.35,16.74,13.09,16.37,31.93,24.34,37.86,53.87,32.03,31.86,15.78,15.12,12.93
952,30.38,45.78,15.43,16.77,13.35,16.39,30.71,23.68,36.04,53.87,30.78,30.63,15.78,15.14,13.2
953,30.79,47.99,8.62,9.92,5.32,9.73,31.03,21.12,40.1,53.82,31.3,31.01,9.58,9.06,5.27
954,31.61,47.29,15.36,16.8,13.09,16.42,31.91,24.38,37.86,53.87,32.03,31.85,15.82,15.14,12.95
955,31.6,44.41,15.36,16.8,13.08,16.41,31.91,24.36,37.86,53.86,32.02,31.84,15.81,15.14,12.96
956,32.65,47.36,8.52,9.93,4.92,9.73,32.85,22.13,42.81,53.81,33.15,32.83,9.61,9.06,4.88
957,31.65,46.14,8.56,9.92,5.11,9.72,31.85,21.57,41.35,53.81,32.13,31.82,9.59,9.06,5.07
958,32.86,50.12,1.75,3.12,-2.98,3.09,32.97,19.45,46.5,53.76,33.45,33.0,3.41,2.98,-2.96
959,31.66,48.66,1.8,3.12,-2.73,3.08,31.78,18.79,44.76,53.76,32.24,31.8,3.39,2.98,-2.71
960,30.82,45.95,8.62,10.0,5.32,9.74,31.03,21.13,40.11,53.81,31.3,31.0,9.58,9.07,5.28
961,30.45,44.12,8.65,10.03,5.42,9.77,30.65,20.93,39.54,53.81,30.91,30.62,9.58,9.07,5.39
962,28.94,40.63,15.31,16.69,13.4,16.26,29.25,22.82,33.98,53.86,29.3,29.16,15.6,14.98,13.32
963,30.78,42.84,15.43,16.91,13.29,16.46,31.08,23.91,36.56,53.82,31.16,31.0,15.79,15.16,13.21
964,30.42,33.96,15.4,16.84,13.29,16.4,30.72,23.7,36.09,53.34,30.8,30.63,15.77,15.14,13.2
965,30.41,33.98,15.4,16.79,13.28,16.4,30.72,23.7,36.11,53.86,30.8,30.65,15.78,15.16,13.19
966,32.82,36.72,16.05,17.64,13.76,17.19,33.11,25.28,39.22,45.91,33.24,33.05,16.44,15.78,13.66
967,31.5,34.29,15.96,17.47,13.84,17.03,31.81,24.5,37.35,53.89,31.9,31.74,16.28,15.65,13.75
968,29.73,31.69,17.69,19.13,16.07,18.67,30.08,24.26,33.9,53.91,30.06,29.97,17.86,17.17,15.97
969,31.5,34.3,15.99,17.5,13.85,17.06,31.83,24.54,37.36,53.34,31.89,31.75,16.36,15.71,13.75
970,52.94,67.03,14.33,16.74,8.65,16.32,53.29,36.03,69.15,53.34,53.75,53.26,15.96,15.1,8.59
971,32.05,41.44,15.34,16.84,13.02,16.43,32.37,24.56,38.55,53.34,32.46,32.29,15.78,15.14,12.91
972,31.77,41.08,15.34,16.83,13.06,16.42,32.07,24.42,38.13,53.87,32.18,32.01,15.77,15.14,12.95
973,31.59,40.45,15.36,16.82,13.12,16.42,31.89,24.3,37.86,31.92,31.99,31.83,15.76,15.15,13.02
974,30.76,39.41,15.42,16.86,13.34,16.47,31.07,23.87,36.59,31.09,31.14,30.99,15.78,15.15,13.22
975,30.76,39.42,15.41,16.86,13.35,16.47,31.07,23.87,36.59,31.13,31.14,30.99,15.77,15.14,13.22
976,30.78,37.87,15.37,16.79,13.26,16.4,31.08,13.56,36.65,31.14,31.15,31.0,15.76,15.14,13.13
977,30.77,37.88,15.36,16.77,13.24,16.38,31.08,13.55,36.67,31.15,31.15,31.0,15.76,15.14,13.12
978,31.25,37.8,17.86,19.31,16.09,18.89,31.58,14.91,36.05,59.87,31.59,31.48,18.16,17.45,15.93
979,30.66,36.43,27.68,29.05,27.5,28.49,31.14,29.1,30.32,31.25,30.89,30.97,27.37,26.36,27.22
980,30.76,38.75,18.64,20.06,17.04,19.62,31.09,25.35,34.99,31.16,31.11,31.0,19.0,18.18,16.86
981,32.43,41.09,17.45,18.94,15.43,18.47,32.75,25.73,38.0,32.81,32.83,32.67,17.91,17.18,15.26
982,31.61,40.03,17.37,18.86,15.49,18.38,31.94,25.22,36.83,31.99,32.0,31.85,17.76,17.05,15.33
983,32.82,41.48,17.44,18.97,15.39,18.5,33.14,25.94,38.56,33.19,33.21,33.07,17.9,17.14,15.2
984,58.15,72.52,16.3,19.06,10.27,18.47,58.55,39.87,75.65,58.58,59.06,58.51,18.14,17.11,10.15
985,31.63,39.4,16.38,17.92,14.41,17.46,31.93,24.83,37.34,31.95,32.01,31.86,16.85,16.12,14.23
986,31.49,39.34,15.96,17.51,13.96,17.06,31.8,24.57,37.34,31.8,31.88,31.72,16.43,15.71,13.81
987,31.62,39.66,15.32,16.86,13.19,16.42,31.92,24.35,37.84,31.92,32.03,31.84,15.82,15.14,13.04
988,31.62,38.01,15.34,16.88,13.19,16.43,31.91,24.36,37.85,31.9,32.01,31.84,15.82,15.14,13.06
989,30.42,36.44,15.75,17.27,13.9,16.82,30.73,23.88,35.88,30.72,30.79,30.65,16.17,15.47,13.74
990,32.6,39.25,15.15,16.79,12.91,16.31,32.87,24.84,39.35,32.95,33.02,32.82,15.7,15.01,12.76
991,32.29,36.57,14.15,15.74,11.74,15.28,32.56,24.24,39.45,32.63,32.72,32.5,14.78,14.12,11.59
992,32.28,36.57,14.14,15.74,11.69,15.31,32.56,24.26,39.45,32.62,32.71,32.5,14.79,14.14,11.56
993,30.33,36.65,4.16,5.6,0.26,5.4,30.5,18.98,41.66,30.51,30.87,30.51,5.44,5.01,0.26
994,29.83,36.03,4.19,5.6,0.36,5.4,30.0,18.71,40.93,30.01,30.36,30.01,5.43,5.01,0.36
995,29.78,33.54,14.21,15.63,12.07,15.21,30.06,22.9,35.91,30.1,30.17,29.99,14.76,14.13,11.95
996,28.75,32.01,15.36,16.77,13.63,16.31,29.06,22.78,33.83,29.08,29.1,28.97,15.76,15.13,13.5
997,28.75,32.4,14.26,15.65,12.32,15.19,29.05,22.29,34.39,29.05,29.12,28.97,14.7,14.13,12.21
998,28.75,32.4,14.26,15.65,12.32,15.19,29.05,22.29,34.39,29.05,29.12,28.97,14.7,14.13,12.21
999,28.75,32.4,14.26,15.65,12.32,15.19,29.05,22.29,34.39,29.05,29.12,28.97,14.7,14.13,12.21
