,copula_z,copula_y,copula_x
0,0.8578592053880442,0.009498151350354648,0.9995779269462735
1,-2.400356055728312,0.002175166525047459,0.16411898076004072
2,3.3593616981228775,0.3598335241060152,1.353189628520818e-05
3,8.652524418198086,0.8851055937048434,0.878277596038834
4,0.12859025709227984,1.4827005062147326e-08,0.9999999999999858
5,3.937872362678672,0.3582844907353997,0.9999723665457836
6,0.9868455229712023,0.0627008235851089,0.9153124741961567
7,8.764385969495878,0.8879485574772492,4.2272885549440714e-05
8,-0.3450210563005278,6.066180084355389e-07,0.1504006380686901
9,5.190924571499511,0.4387111162011069,0.16018702100418034
10,1.1670538596583826,6.494794294115309e-09,1.923376892595495e-07
11,-0.43135737124819906,3.441164912831357e-09,0.2861185929254656
12,0.8696461882782606,6.294641089373603e-06,0.9995898890244076
13,-1.3983060303795967,1.1700665109796651e-05,0.9998036010215872
14,1.3058080873193385,0.10483952567779159,2.9713698988346308e-15
15,-0.9714955378722424,3.3454705032557064e-06,1.0
16,2.221035380431089,0.001051701819992625,0.06760144323792473
17,-0.2402427798290835,0.02072281932270392,3.772701473700049e-10
18,0.02553729052880363,0.019548927537950338,0.7581327026184784
19,4.715698833135292,0.3783141345908732,0.9999999997737131
20,8.383645354120443,0.8487650178683391,1.0
21,0.7475911651312862,2.221199080380536e-17,0.9999999871683716
22,-0.017183688735426538,0.0005816646995883554,9.678884456883514e-14
23,-1.0618705851199413,2.346198736420101e-10,7.655605723509713e-05
24,0.5768273872035783,0.20794358215083264,0.7585637561144399
25,-0.793046458014217,3.817675255192194e-05,0.0733217183525981
26,1.627206398078502,4.44361046592984e-06,0.06175192256961738
27,1.7296468410095434,0.14560029447879513,0.9999984302896042
28,-2.337067322685694,4.3016454032693964e-20,0.9999714112897239
29,-0.008155800873138927,0.0003629169134539618,2.3402359246448258e-06
30,1.6161784763933138,0.0734031518513432,0.0577497456766734
31,-0.5723646717233482,0.014182917027400405,7.288672224823219e-12
32,-0.7796956996966369,0.007070717454651878,1.4094643506341119e-09
33,-0.43108303199374026,0.025444842985877795,0.0017230507930627254
34,-0.33537139504779234,1.8127738777907456e-11,0.9937144250658874
35,0.7842710185354266,0.0005756227782176963,0.000783407081922691
36,-1.4111486006042089,1.6441727075763037e-09,0.5734518141847157
37,-1.4289062374239,5.402335927427473e-05,0.9999366792319431
38,7.122752430911699,0.5476182821599753,0.9975270953904752
39,-0.2623005951112434,0.012563767946593198,0.9999551746359958
40,1.4794150604677854,0.04095819125321082,0.9822447160386825
41,-0.029062834709135274,3.477182335875616e-06,3.895602403926815e-12
42,-0.0571116869947037,0.0490677943092208,0.9954675946870676
43,9.025207551646231,0.6331931712828228,5.571697428144099e-10
44,0.8631329811389045,0.0005588688905947827,0.05859369916705667
45,8.594211907388326,0.9704729873348686,0.9993842706705898
46,0.4999807965766233,1.188350898254912e-05,0.00012530304835825997
47,-0.706108838108606,0.003443687782268776,1.6939694974297119e-06
48,-0.04702050026305554,0.030033833680985837,0.9999999999999485
49,0.10846417689427143,6.416625065642813e-11,2.6522747599008745e-05
50,9.244541488077285,0.9982511314928467,5.092106114162337e-07
51,7.450012665333541,0.8084203999866849,0.9518421485858315
52,7.532447952506043,0.7868207010019249,0.04490597506166548
53,1.7808803727502478,8.248171266113365e-21,0.997916325136059
54,1.7684519899666868,1.2950678103648804e-05,0.9930582315198069
55,1.6433214689407751,6.618977702979673e-11,0.9939586217144759
56,2.8559400329300253,0.39701194567152426,0.991786116489322
57,-0.36292635609994567,5.2734438692615726e-09,0.9996643002906329
58,5.298066231213057,0.4189970648466501,0.9999999999986975
59,0.11017901149519446,0.008477443473218797,0.999756215629045
60,-1.645978035230053,3.924711956742394e-10,0.00056263883748789
61,-1.020059470253564,0.05974407335810731,0.009971253740991472
62,0.33413843190220865,0.00021183566834482833,0.07370153311470339
63,1.2122522829338986,1.4953841979354239e-06,0.6911555836740376
64,-1.5500904005345202,9.044091352593064e-12,0.1947848779838381
65,0.36286446653132315,2.507763526057841e-10,1.2080010333690392e-05
66,1.3567375143125653,0.0039150897870679595,0.030881965519933007
67,9.292970855309415,0.9996473028810394,0.9999999985189802
68,0.9755746474457604,0.000499473332857861,0.9999998839185834
69,0.7090450283559383,1.1223159363905243e-13,0.9999999621903908
70,0.7149944274067273,3.921553715974963e-06,0.0014517578160614393
71,1.604967137072215,0.006635057345503254,6.8261708292026e-05
72,6.575538574046328,0.6697491441247625,3.8794751274984126e-05
73,-0.8470929170534133,0.0027848219216833644,0.40764103833464904
74,1.7168874639802139,1.036106251759227e-05,0.9999999581423679
75,4.134245858953154,0.4867639858528793,9.331411614872532e-07
76,-0.515073510602278,3.370043877609566e-05,0.9989947491596308
77,6.429846309952216,0.5818953040355724,0.8117020483237628
78,-1.0763459901083245,3.3221045901340793e-09,2.402274402151619e-07
79,3.663268095985818,0.3042939630934212,7.96963645144924e-10
80,1.0921762935099675,0.008403189155215578,0.06762483885256289
81,1.237946942702846,0.0015211931311705734,3.3747644792169267e-18
82,0.433643543864476,0.10129325958653222,0.9999996876800361
83,0.28243861782846275,0.06995301291024375,0.058702888614465876
84,1.5214844322609942,5.622562182923188e-10,0.6784350277898699
85,0.9409392455146753,0.00276128812660467,0.9946037898175631
86,3.226644321642061,0.2053174642500665,0.9999965690046964
87,0.577654910725055,0.0022073467601632707,0.9999999986437965
88,-0.025207447477910216,1.00668029185883e-12,1.246882713738853e-05
89,9.879996729238217,0.9999900772416481,0.9814502633214899
90,0.7904289026421429,0.0029146453027302397,0.0003314196171918196
91,0.01544589873048263,0.0008809891265018054,0.7462872705441144
92,0.6358709721167163,1.0990539832182866e-09,0.19538665896768484
93,1.14410219664491,0.012119735078897267,0.3147909155298118
94,7.755819511877779,0.7546854130103531,1.0
95,1.2488222295831148,0.16163571934340845,0.05673659977719322
96,1.0211777106824984,0.0863071949419163,0.9987527342842388
97,1.8814027263518938,0.0033756804808413882,0.9999982994544226
98,1.1627827603949397,0.1208338213979048,0.9999927938888451
99,1.4877927358222522,0.31829417516503505,0.9999843994870206
100,1.3825849008749782,0.10344930697993185,0.9999999985397858
101,1.2456714716476442,0.006687363527561772,1.612715007328299e-05
102,2.171169240259833,5.423407674514406e-09,0.8062656916362149
103,9.11417738354946,0.995853500985959,1.2403203533525074e-05
104,5.200175961674796,0.4163386547777388,0.012003929833790493
105,-0.9504904148020463,0.10619949582835214,0.9935019071154
106,0.49719433510897326,1.2356467834310469e-05,0.9998515639055442
107,2.683690481338596,0.11892002242090015,0.1326870785575396
108,0.6559383006916846,0.05249866913120255,0.9999989014080678
109,4.294541829499681,0.41101722644928546,1.6984189488868937e-06
110,0.7498866683897686,0.02469060066784012,0.9794165794035272
111,0.4180048349845321,0.020473051060109656,8.961872303393608e-06
112,0.37011522014116777,2.0877854238230126e-09,0.9999996742333201
113,10.358188430218394,0.997101602598962,5.5195050405403215e-24
114,1.5446040967069985,9.504882562652936e-12,0.9808152197455565
115,0.8885896131750253,0.02721292007434544,0.6302858222916561
116,1.3284429036419014,3.2745140654357834e-11,0.9997450085329225
117,0.6964393861447883,0.010655263711193711,2.1055184844335387e-06
118,1.3602986033183748,1.4113649281054425e-14,0.6696930680554027
119,4.5785159526111725,0.30665955114968424,0.2704393595524213
120,-0.09055889786407373,0.0006260665364003496,0.9836389292578447
121,8.859914581826539,0.8939067921418603,0.8988689370809305
122,-0.4233343365961411,5.704094978854014e-06,0.9530294230577452
123,0.38057368742368974,0.005406556276852213,0.9735868457356521
124,-0.7671187735877845,3.9875124989844845e-14,0.9999136197478121
125,0.8128223116865354,0.06931284517840855,1.650953397004516e-10
126,-0.11487629372413133,3.5754994160492557e-09,0.9450977939430496
127,0.2897932047796695,2.75724116700145e-05,0.9918102545552698
128,0.8007699026601204,1.8310087001707683e-06,8.709566259769674e-06
129,-0.3882871905350558,5.083777463163139e-07,0.9999759275474916
130,-1.1819696902127241,1.9384177397138384e-05,0.0009437983079503749
131,1.4549631522630457,0.015852947847481574,5.1888613046510115e-06
132,7.474535108447764,0.9827800941383692,0.9999999942562585
133,1.3348938941504753,0.09921410099419212,0.16581106382664135
134,-1.6377367518166728,0.006406692073801734,0.8962233716284661
135,0.29847931255671994,2.0285946505425665e-05,0.2314907467916022
136,-1.251688302459505,2.866482215173013e-10,1.2450904315856344e-05
137,1.4834811774439962,0.0011457371042806013,0.9999470223375633
138,-0.9607124100726145,0.04208271604764327,1.6947716746356533e-05
139,8.93382689953697,0.9663243606129933,0.750771174218861
140,3.619420075309336,0.3232176968971,0.9999931147999702
141,-0.13172267425811912,0.056823435203667415,0.9999999385553309
142,0.6457542611821598,0.0003930372091597429,0.004575670806143798
143,-1.803860417096855,0.038609189322449555,0.9963663250571346
144,-2.064183582129612,0.0008588038885862835,0.0015575868340305193
145,5.098831384208716,0.46217935202162047,0.9942242093292565
146,1.2376527138851514,3.1535771550554026e-16,5.3844115101431725e-09
147,3.082412575186929,0.17064600262364324,0.9999685300675355
148,-0.9349190055037987,1.0727584855580227e-07,0.4946860244462145
149,-0.21225161296614428,0.014525221966349809,0.00026479669934137634
150,5.547291423713869,0.6523193518063471,1.1571600231666608e-07
151,-1.8830588112848614,0.00043567307375499156,5.5995592168046784e-05
152,-0.48920401912999645,5.592165144589755e-05,0.9988849951488562
153,0.39253056570546757,0.007944366634022789,2.920127330074794e-07
154,-0.46937446588601384,2.447718655949043e-06,0.0004916807967946609
155,2.132464377912453,0.0005524162685491184,7.413228283755416e-06
156,-0.8638501880186775,0.011695240813687486,0.778839368150388
157,4.797539925102637,0.47182353796810395,2.6662160668938632e-17
158,3.986670598265936,0.17170226708775163,0.3374220176589227
159,1.7141824703801645,0.09936416211681302,0.9999945717697628
160,-1.4858209864359848,4.1902455355446245e-09,0.9999938713310729
161,1.3138772635251983,0.05038883513583795,2.4142443937632098e-05
162,-0.531603299002694,1.5967155850636458e-05,0.9656083828557833
163,-0.0034313684678422976,9.726201276658033e-10,1.348628400524562e-08
164,0.16525859670422974,0.01865855816422078,0.019425613629274686
165,2.48070169761713,0.13888086286226128,1.0
166,3.3669083314404733,0.3512596369710245,0.9974419708293606
167,-0.8016765784330357,0.0002605563923838917,0.0002591592200948207
168,5.192967795657997,0.5245879817564286,0.9986047084734753
169,1.1383471518080504,4.106779000126542e-07,0.999635022079256
170,0.9360776430712352,0.003455269401746759,0.9768547134592268
171,8.250128259068465,0.8643901503730271,0.9999999998605286
172,2.047121324490626,0.003349631608596289,0.9674351819790777
173,5.336072962334816,0.6321624205698961,0.9999987645296045
174,-0.22687915843425105,1.5438103967480893e-07,0.17076393910287146
175,0.04598371211406788,5.6797119369097074e-15,0.005878730032481
176,-0.4064811738573949,1.5901110789629712e-09,0.7588643349975969
177,-0.7436795020309401,8.8109945171619e-08,0.0002501545065033908
178,-0.569463918672287,0.013087687558458077,0.007969010818381961
179,2.1015230010873065,0.01221873318490455,0.9999997383861173
180,-0.002163351818825304,2.2397646376583744e-08,0.0905693467813552
181,-0.7621166115458328,0.0032254600205127407,8.546161527870626e-09
182,0.3177042379055942,0.05305695630105854,6.404992599702949e-05
183,3.8119459287215536,0.2670179244052585,1.4482981854867858e-08
184,9.16731427893254,0.9637828170085202,0.8544640051705951
185,2.5001050219346848,0.2022954481732519,0.0016736248470860654
186,0.5818377731033011,0.00013674902133622378,2.8930763770375726e-07
187,-0.7019377040866178,7.096360708261502e-05,0.9973729681899098
188,-0.3323369156323643,0.005303122543057042,0.08487916373673016
189,1.6805465321216748,0.17033880404670457,0.0005861972230017971
190,1.2669406450608154,0.2063738897985744,0.9783598894789639
191,7.4067363531401815,0.6867323429978586,0.2811581038878395
192,2.1153344088484523,0.21057298223248566,4.346367174347966e-07
193,7.976061221795722,0.923559033438604,0.050955121977884474
194,-0.28943394917809107,7.01011259630773e-07,3.038853353188298e-13
195,-0.7366135065257778,1.4058894524976325e-06,1.6416673360416142e-09
196,2.548649970514937,0.2799262537489443,0.0001245974900969326
197,1.0636500872210883,0.01083544422121598,0.9862121766477318
198,0.9567717344235906,0.0010937158815024905,1.739288945658302e-05
199,1.041552254645926,0.0022491595569915242,0.9908223770092462
200,-0.37287821947941896,0.0011975906830799417,0.0017530632083048183
201,7.739357134068728,0.9225841199264524,0.8919372160470136
202,-0.9871964492735601,0.036684930938060197,0.16158052773509277
203,-1.4241166748073173,0.028165792625109473,0.9999999680482398
204,-0.6387537443354694,1.1762883852655928e-07,0.3185735898922461
205,0.8164922770854679,6.428291975353212e-13,1.805690074780661e-09
206,9.215221193720744,0.9829011603720624,1.805184955514666e-12
207,0.05096279651002384,5.106545646474444e-08,0.9857386801359581
208,7.688337744680039,0.7289930763862239,6.505042055951485e-12
209,1.5194398451299427,0.052915647504356136,0.9999997026392639
210,2.5320746275976966,0.2765748715699003,1.0
211,-0.8990241766022369,0.08875207394953773,0.991230656446875
212,-0.24383001866495957,3.819857907498901e-06,0.39095590066440356
213,1.0088270337430578,2.7897306905193227e-08,1.0
214,0.5215625916833591,0.062026624304669375,0.6996597362897771
215,2.2660793183794303,0.1788958369056683,2.897624425369542e-14
216,-0.21307385876869817,0.0011141865577321804,0.002496588597022725
217,9.835550359893164,0.996617912463903,0.9999915046776149
218,-0.9090489924620159,0.002609060176616955,0.007400695825162341
219,0.8773694811326077,2.795751974595395e-05,0.5113568071582238
220,-0.10418979579952058,3.1397542577458464e-13,0.07898435689752037
221,-0.058255440952639626,0.007116251580832178,0.7075993588115548
222,0.2862589499444795,0.03414127964542102,0.9985005703450267
223,3.4112455108547763,0.45573978003911503,0.017438211062671138
224,1.4081295270248924,0.34154633134896245,0.00020042514205240815
225,2.1986177143824763,0.18755488232893971,0.003190193270161779
226,0.6628055911623649,0.003412448984327803,0.9124781270385742
227,0.5379564382843847,6.246132020168214e-05,0.48127567984453
228,10.257797985554086,0.9683203136509939,5.2508453126804343e-23
229,2.3093154537961227,0.15573784011545022,1.7327655701084312e-05
230,-0.44224586596425186,0.00014866203586907616,0.827686615086577
231,0.21281216400715208,0.000349270774323612,0.5388911240614632
232,0.04835728072673923,0.030598818409233234,7.69503465288e-21
233,9.482202212468573,0.9997695057998494,0.7947079735015947
234,0.09453095653316954,1.2606872279180393e-09,1.8812163813196042e-05
235,-0.23811531317017812,4.900630385526531e-07,0.0022167396519586846
236,-1.353648742595384,0.041649890367857385,0.952673800374607
237,1.2891586807627802,0.0011341610764564304,1.4593942068168516e-06
238,-0.8288655455109423,2.730467843894618e-15,0.99999868399721
239,0.777058188349064,0.00036428841923230755,0.728363245450107
240,3.5892072802125243,0.2010373686033566,0.02180800986342287
241,0.47561197508955055,8.188309765571028e-05,0.9999973509505998
242,1.943070675466986,0.2304820400947921,1.784552746037504e-20
243,11.076851256871501,0.9899610480530339,0.9999998689637841
244,1.2127865731549705,0.08919104223291358,7.531130630398382e-08
245,5.549617430268708,0.6662155538045449,0.9983411147568304
246,-1.2208905471836737,9.665861853553833e-17,0.9999834180775667
247,1.0444291809711834,0.0007937181297844826,0.7635867862909743
248,2.024749573887669,0.20659703226855883,0.9999999459728807
249,1.2995899646996396,1.4243603466048457e-11,0.6381509684317893
250,-0.41784533601793683,0.04087482772023843,0.04990329136562321
251,0.44000578879880853,1.8822921572747595e-05,0.7979285883567312
252,7.320675300038079,0.5071078447489666,0.5435398749434224
253,1.5849121305215466,0.18282042154738884,0.9683099701544825
254,0.08117768098954829,0.0009135617437638856,0.636538194692938
255,0.1465700500809881,0.11518611468722656,0.000495040537466778
256,-1.4501939196938738,0.042499182786366656,0.9999476688768282
257,-0.827758333438302,0.00010186185923116919,0.09984629962423865
258,0.8669350612132375,0.003810608607173472,2.1622146850522767e-05
259,-0.6245883314498395,7.275447892168233e-10,0.7990358903147937
260,5.9200871365057814,0.7109187530010509,0.99386338711625
261,0.833754125594696,4.517928430150091e-08,0.5071883583594119
262,0.7351947879604543,0.004368686162070908,0.4883016412412289
263,0.3994620973349996,3.350495361165133e-07,0.00029893855849336283
264,-1.0123964456801924,0.006455313784658011,1.5681001699257667e-18
265,8.46706746250332,0.838010501380465,0.9999999964751034
266,-0.9529464939241937,1.27226559252724e-06,4.145530745013367e-07
267,0.8081767705598092,2.255027242592496e-06,3.1744722125321854e-11
268,1.444383088806226,0.007244373670889251,1.2089791238372956e-06
269,0.4233014556167017,0.004074439376999739,0.9997331852369172
270,4.942873307159768,0.7129435555879349,0.19379710264233474
271,0.7612668780638143,0.007595006752652274,1.6715259394103234e-18
272,1.4792112198385776,0.009407498353141438,0.7251491967343148
273,0.591578651355718,0.07982467984783667,0.0003730808050199323
274,-1.3303758487770072,3.854900282710711e-10,5.511119735135819e-10
275,2.6519926467724266,0.011472367501170491,0.98506294672839
276,0.11912887671809319,1.4437854953570041e-08,5.839972401408873e-12
277,0.8296240148652306,0.008295237853051243,5.797771501450654e-12
278,0.11976532815939833,1.2391512662621278e-10,0.9999999999509633
279,-0.5126376964764504,8.679669863067616e-05,0.002083679290032018
280,-1.4328117541573446,0.0016369296591427307,0.16897284352784378
281,-1.6652574337895871,0.0005876578000397374,0.9960210623998885
282,-1.2359096380203065,4.1584946980476735e-21,0.9999999964045847
283,0.9797029369258378,1.0687027738272421e-05,0.9969614596804306
284,0.9251340858237943,0.024669019543786776,0.08916024560288263
285,1.1103939090918218,0.001260591539216346,0.5828686628726024
286,-1.2688084457393158,1.2109678894669293e-07,4.425449244206253e-10
287,1.4432505635874613,0.20016921846917188,0.004699184009992474
288,0.35846520980818325,4.1999792892050713e-07,2.0737186781861283e-15
289,2.470051216018615,0.301169614748507,0.06081846102214174
290,5.431990530742725,0.23920896615856813,0.18758692940722801
291,2.7889302482040805,0.0009006234230971648,0.9999999998575116
292,0.44209016599511397,4.687226417151722e-05,0.9997075493174253
293,0.21269980474434935,0.04599330932491289,0.9318387826500013
294,-0.508606619204437,0.012544078330638392,0.8934515874568755
295,1.2459393065246442,0.24550029203571633,0.895834712183132
296,-0.4482049413381288,0.006460519682758911,0.17449886509258278
297,0.15256774169897488,1.3883886749329822e-23,0.9999999695401984
298,4.424161152710909,0.42366637528201806,0.04184402321533887
299,-0.15538681229852758,2.3630557403227845e-05,0.997111891681705
300,1.3871770847843126,0.006260858756047332,8.838476233393155e-05
301,-2.4005592948872514,6.399596455008072e-05,0.1597788934782528
302,-0.1533873412473726,0.0019347868383298734,0.9067396270673573
303,2.2748399811864997,0.23236151732151553,0.0019924262368272126
304,-1.0137052623849896,0.016041634886199727,0.9997906717642727
305,-0.27993860953454036,0.0020025894228594223,0.9641053929404934
306,-0.3852955431585556,3.391102523351684e-08,1.3038103404617428e-21
307,0.34579379321640313,3.6493372758411107e-06,2.171231787681041e-05
308,9.354867177658429,0.9451968202448333,0.11896071611771472
309,-0.7661778966825763,3.940376887669734e-05,2.995076863598995e-13
310,0.039994268779962594,0.1491682897245704,0.1046444144488006
311,1.7637034346460132,0.00026565306703776653,0.9918356605205806
312,0.5344420247513936,4.745007686722227e-10,0.9999915605137049
313,-1.453888308501402,1.544492193800421e-08,0.6495479541514703
314,2.11908139510229,2.4713722066927014e-06,0.17384573430419395
315,0.38278931594748544,0.09140880324973452,0.2234560057904363
316,6.327491552157083,0.739713795895784,0.00024729731248776743
317,9.862546943808121,0.9271354396697697,0.999966182358575
318,-0.4582314307725387,0.014621219633325652,0.0004698196187519031
319,0.8031126982491619,0.00012011745415393157,0.9999999999770178
320,2.102908445464635,0.07935479308459245,0.9999982915225348
321,-0.03219626597320708,0.00018630798439641985,0.9999999999999281
322,-1.3919448969635386,0.0001412559581483027,0.9998833019581321
323,-0.22221306875494046,4.470245687664533e-05,0.033713542525173994
324,-0.14770744867758623,0.0011870906895095085,0.9959924268287641
325,-1.2925575081240743,0.013943864508269035,0.5410703557715667
326,0.22468089131478836,1.2801249302287102e-06,0.999999989065545
327,0.18016579351885986,0.000259272572463776,0.24338256623309723
328,0.12227131468696799,1.6364389154075332e-05,0.006067263949924414
329,11.310655996093615,0.9918792802785545,0.7297903628969526
330,-0.7131471918758256,0.0012941877789898462,0.3087765467999398
331,1.3297100736360898,0.00011855237382069716,0.8884793925000577
332,-0.5547145476338979,0.0002180488012916214,0.5330302288173449
333,0.2711889283320743,3.6353097726417154e-11,0.007228056906479802
334,-1.688750502495608,0.0013026888401673476,0.9927779406190997
335,-0.9813125050629848,6.288037092621211e-07,0.025865975877086698
336,0.2458093289191902,3.0341256376411762e-18,0.0009559194542695061
337,2.1657522361097135,0.333338429662196,0.999909539697341
338,8.284574235949599,0.7434189713240973,1.1091544464688646e-10
339,11.107460868459745,0.9863639615974534,0.999924269925321
340,0.12628802741141615,9.871880956716811e-08,0.003932217018757162
341,9.03065386814583,0.9840297947052769,1.999318750570993e-26
342,1.762910350643673,0.0011903789981322901,0.37395615439620633
343,1.1200216970290573,0.0012842496357624703,0.0029066249838695848
344,7.555966881112402,0.8030797950980311,0.1095605716607185
345,1.683042500963566,2.5138820116307577e-09,0.0020116584922431004
346,8.804221019291209,0.7341924132604964,0.9999460628997539
347,0.1463323808678511,5.843429756886122e-06,0.9844689954920979
348,-0.2345337254355433,2.9752168937127873e-12,0.999999999811901
349,0.07816824918152475,5.95711298064788e-16,0.009352668741633843
350,1.3965254920773187,0.00017376563379195922,5.036641696302966e-05
351,-0.9487673092005664,5.09528778054092e-05,0.9998894577284839
352,-0.2667263654655497,0.00036135916039451213,0.9999976994655358
353,0.16352308467633264,0.0016982844199014849,0.7297376114374788
354,-0.17339569731350765,7.828579098775665e-06,0.9894038219614856
355,-0.08813184219554589,0.0017065881497963908,0.27610304067540664
356,0.3605967001866494,4.717417010567571e-10,0.18269576155468803
357,-1.3847168460697448,0.004277766524749251,3.368099778469076e-05
358,8.392023330825847,0.79374035773168,0.6266921837186409
359,0.11289132842645708,1.5756147919396888e-06,0.9885801194710736
360,-0.021221230339097064,0.07220747231901112,0.9969509295724588
361,3.221129970122311,0.17522781780607857,3.1547789650147484e-05
362,8.41516609866833,0.9193676438928202,0.7065800127363875
363,1.1132486275380178,0.026786111475837645,0.999977671134005
364,9.736740858831334,0.9892869705615019,0.9999999965791351
365,-0.3320428041288145,0.003136513032072597,0.9999999999506582
366,0.9746006592774537,0.00018264500410047633,0.9999963570018392
367,-1.1603182194841115,0.0876051957948243,7.464074529425874e-05
368,10.766211147554522,0.9995447702340627,0.9996416087801857
369,-0.1611804554007375,0.0006187715670348176,0.00018180832754096675
370,8.219289736960414,0.7939914873339438,0.9999999085524496
371,-0.20013994514909758,0.00014674236915797925,5.1183917472610133e-05
372,0.07708709954860364,0.00042964824430513795,0.0020745937827215647
373,-1.0812368629878362,9.620646635576072e-10,1.0
374,8.4750630241801,0.8859033304138791,0.9266351860698957
375,0.46128469538843087,8.084168042979951e-06,3.656697936909786e-15
376,-3.112500383854787,4.647540124308848e-05,0.008154620124964273
377,-0.8321277544105017,2.675690112864462e-10,0.004348863997877414
378,-0.4346226287622748,0.0013449863488331681,1.0
379,0.4939966613225671,3.454369824168694e-08,0.000713825640526538
380,4.339610239783937,0.3463169678117187,0.9999999999999999
381,10.603261350553971,0.9932186250017815,0.9999999999999902
382,0.07155733063797474,4.1554622453307895e-08,0.5255636833471332
383,-0.8824395306456774,8.271837318836077e-19,5.35997029047504e-12
384,0.0512129241960133,2.4937487118347714e-06,5.993548916108146e-13
385,-0.9492313591015982,0.0017657079071129224,0.0068412067143082105
386,-0.41522387517616516,0.02079791561866969,0.08431139249623483
387,-1.049938934630845,1.8681515845362496e-10,3.6180789322393024e-13
388,-0.22824296119226328,9.632889212319392e-08,0.9999999944034409
389,0.005080343270926879,0.02385606851287548,3.63773978623053e-05
390,-0.3002515188349971,3.371315750334896e-20,0.5587183076873101
391,1.1956173565173192,0.14375028604857562,0.9999999996486065
392,9.989503618831025,0.9396852765554914,0.03193994363258947
393,1.7432301483510553,0.004037975896059149,0.9992653279265112
394,-0.38024163573564285,0.10594371769179538,0.4309877527466847
395,0.5274343707072235,7.374633822078709e-08,0.9999999999918086
396,0.9026359604091114,0.028672228875198873,0.9779352045249101
397,1.9006179055950616,0.2838062238168215,0.9995674172296914
398,-0.33867425226834996,0.017399288296670208,0.683204020941378
399,0.7003088269875766,6.42245631319838e-08,0.9999999798894326
400,-0.5728772893565158,0.06447821629419624,0.9412619949207205
401,6.184480692016903,0.6582859173437419,4.6143866076714486e-06
402,3.0017500271221556,0.3016299758423273,0.3086765429489156
403,-0.46914938487299684,4.411297010876176e-11,0.9361288195034928
404,-2.171120937024206,1.984491929640408e-12,0.16488574072983442
405,7.7580951396060644,0.692354328442561,0.023324344376628597
406,1.1148152752444709,0.00785309952354164,0.8726630815855101
407,-1.1051214479257658,6.044621496613173e-08,0.9999999665044298
408,-0.02835020993912574,0.0002924779708119431,4.942131386418891e-07
409,2.022097442514049,0.00016846166420356453,0.3783304938107918
410,-0.46606957510766,7.68014216607233e-08,6.119725881689067e-07
411,-2.5647474478007886,0.006411378651138678,0.9968224216818748
412,1.0195387707288162,0.19272549557610863,0.9999196158551024
413,-3.8340510708160593,6.1001528211559745e-05,0.9997933275917009
414,-1.1960125105407493,1.005161408033375e-05,0.9999999996860918
415,0.7104972094615587,1.1238904729986271e-05,0.6561061213482489
416,0.05257579743249081,0.002881634636067485,0.336747411410262
417,1.4359783533600379,0.038391141565780475,8.986114779818129e-11
418,-0.5698316891879235,0.005242089760846875,0.9995046907051403
419,0.2806392300908173,0.00019980184185507078,0.0019980689913946335
420,0.018617007195745012,9.74162484227399e-14,0.9952988066504831
421,7.108222505635142,0.9248280298567726,5.683031216872344e-05
422,-0.4887830127063481,6.962338165290631e-07,0.9990573556696685
423,0.3737253923974847,2.4654055290387236e-06,2.0137974380857306e-15
424,8.358124756265106,0.7949303547768028,1.3376805203169383e-06
425,1.4479321815581687,6.077792769272449e-06,0.9999999999955512
426,0.9528020813890158,0.006558177080094178,0.9999999999999425
427,0.6199034774652595,0.14294903895021793,0.29829733147658505
428,0.13945254050976097,0.01675642768739044,0.1499790948625403
429,0.9099944941966898,0.07132075549924133,0.0208929068049263
430,-2.0812315820888028,9.681220512079951e-08,5.280813637420495e-06
431,1.0399580787284906,0.016485344289923702,0.9999999942046897
432,-0.022500310170288137,6.871052963399918e-09,0.9999999942798923
433,1.0549020111446266,0.13152969707878007,0.9999653971740479
434,6.277739452098153,0.4603713386923538,0.00410308708657196
435,0.2678149462104405,7.432411360836637e-20,0.9986990507733009
436,-1.4422451568619203,3.7359900894293634e-06,0.9998372912591125
437,-0.4044369909483549,0.0002229017702573573,0.9989249889541375
438,-0.8912318389792986,1.6109091254827604e-08,0.018407075457462518
439,-0.03939702287959852,1.991459670867607e-06,0.99296764292006
440,0.24322736437474218,0.03327483646408943,0.9884796251275115
441,0.4897029016990207,3.5421250612406183e-09,0.22363500432986994
442,8.492135760048027,0.9994728651589984,0.9357728552780787
443,1.568045875553014,0.031132212240616634,0.0008037792583785346
444,-0.5238562762333351,1.6435343351656964e-12,0.9940999203555517
445,-0.44997159100760054,7.57859045919109e-12,0.00028026073004221646
446,4.8334020302903955,0.3992744686254839,3.746788011549062e-14
447,4.72110540744716,0.40330704304344384,0.00010119914830554977
448,0.35372119554644926,0.001959360088663081,0.7381597204309058
449,1.769327891797083,0.2112329658167895,0.00018084794449178568
450,-1.1525926813700358,6.5297769719564394e-09,0.9999383878060321
451,3.823149845749936,0.265585104404848,0.9985958876968911
452,10.123669781541379,0.9667172194529788,0.024878910396498085
453,4.537039535308601,0.438692608473764,1.4487924972608397e-05
454,0.7096294196016265,1.1007189340914393e-09,0.38667798091246963
455,-0.615071042761211,5.220020576985522e-09,4.698595108878835e-06
456,0.6674371968589939,0.000350956616273183,0.244603677209838
457,5.068479139178525,0.6427103040189579,1.3597907114004016e-05
458,9.372315418634031,0.8868501210101574,0.6627462738026767
459,-0.6645950739930593,0.0012295387421186895,4.9153422397312e-10
460,4.634651578836719,0.38497036870337703,0.9999999990546987
461,2.811371976723545,0.16512597566654275,0.0002044066538422682
462,1.2405217929760528,0.0236352052386063,0.28703594904081026
463,-0.9614527532207697,1.5035052074991978e-09,0.9999997728579738
464,-0.9654308525500457,5.0930511309369765e-05,0.0020026201302618045
465,0.1510686238163864,0.00010452332238640796,0.9999999999166466
466,0.5714728061206014,7.411472097006236e-11,0.13918359626608645
467,2.5060020130012126,2.791472860568771e-06,0.21421418122024377
468,-0.4018092544918415,4.679213448431918e-05,0.9982353672075206
469,-1.4775464976703565,3.244925203047151e-06,1.2957684649244886e-08
470,0.6606005874158312,0.0001788147687495371,0.0001810656462285011
471,0.14429697203045797,0.009710320847024306,1.7545189953269681e-06
472,0.5478070427951844,0.012191375305518247,8.029266675977066e-06
473,-1.2292652423994572,4.560076164826203e-06,0.9608652818181476
474,6.626900319495122,0.6786148789527806,0.12107157654321217
475,8.081694710027062,0.8018728494779314,3.4003258941027773e-15
476,0.7540834513144322,3.222414525624357e-08,0.9934589037770699
477,3.3731586882520177,0.09022029406122162,0.00032909658996735825
478,4.22714083912108,0.4105068969757234,2.6961363889792385e-05
479,-1.4070976394500738,1.2209648016033748e-08,0.2643231840347416
480,-0.35915675760006344,0.00030965694596425745,0.9999998068279402
481,-2.117628811693585,5.187458327207703e-07,0.9999999999999888
482,0.49508220906985495,9.116978577709718e-08,9.131598288730872e-15
483,9.307659575293222,0.8783188210912777,2.647859259123699e-07
484,8.590513725426472,0.8833488195904058,3.7096323967309535e-14
485,-0.3405379518753615,4.0677644364125276e-07,0.001371358217825836
486,1.3313954598214401,0.08180254526720124,0.7530301145240964
487,9.974814614827553,0.9959226843358114,1.73885621575168e-08
488,-0.4885522294832606,1.3529263007326437e-16,2.3977078558362086e-08
489,-0.43790920145235274,2.708557831414303e-11,0.06308057373641673
490,-1.2732047631946808,8.29143164137795e-05,0.9999999999997162
491,-0.30000522696750376,0.06531963667640979,0.00362634773332489
492,-1.7153491332069437,0.005434002303657222,1.5918783656386398e-05
493,2.312031544383637,0.15755448092037416,0.9993439982736854
494,0.06224063240068941,8.082712651658876e-14,0.9998996763142716
495,-1.0174299839364582,2.2419185234692006e-15,6.385891294312877e-10
496,2.7155431922875866,0.02724716866000822,0.06952939435219493
497,-1.3498317699441365,0.00045818294210116337,0.0021804066297184364
498,-1.8928969712451165,1.5855101457536428e-08,0.9999999999986598
499,-0.9281843854354032,0.011927548843600535,0.0018225801564757684
500,-1.9395946788172738,2.6237340442176877e-10,0.0006257804796960146
501,-1.7218845867970243,1.5094409439224827e-17,0.9573447939594099
502,-0.9409781100656225,1.4707504071692106e-13,5.367577264124975e-11
503,10.363202368883865,0.908696622821512,0.9995556719718534
504,3.5429240886800324,0.4529349018114992,0.6315618166122158
505,2.267604292780118,0.19436255505152766,0.05380152803481996
506,-1.0739067423262945,7.587784772605582e-12,0.9857573795234361
507,-0.8323496400849398,3.810285731230103e-18,0.6325662680081195
508,-0.35451875434712304,4.296425411906105e-06,0.9678539184807587
509,-1.6255474149270668,0.005907182042786254,0.0010903109887968547
510,10.506871847494706,0.9585730950348597,1.0907808088547108e-08
511,0.7887735419089892,0.013140043259876917,0.47095531576628735
512,5.554801118973361,0.5874466983818396,0.012828073231562093
513,1.1613419857023004,4.7286991849873515e-05,0.9999729012719707
514,1.667348998432959,0.12297138484867991,1.087210373291845e-07
515,6.5114327977532716,0.8224078315265624,0.00034570720374285023
516,8.109609223480563,0.9005202676149975,0.7151837317693378
517,-0.6211315811831464,3.4516304015069147e-07,0.00015123250450834702
518,0.5013426507158291,0.0016694446738712884,0.9999998542583074
519,10.196051730175867,0.9266247154828302,0.28499424346253766
520,0.4266051290918614,0.0021987966158045066,0.3441439647704253
521,1.2484963692319377,1.538264303017228e-05,0.9140441094501377
522,9.089100007612295,0.9671629347081793,2.0699469222638913e-05
523,8.171684971747052,0.9717163669490995,0.5269756479213306
524,0.497660256901252,6.495443690925435e-15,0.9261837541369998
525,2.6897964174189406,0.020850804756199243,0.9990129156263431
526,-0.6588771579920034,0.1041140411906701,0.03160835689468414
527,-0.7922314760372643,0.008774580125226637,3.311660194232831e-07
528,1.8181060182985203,0.2314748094216343,7.758676168546943e-07
529,-0.030879811279248163,1.3911916601023162e-06,0.001196414204177025
530,9.608066433859252,0.9851193480825386,0.007118186492326267
531,0.31262609934370494,1.6556066398853922e-09,0.6772756873286553
532,-0.8098876553716269,0.010707593148159215,8.926633642073667e-09
533,0.6162574883110835,4.988530602205415e-07,0.8882172170825098
534,-1.9182707546162658,0.00565736110477196,0.10701951375933237
535,2.1856760393926233,0.005336805755913477,0.9860087625690424
536,-0.07886614362564452,0.003196619731493555,2.067809154185159e-05
537,0.4443035740324179,0.005186374854175884,0.999999999999701
538,1.5182648902885758,0.0845993527688829,0.08105940127732654
539,3.0210550422057896,0.2503214681973612,0.999902013693747
540,0.6000160333460772,0.005964841696524086,3.4756883655792576e-15
541,-0.8635084464508436,1.922957523784246e-08,0.9999999999999974
542,13.198027350101103,0.9998991499865687,0.021696528488427017
543,0.5112363660925222,2.7721085458906422e-05,0.00020959711449194563
544,1.2415457442800315,7.512897490217702e-10,0.9991577630578561
545,3.217371810979561,0.12833980731573788,0.1052371425047699
546,4.1861864849312305,0.5169899193424108,0.9470524642603236
547,2.672028260773468,0.09276558081652585,0.9999930627877591
548,10.658575697069423,0.9851661925493773,0.9999415679970424
549,1.1410577319884885,0.030517369741285046,9.825718113144481e-14
550,0.21388726686752918,0.050041519280825744,0.05447471648312306
551,7.3766294924794,0.7619948582215808,0.9999974092601623
552,0.899130757128671,6.0431853735216285e-22,0.8093032625104406
553,0.7792174643475615,3.786828127724003e-05,0.5546355133128816
554,-0.6309001795705621,3.9047061921471745e-11,0.8068839968593033
555,1.2111146821275942,0.07859157891932737,0.9948569068914775
556,-1.0556769948705726,5.467600964717165e-09,0.4684703923671984
557,0.5598326785144203,8.303218340798908e-16,0.9887281702811387
558,0.12693003625801474,0.001631492582485125,0.9999999914576798
559,3.2296141118005184,0.5522868858184277,0.9999999990051676
560,0.5463507565345059,0.002661796842013808,9.933156143240484e-05
561,0.2843678529595322,0.00010881775140896421,0.8779308117809904
562,-0.33249909485997714,0.002225145543708661,0.7657893569079268
563,5.049668724687977,0.399129458220411,0.5813095540252398
564,-0.33280599822371354,5.327023702275008e-05,0.997379473976703
565,1.0723357827328073,0.18151759499573716,0.9999943232062175
566,1.9848995370075238,0.2040837034111544,1.632155246810708e-08
567,1.6551521976142565,0.35574647143188987,2.7016297354418613e-07
568,-1.0957908781672954,0.010336815076680734,2.601268219361038e-06
569,-1.7908948354384118,1.8080734341335693e-07,0.0032194637658939955
570,-0.14405637359950937,0.00313196745322395,0.9639433977277678
571,1.970202733505623,0.19343672227806005,0.9569803390610703
572,1.6993396356484198,0.168019523527696,0.17407396314279192
573,-1.2858720820497076,5.2989498828339085e-18,0.0010699235236922503
574,-0.3804580629807281,3.579654179047484e-05,0.036776514447751624
575,0.6701376243506965,0.008429831436964743,0.23190027246255643
576,8.646023213220145,0.888662519261357,0.9999972926037666
577,-0.74829455356897,0.0010593367111418341,0.42576796851257914
578,0.39346203175622857,0.013055595737426418,0.0037289612192920474
579,1.3209199394831639,5.840309829203404e-12,0.999998646405114
580,-1.2169194182542247,6.094196495990323e-05,0.9140038440910093
581,-0.9098325793211777,0.0034421386208394983,0.999975327225481
582,-0.007133570206280384,4.824934706078444e-08,0.998403945886344
583,4.8467648056611,0.4495100420777223,0.9999999916148177
584,0.9322106808664621,1.2727590286018155e-05,0.8792226844167635
585,1.5646333055805057,9.777020265792356e-09,6.352820969645177e-31
586,7.77951452746892,0.6953725575076237,0.781064139788717
587,2.1104729510608196,0.023556032815534002,0.999253529175671
588,5.047860138561049,0.3147505663621438,0.00041315497558702
589,9.656586350572129,0.9878415670688965,0.9994707164198396
590,3.1285288252049277,0.274085358344866,0.8797794063478338
591,-0.20361051425824261,4.085116954374463e-10,0.9963942904979006
592,-0.34288531847655634,0.07776218121637309,0.9999999996204515
593,0.6247058161815352,0.0012132925058542362,8.773504133852339e-11
594,10.644774911707895,0.9699966317151809,0.9999999999961073
595,0.21985909786561975,3.456632777765114e-11,0.9976753337093917
596,8.144801813788604,0.9864003887397774,0.4481572550177018
597,10.10292470940235,0.9106277746749257,0.9910574300034685
598,0.42516614506353795,0.00027033392434239607,0.6118663073924276
599,8.236965594558967,0.9985073984052165,0.015508428722474541
600,-0.26994727090076714,5.937917053012928e-06,0.8472449446754706
601,-0.6319133851276935,0.00015048956699769848,0.011453513680197343
602,-0.19784436582703546,1.1509776995276475e-11,0.9999655124007701
603,-0.587917580177953,0.0381785793136054,0.7161310111744492
604,0.48332461178784536,0.05040585745646664,0.9936284452413018
605,6.017071615161829,0.38416032594342053,0.6977092374435018
606,0.4608935174011503,0.005862857708535476,0.00044718899504799165
607,0.6892869084521169,0.08043520840322697,1.9837333041597838e-11
608,0.2375943714942047,1.1860856942720763e-07,0.9999978360723738
609,-0.7793596528055805,1.6542981386500144e-06,1.6035516097128965e-13
610,2.7687935042428937,0.3510825687605689,0.05904194519670863
611,-1.0110955266018755,1.381012096473538e-09,0.9999999994730048
612,0.5768396025862516,6.948023492955954e-06,0.11306012035142286
613,8.545094104428152,0.948722280498827,0.41649821423827715
614,0.1116506160185903,0.008633417415168461,0.7389289307249864
615,5.337748098071175,0.5814786212827211,0.04629159593211286
616,1.0813411550683216,0.13405710081048625,0.9794497664188432
617,0.8783746065294245,0.06658768729338019,1.9267709547127024e-05
618,-1.3500163793236213,0.002201743642236503,0.9987895054715491
619,3.855360356976255,0.3490607536948529,0.21893349889462627
620,0.4612315938090209,0.006554003892513862,1.071106868902045e-07
621,1.6934673599550654,0.05824765030783053,0.9999242515316356
622,0.38988931902722335,5.762789433071476e-06,0.24449000375916324
623,0.7239130235937181,0.0012205104917469148,0.9999997474675698
624,-1.7200525750447617,0.006841969827004718,0.0038595901002615824
625,0.42199285725334246,0.09788737394246708,0.00010076098992569527
626,-0.3391707151877795,0.0021209234534711463,0.9812877597889463
627,1.8648158978302694,0.0007941477859686107,5.625184082297645e-07
628,-0.814822174328097,2.5598140985112864e-10,0.8970838131865667
629,-0.5377111992012165,0.0029251244853813656,0.9986925749088202
630,-0.8217511298472356,0.0015291780271004573,9.010637549190203e-09
631,-0.9291094577129116,0.0038722905787180874,0.9902779253458842
632,-1.46935580782693,6.89379553901605e-08,0.9225351646294305
633,1.4478632577946884,0.021371938885440846,2.5108585131198523e-05
634,0.24111225039377898,0.000484718757296193,0.8029747941371529
635,-0.23133288660801332,2.5387593983446016e-05,0.9999999999984786
636,1.8057291430866516,0.0005694165130185277,0.0021840180825472254
637,-0.28393198390200347,5.356385035760405e-13,1.1706998689821933e-08
638,-0.8436961616195029,2.0039405828699814e-17,0.35171147435362626
639,0.8467428103033283,1.413668936722426e-22,0.5761925919717473
640,6.031282445480006,0.7000235288321606,0.9999995586727288
641,4.159020723679358,0.3160781870877937,0.42879338040506537
642,0.8181588798990854,3.574479410473812e-05,2.496336857892659e-10
643,9.815285291787433,0.8696860225268265,0.9957084807812142
644,2.781548047943397,0.22787933339255453,0.999983848484214
645,1.4477694423646452,0.11876975223419352,0.6381026420164988
646,0.04138596238543803,8.695146867652428e-12,0.9571772899227234
647,1.124692215639913,0.008277653111596926,0.0012408072555643876
648,-0.43048907453416113,4.893240608103917e-08,0.6093017317669498
649,0.09511155402823128,0.0001894018690152767,0.9999998244617828
650,1.7820078049778991,1.46507549981344e-16,0.8817561757634265
651,7.829110413419473,0.6788661060858064,0.9980010261662995
652,2.067849102568827,8.088801188762083e-12,0.9999997605366745
653,-0.043670217240111255,2.5118795697593167e-06,0.24075763876910145
654,1.1446540199660848,0.00016462189798603137,8.767868679707728e-11
655,-0.12658929781279898,0.004816917774489556,0.4736145933736384
656,-0.6821840748350583,0.10082369508178039,3.6991184596449337e-08
657,1.0521738379175587,0.004488849390655575,0.9994422885901573
658,10.512463280598245,0.9978844005798337,0.31634002202188266
659,-0.23446430159772022,4.4530308558492866e-05,0.00019974069702992007
660,0.790793925672956,0.00046715501521006354,0.9990084058004589
661,-0.359412327578085,5.3349471130397935e-12,0.9999999999994577
662,9.670538111240306,0.9996475388841911,1.0
663,0.9275320274624764,0.156014162960032,0.999999144722581
664,-1.6552494331620273,0.004954492447766491,0.00579603751539635
665,2.4592390905128534,0.20933178312210735,1.4230983741013322e-07
666,-0.5445033782223891,0.0157173981836685,0.9541032688755616
667,1.0002215256319504,0.0016599957041768803,0.219230703841801
668,1.1137500489806436,0.015788290666653472,2.618747345765262e-06
669,0.5638693255323068,4.0127851260284094e-13,4.771036688648349e-09
670,-0.06660244286571193,0.1676104689998178,0.9704287015147913
671,0.9555188912003781,0.00022680076811300596,0.3103198361967576
672,-0.02045837411550785,0.0002623836475202338,0.30800358838474373
673,0.9676943568853653,0.12172249265069014,0.9999999467065229
674,8.329232168525271,0.7736655772275228,7.128993581409045e-05
675,2.948381072519932,0.34526527291613274,0.9704872123377626
676,0.6393707614346705,0.00034152333216099515,0.680727694472656
677,0.6680457382313523,8.032299904676604e-05,0.9797204052501631
678,0.13251102637511283,0.0006604376972955367,0.0003256958813147148
679,9.112085927657768,0.9088734202208179,0.9480026292587563
680,-1.2962314395857442,0.0022546657311996563,0.823678509581674
681,1.3449904373647739,0.11611811461771622,0.007619689691594373
682,7.511624504276032,0.8808243676697463,0.024473629216533368
683,0.46094189695243254,9.218917859440908e-06,0.9924289162169965
684,2.4013845890897954,0.14359678090458056,8.580751552874303e-10
685,1.0865124980294891,0.000532998641823935,0.9979974708818447
686,-1.022840818762056,7.671297942500843e-09,1.0
687,-1.3120068894024186,0.0006168116162087934,0.9999999946875774
688,1.9394892076586883,0.2576855413292132,2.6836881905416973e-07
689,-0.4676583321090732,5.652243382316647e-05,1.1396889501316107e-06
690,10.20028486654844,0.9966680651682006,0.999999655474147
691,-1.0384245318073262,2.9110810888176286e-06,0.43197977649321095
692,8.940984349376556,0.9982105003977955,0.0696446491867838
693,1.8068608671161157,0.00404714301931171,0.0007119316578234686
694,0.21184080721914997,2.4819569417932985e-07,0.9999999971189757
695,1.4397733258133747,0.19753435455185833,0.9373388613881681
696,0.8619395411866438,0.002674180784823699,0.9410568455526716
697,2.832729649592009,0.46794332591861315,0.0010291181829166533
698,0.6306900325811171,1.5314775476763959e-06,0.9999999507785416
699,9.147814838997336,0.9008834897455633,0.0021297277329396995
700,0.4571092450730037,0.0004886453238892184,0.9999999893407212
701,0.9852759456703474,0.0009255556297318874,0.999995891407419
702,4.209852616681944,0.40571477294445335,6.091535865263689e-06
703,-1.5992492409648655,5.1989669222353115e-09,0.08661621598560151
704,-1.8275394970955676,0.02186552437355168,0.0008185758369573097
705,0.23389679874739466,0.0005399102965488006,0.434021551206781
706,0.1329267234059435,0.0011567459881740196,0.9991090954401207
707,-0.1018277024892314,0.038715391023449584,0.9999999999648457
708,0.018779192395578972,8.510288384580061e-14,0.4739190862692385
709,9.957411657929644,0.9862867935052202,0.015355939026140103
710,-0.32283076295234586,0.0054993796393733325,0.016205232854113467
711,8.368385352033927,0.8566360805078023,2.8577976195715212e-09
712,-2.027044396171856,0.00014843587133669432,0.8869339401842956
713,0.8649578349625878,6.445297232986321e-07,1.711591223935942e-07
714,-0.3039749518673954,0.0016077783043402887,0.9992421632161274
715,-1.662937155125181,3.2871931165346653e-07,0.0002098711295503607
716,-0.5286753198428522,7.166670111118247e-20,0.018309178332864127
717,10.577020892693119,0.8547012627983371,1.0
718,1.8152216901426654,0.11556202977225118,0.10198029626917106
719,0.7586114685559879,0.0014999071500355929,0.10400566319663228
720,-1.3674466014760855,3.8784021940019437e-13,0.999747972516845
721,0.4442778750864035,0.007996635573619912,0.7068321993048939
722,0.21783399387544375,2.083974041641408e-05,3.8682971421296374e-06
723,-0.5652633271941481,9.254581734271393e-05,8.646751884768256e-08
724,5.256043046697466,0.4987246804488855,0.9999170186762427
725,-0.4887690346122153,8.431274528339308e-07,0.9937656428115573
726,0.983280168536841,0.08347097135219667,0.9991234433631697
727,0.2874762230211301,5.495345834190002e-06,1.7629788516395777e-05
728,1.3927740526267993,8.875598634597179e-05,0.9999999869651316
729,2.7999258025924787,0.2461747775454969,0.999805684559839
730,0.11508361977478637,8.160035442718252e-19,2.906478083222023e-11
731,7.399720355571686,0.6052616316629446,0.9999887983765298
732,-0.026285256707481497,0.0008166739250820376,0.023754662955456047
733,0.6073055113482353,0.07775411279361641,0.9999999990607057
734,-0.38509197441836074,0.0010126183061500837,0.999999999992557
735,0.6863852088614067,9.236956191315161e-07,0.9999999999993084
736,4.000158919869403,0.517567867208127,0.016450558663390267
737,0.9476718392483062,2.1538512924966484e-05,0.9999633999123376
738,9.519941696815977,0.915324583919091,0.17939246898003655
739,0.5901930420455213,0.014549493003492139,0.8421624911378693
740,6.721990522995902,0.8506281324165073,0.999999998006821
741,-0.4558050249764601,1.1931303659326251e-15,3.578320830935971e-10
742,8.339445205197851,0.9000592755577767,0.005284273612043919
743,-0.08962859844246605,2.982369023977256e-08,1.74973661801132e-05
744,10.0961159993559,0.9833048219658624,0.9998983064956086
745,-0.24642255935410268,6.004085958514635e-07,1.2122837133046783e-10
746,-0.7825435969210934,0.00012621287587934475,3.1317897379791605e-06
747,2.752831239631398,0.09331751409483872,0.7559370744545024
748,-0.008293108066417587,0.013984880313203784,0.9991754059459023
749,0.865918437499944,0.043044124050038116,0.37203675734512304
750,0.07182008568266858,1.5377922425667102e-08,5.985760038548823e-05
751,-0.1544664428717595,0.001970881629244681,0.27380232936667254
752,-0.21824127322962172,0.00024850366100273016,0.9359110885598978
753,-0.80613801098791,6.848526372581132e-14,0.0078235671266431
754,-0.41921670807221784,0.008635529330294949,4.264559746447238e-07
755,-1.0140096045432303,0.0029177766059839353,0.0007108661865453138
756,1.9325424841386278,0.015699578329757977,0.8329183047739857
757,-0.30362726625885306,1.2322065884880558e-09,0.9996338583469884
758,1.627931887418782,2.9633076581017715e-11,0.85975046335319
759,-2.2589012520974876,2.5244399604539083e-10,0.9991522602853607
760,2.7644681443941503,0.11034886670763411,0.9598810946154478
761,1.880583545242252,0.24412643389005467,2.111272851504597e-19
762,1.7991314234926308,0.00044887291089501605,0.9970903930325032
763,-0.6948454369869662,3.321579217705093e-06,0.9999596744441411
764,2.012144171678952,0.3075196840186723,0.9997137287084871
765,0.9194786027724285,0.001333800179861734,0.9999964335369591
766,-1.170524414562111,2.9537509177011105e-07,0.017091645642182837
767,-0.07072172300947481,0.0008237981000514377,0.9888457596729427
768,1.1025747240387032,0.03072428353829069,0.014466087539894232
769,1.1115626517368768,2.1756103475089642e-14,0.047701007560505035
770,1.6822998584967241,0.16821678561215006,0.6381897714591123
771,-1.0888333806691093,0.057495886928969814,0.9591299974725014
772,-1.084748321288155,3.027690874372729e-05,0.9990047669613873
773,0.7590166379478546,2.514243620043595e-05,0.9990349829849554
774,5.360287601606648,0.6024148942154377,0.0004544518948229018
775,2.506639724763546,3.4152248211640924e-11,0.9999996489201566
776,-0.06619965638046611,7.025212358827189e-21,3.276066099894332e-12
777,0.9327958881859136,9.946726249836285e-10,0.9524691445408442
778,-2.159785026161663,6.505193608337273e-10,0.9455191295293435
779,0.3147904548230114,0.1418455715503941,0.7117855992801104
780,0.6520230748519051,0.05064649124053441,0.02439172823683477
781,0.512820456238686,0.09103439925497306,0.9829421844850706
782,-0.38073127860714767,0.005536253812642709,0.029650791255611285
783,-0.5876523179313307,0.003303347866486208,0.999954487575889
784,0.7397446736241954,0.0004682713279119022,0.9684389557348002
785,8.977210570383676,0.9996626597861553,0.9999708426064344
786,-0.9523077573373102,0.0002876178405968098,0.0023291718679476344
787,-0.02766833857272377,1.2073766255205426e-10,1.7065360883596622e-07
788,2.1685375051964297,6.160927005321889e-18,0.04823175655055207
789,-1.243993283117078,0.007987768644545304,9.64155368301702e-06
790,-0.11287232842858486,0.0829972379596916,0.9927486127616305
791,-0.40645746787057163,7.028153259034731e-09,0.5035186396470442
792,1.6946089025700866,5.1580841077740784e-05,0.045451207445993
793,0.7668693518168539,0.03058721258202858,2.7022163810391897e-05
794,-0.5991917733583513,0.003994093761608679,9.068288003474771e-06
795,1.6547333977462917,0.008437650045799747,0.962725407508028
796,-0.419019816719558,4.470583563417191e-05,2.7704027496698985e-10
797,-0.3412401178877971,0.04916280932460801,0.001838837089960226
798,-0.6452599928397401,1.8836412171674572e-07,0.9999994911034876
799,-0.6668323265229972,0.0003690317738953373,0.6740165497265378
800,3.9928562734973347,0.28134255171957995,1.6803629893494227e-08
801,8.845674245929679,0.9283735836980966,0.8571559345719963
802,9.109208999459046,0.7667493467885773,1.282438987402488e-05
803,1.815407233438837,1.1496659690679524e-05,0.002992914059090096
804,0.7375506840153927,0.04838872309851981,0.0899002083095259
805,-1.8152721724712046,0.0004335184077051803,5.134883807918479e-06
806,7.644499426392607,0.7528667732684372,0.9999822565169543
807,-0.19862029910467058,5.418708171635061e-15,1.1844074442903148e-11
808,2.2621615392988574,0.2496711976135473,0.9999999999113216
809,1.0573514609509824,0.015773780535281008,8.33754084929208e-09
810,4.692768698194947,0.531471884841954,0.10211507784877183
811,2.0693899066682047,0.0040475572912792865,0.8885595032288071
812,-0.14719740412216234,0.00023691011494631511,1.0
813,9.327148791880138,0.986179653362197,0.0651756317230801
814,1.1350251321270513,0.11528607979145286,0.8780615322772237
815,-0.7176350869159361,4.106089351867386e-07,0.9955096570314522
816,-0.5610461523073672,7.643760383655678e-06,0.9992071454884868
817,-0.28292365592770213,7.777561214613564e-05,3.572617805296024e-11
818,1.9753213807778387,0.24717826975900808,4.2537246023997977e-08
819,0.4430285934933454,0.013655874829984038,0.617026811955254
820,-0.0794747767461426,3.4804713418962696e-08,0.999983379638167
821,1.493962317076257,0.21088219590626328,0.08356942231907652
822,0.3854221513847372,1.853680501825179e-05,5.691239539131831e-07
823,-0.3377933581610826,0.0002665482928129993,0.9992393982025666
824,-0.37818140163691805,1.9703560201148196e-16,0.0003622749458416623
825,3.2938688816856287,0.20954862499073304,0.054726908270956394
826,-1.5642200397690973,0.0033840504502430156,0.9999999999988872
827,1.654881094446583,0.01146584996692412,0.1027279143985374
828,-1.1600774667578329,2.2290828573484917e-26,0.14750343344723973
829,1.7194199991143038,2.6496435303729793e-08,0.9999538031138253
830,0.772832269239307,6.24969055877055e-07,0.005697799415275993
831,0.7756624784761745,0.004468161011039933,0.013479474928170412
832,-1.796517960311979,0.0020229469796495835,0.002104215837013224
833,-0.6326577555325082,1.7705189593455304e-15,0.00952319146126171
834,-0.27765096694686653,1.1734969749704867e-08,1.5734030264189974e-05
835,1.4071371282638825,0.019441584590191414,4.538277185534682e-09
836,1.8674885144869169,0.15708208838181315,3.224525404706341e-06
837,-0.3611530072501813,7.087838332849661e-07,0.8839743250190292
838,0.9975081361261751,0.0002502119038724238,1.0
839,0.8224866571126443,2.0167593470890925e-08,0.4965891689881686
840,-1.126076858272759,0.0022993716246659675,0.9994379921714106
841,0.16652434640616945,0.005956563652008712,0.004722993668224438
842,-0.35446714391520534,0.002859760557876928,0.6480240815403024
843,0.01903782250807362,0.051866103561067266,0.9897864566927389
844,6.40769824619354,0.5599869217537612,0.9997694074854474
845,2.259881019825671,0.29907653619230606,0.10574661689928024
846,0.20553918808682065,1.8439758840242915e-05,3.863732639927789e-06
847,1.5173763529320872,0.0004832424154032884,0.9993105942256694
848,-0.6336835973083057,3.999101260921958e-05,0.9999957973009443
849,1.8254880260432584,0.00073422787253821,0.9999999479757746
850,0.8213114451828706,9.28298166540126e-13,0.9852444796898892
851,-0.42221849195394834,5.034718138002637e-08,0.999952900486267
852,0.32682431473782897,3.649337357056063e-11,0.9997350900123431
853,0.5971473669752025,3.794557291878239e-07,2.1046299958549313e-05
854,9.22769604231185,0.8015557470044685,0.9475668703320811
855,-0.7028888542935611,0.0004145835130714956,0.9999999864851837
856,1.30357773639492,0.0042536273655124504,0.9999993959201493
857,-1.7929669556836112,3.909009639991116e-10,0.9999996153750692
858,1.4425721001138851,0.11858956325918742,0.9999999664066754
859,1.2960543881827136,1.312016749906985e-16,0.9999999545060586
860,2.7832893498714384,0.4718743211816535,0.9705818010170273
861,4.620786863806349,0.618758222564165,0.02848485146345827
862,1.3243602303465074,0.006653669378946696,3.056483791381206e-07
863,2.177565431926867,0.1645875929266086,0.9972785686908664
864,0.3457025396071884,0.0014049473397666117,0.5458788885233259
865,-0.6250477483649409,3.3122160660129675e-06,0.6111423312447003
866,0.5952693163469881,4.050101449442636e-05,0.9992457381452324
867,-0.3510664776806351,0.016411108275304336,0.5491747379009674
868,1.2950509237883019,3.31079467153337e-09,0.0004925169033907725
869,0.771043478023201,1.497045658294844e-10,0.04341004827727325
870,2.0972389159888976,0.00035319428788767505,0.9999999993945475
871,7.4023990082676425,0.6639039298925549,0.02347805512114544
872,-0.42376729234848703,0.03884939853841508,2.7247259282486613e-07
873,1.9399162360616422,0.0006412504754638193,0.3064746637223824
874,11.015018359973999,0.9997772726676611,0.9982187712763236
875,-0.7758477293185377,9.21151881855867e-05,0.9804328041842069
876,11.058118599495458,0.8259421873186882,0.998639149084536
877,-1.7051400042236846,0.00013185729663463643,0.8714775057759715
878,1.4906901104352344,1.8934869101271834e-05,0.17979877324116908
879,0.4526536522751187,2.190867261450006e-09,0.9999945518707991
880,9.932862404620037,0.9993747220930111,0.4667093970514866
881,-1.0683201928669792,4.63272252615042e-06,1.308583598129575e-05
882,-0.07522194084605954,5.645227700604936e-16,0.0014258595305032195
883,4.815479781234131,0.5466301670209913,0.8989246407490011
884,1.1899989902589194,0.05717960049083386,0.9979141178117231
885,1.4314449181324567,0.0564291252269389,0.06513846793732184
886,6.575686092167842,0.44195611309489014,5.147815634601877e-24
887,1.0112482970977459,5.400630517857021e-06,2.125093144624891e-05
888,-0.6473570655512729,8.69050566926893e-05,0.9998699045170378
889,-0.08289714617867286,0.005102159396117857,2.268839045682941e-15
890,-1.190955834454516,8.04490278206621e-17,0.9751459940078006
891,-0.9455276042086961,1.1158640151853756e-09,0.916472834256898
892,-0.5120540565175524,0.009898829518137715,0.12022457622395033
893,2.581968756360765,0.12218702371516119,0.9983609637919348
894,0.4057311567067185,0.07601969359978529,0.029211156344564483
895,1.913916294117673,4.1820416707760947e-11,1.3161536793023775e-10
896,1.3391234683232551,0.001402494228117586,3.1454582213545665e-05
897,-1.6819351229166717,2.8098993123801638e-08,0.6446200320762596
898,1.9565319623224455,0.014288076682538078,1.128088352458496e-08
899,0.6492403872572885,0.0017489682837397876,0.7574908658481081
900,0.0920530649203366,0.20324305600307976,0.9783837222210696
901,-1.146466969390158,6.16761446444561e-20,0.06136458111237627
902,-0.4073419545552049,2.821865639004642e-11,5.791332935443316e-05
903,-0.948499857756547,4.2585061161551883e-05,0.5550383617338782
904,0.25976006106033067,3.4364248613310214e-05,3.031664134174659e-05
905,-1.3798957787166328,0.0012142667271754048,0.9999999999858796
906,1.0583293783874397,0.23572458510222422,0.0001944789748231841
907,1.5321206806584144,0.16785438930936009,0.9999999993346257
908,-0.02162565770639083,8.048123194456696e-12,0.059713865325141606
909,-0.7755577394294062,0.002027604054164566,0.9850748642056217
910,3.692625873758253,0.5393598227573874,0.9996912969550146
911,6.345217141930808,0.749914118370821,0.0013828906495248145
912,0.937299092946433,0.18277660074017707,0.055378175681957666
913,0.5095256942465302,4.454516975938711e-05,0.3206635433766331
914,-1.045920239859964,1.8467528540390523e-13,0.9999951819240341
915,-0.36360540621282483,0.0008229666521888353,0.32036851399928257
916,10.085671668055554,0.9231694205452696,8.590401329284425e-05
917,0.5414220936495937,1.4569136442655216e-07,7.392508269309747e-06
918,2.2210555276083412,0.01779487979826061,0.9505898663429564
919,1.015430405853966,4.1058041497494237e-07,0.9963970489779443
920,1.1158220062004929,0.2159330122226447,0.9999879546383619
921,2.8518283527007426,0.09267106254783535,0.00011503361716858406
922,1.8115569800041103,6.916067786097585e-12,2.6634406125017764e-08
923,-0.60725051865494,0.0005167216315035727,0.9999999999516427
924,1.4236797615244634,0.00020504539385420478,0.44795838665427645
925,0.10586071535440912,5.567031364813812e-05,0.9956915625173477
926,-0.14844742963473678,7.660642758019988e-08,0.9443331076029869
927,-0.46762610305912816,0.00730019563220556,0.999999999996446
928,3.451791729262682,0.4104466163390631,0.9999997193729746
929,0.17245325069540468,2.245072833803974e-05,0.9999979435353499
930,-0.3864264534680436,0.0010767992357669693,2.2558445827548263e-07
931,3.1390675385822338,0.20739705330482078,0.9974333044384929
932,0.15304554980206808,0.04097299408504681,1.7887575017414612e-09
933,-1.124949148821464,0.0025653458797949198,0.9950610550125099
934,-0.5463069896648876,0.0007029924740382487,0.9999984043255602
935,-0.912757449165635,6.173029050324137e-05,2.098231739877244e-06
936,1.0153359675647218,1.0785705002383736e-05,0.0003579227739099313
937,6.333274804722141,0.7943343744776852,0.7299655490396487
938,3.1082848967711842,0.26008536670879184,0.9999999936787517
939,1.2571464910690764,0.0016320628725403935,1.045812247365325e-10
940,0.7136379497307817,0.0001428523294380555,0.9999999981101872
941,1.1388357325177803,0.09646738476199193,0.9960125665295072
942,11.11820517979644,0.9985754276390302,0.9998470684303782
943,-0.7306260160724423,0.0052465535158188635,0.001891913890403518
944,-0.3673943783546711,3.0473009558634584e-19,0.9915554681240165
945,0.1854932938103641,4.08541912067471e-08,0.9468469369660071
946,1.5377962257576707,8.631014925242329e-09,0.995840553620662
947,9.885373435573673,0.9528800154849785,0.9975571268772836
948,3.087609172678776,0.23459881783450032,0.9996593387009901
949,0.3381039845857092,1.2316313880975095e-07,0.9967241643469668
950,2.3717220304515125,0.0004637975715889311,0.9999999999999996
951,0.6023792111999526,2.058153705497613e-12,1.2145384466474934e-12
952,-2.6692275141701596,0.019780515049881823,1.688647880932619e-05
953,0.19726049402906778,8.286038969922062e-05,0.9999999999999949
954,0.5555692847659598,0.0018138809608057162,0.9999954617259612
955,-0.6462188681628386,2.273217499513531e-10,0.15971204536962313
956,7.974809042936249,0.6400121788640437,0.9996222984174492
957,1.613489518479115,0.18244793646870133,1.0
958,-0.6347919243935356,8.887354639260123e-08,0.0032559475223187277
959,10.058137000798533,0.9426039685857884,4.982492317031978e-12
960,0.6143191564043108,1.131663215262725e-08,0.770203114476105
961,-2.9251492088991182,1.4371694750950873e-08,1.0
962,8.443620065221758,0.95437018491335,0.00975834992326696
963,5.32842068320781,0.5112705928963144,0.9999999999998617
964,1.7672516726542788,1.154018234091272e-09,0.4152818209791622
965,2.981025343107323,0.4761280812070943,7.381972585061325e-07
966,4.154989041317036,0.44352836605238266,0.076144577091753
967,1.3774070779431518,6.379374731571761e-07,0.1861481911067724
968,3.132597287801042,0.16226797376361843,0.2118643109163594
969,-1.5587967917455148,0.0020541072177269947,0.9999641719871714
970,-0.04092898631800257,0.009822398461709288,0.9999960119543027
971,-0.37539104688082753,0.004017032334508497,0.8848189915748087
972,2.3155689253913754,0.00612140600879811,1.6554269094922616e-21
973,1.4875293634956146,0.07576371804670165,0.00016274865164204945
974,0.38175712479131324,2.1801972651112495e-11,0.08684311893061986
975,4.366454343635487,0.40731656263989496,0.003963984031563499
976,0.16382751607055376,0.019471354557528166,4.1015665675750395e-08
977,0.6108489206596461,5.713588904926521e-05,0.9999999997713369
978,0.8872307314138217,0.00010192921429651871,1.536514076331437e-07
979,-0.8495530969761181,5.0488738864816655e-05,3.4821998177852315e-05
980,9.63667885217619,0.9843793579604134,0.000944738496552517
981,-0.8274613232808761,0.03199276724413893,0.6158295766600236
982,-0.0188712153423398,0.0009220909739000551,0.9999996841056907
983,0.10139566940561517,0.0015307826149378839,0.8426249313607871
984,-0.3877116207528726,2.164431782189307e-06,0.08021915503465112
985,-1.2220304117592995,4.5377032089896695e-06,3.860228643452293e-08
986,-0.13754015225485614,0.016674193508287447,0.6578861550222284
987,3.123790618475502,0.28753668826716255,0.9508824457955487
988,1.7327316817880196,0.0029289194427617586,0.9999777655375696
989,0.27339667750292485,0.14447327983444724,0.10038368119253192
990,0.23509376413622826,0.037996589896803885,0.9999775357824694
991,-0.03997327482420344,0.0002560884552662851,0.23734852953818433
992,7.844018466711332,0.898490723177267,1.6335107374306686e-11
993,-1.241378503839773,0.006054107945332916,0.07420532529894142
994,-1.4325042902590681,2.2037446794828635e-09,0.9999999999999813
995,-0.2707008068353902,8.60154333087563e-06,2.0549106575069264e-09
996,-2.58734888239079,5.822300445827719e-06,0.9944054991913026
997,6.541057466198817,0.4708458975981011,0.004648198825197874
998,1.5044859591645965,5.436983375110306e-12,0.0650671050319285
999,-0.6394452229335014,5.657685121029475e-11,0.9042668104798725
