,c5_ethereum,c5_bitcoin,c5_iota,c5_cardano,c5_ripple
0,-4.579151245558023,-2.937378571044974,-10.428108391119906,-10.603383516863715,-18.474159985442157
1,-3.11864423744737,-3.5451601430340816,-25.444044862630193,-1.5285952253572361,0.0
2,1.5721312573678006,3.2354598861620616,0.0,-6.153474880945083,-6.1431792942228185
3,1.0775987972547227,1.98925866274476,7.914234519547733,15.705456373906827,11.23947855781421
4,0.9954568637513148,-1.0383413982854108,-1.1117921641087491,4.762593683805278,-3.3085373373462517
5,-1.4993504659878454,-3.099336124252659,-1.971647041236622,-12.772863954125825,3.1987616090489155
6,0.0,-2.353046725907916,-10.370504856808907,0.0,-9.375259808245573
7,-5.361600524563983,-3.60689708400605,-11.171017244301197,-7.572633844506328,0.0
8,-7.530217698516026,-7.455286229711419,-16.518805956344124,-12.308286583224856,-10.644399624633934
9,0.0,0.0,0.0,0.0,-2.957139971832248
10,7.075804640887327,8.257943961596538,20.994015606383357,7.761406590722544,0.0
11,0.0,0.0,0.0,0.0,-7.674168992141517
12,-5.328516011062675,-7.74122355200052,-16.409550486828607,-14.953636036143052,-12.075805967059864
13,-6.612361833345858,-4.795524370392741,-10.089585742587587,-12.956689164430628,2.7418479496424197
14,5.4282915417797994,-0.5417851954262005,-3.532828943465688,-12.872798022466213,-4.284578763532522
15,-9.594434849272147,-4.503645601183962,-9.076457466826184,-7.326945967485642,-10.760821553291294
16,-2.5495999675849816,-4.227855549819651,-12.36863215674532,-2.8521463364215833,-3.631877005517822
17,6.774712840900975,8.686339132253124,7.504899681276413,9.07346171461856,0.0
18,2.1382444507607943,0.0,18.280475711726808,0.0,14.211166995292729
19,0.0,-3.143767643674437,0.0,17.974074146660683,4.23340771370431
20,0.0,0.0,2.8574365143223304,0.0,0.0
21,3.905348824732755,5.241646848928212,0.0,14.089520051189623,0.0
22,10.32677291849177,0.0,9.622294582956101,11.719395303563033,13.344470976610182
23,2.8442599629161123,2.6330314184669987,2.763364299205705,3.423658068539055,5.716544432262481
24,0.6303183316149443,1.7515105638649402,1.6165437344981797,1.0366885451686016,11.561712872170347
25,-4.716771214714754,-1.684088015492307,-11.58793488198927,-8.06621548183,-6.354156772994884
26,3.0157362978497986,0.35951017127081286,4.290807841913761,3.00097159183872,-0.36107088335336357
27,-2.9634634451631428,-2.1815164562449354,0.05767674066316886,-4.285713943055811,-2.1020720758888274
28,-0.8366937143428004,0.2476278391368396,-2.645820410983731,-5.447607087427002,-0.9316044406292576
29,2.496387342228445,1.3720971617858595,2.284950751443205,-1.4530894099461307,-0.12414384013186464
30,1.5990548128675073,4.015484056260902,3.6509784076206415,10.840418250131904,5.439704893727139
31,-5.753465182934633,-5.005004219761759,-3.0741858411067255,-2.644098804607779,-9.050682016472024
32,1.3673405615018055,1.9556061304156174,-0.7713674177246617,3.735917743448141,0.26754924035719796
33,0.8136980699355263,-0.5166275567244156,-0.10334134797176375,6.403936749770594,2.738769551898258
34,1.0626222216915266,1.728531291390027,0.029527189174928026,2.816773665049965,0.36853899142226965
35,-1.8239912114722756,-2.4477617458396708,2.2763356818963416,7.2284041739641225,-0.763698496381835
36,1.78916903670779,3.8149998021744977,10.853002442509023,7.275334957515156,3.9506736309974713
37,6.0754934429132845,4.179757758727646,17.190654450027182,4.3190831829543015,9.486363276232396
38,3.380473087255268,0.13382103686672053,0.08462919074156616,-2.2393695042378567,1.1772341182439732
39,0.3448910178576625,0.7134099065260671,1.3868978130597611,2.0121438928256055,2.0618398588496802
40,-1.7544318273030513,0.6238164399692323,-7.408200088952071,-2.673188378889023,2.561343543585963
41,3.2188930668908142,3.1576632863743725,8.74643615598967,-2.3377052462479924,1.84091147132051
42,-2.9540930469220257,-2.5342357507634006,3.5241036829468158,0.018836360297740384,-3.0147132336185223
43,-1.3938649171223005,1.245690295661916,-0.7260975425255083,-10.543611118000115,-7.5576342913408325
44,1.4341544260269075,1.6215199190355634,-7.913739356048495,-7.889269225990859,1.1001389380011233
45,-3.303367766304291,-3.423823349552549,-8.187368750336987,-5.103447330285491,1.9916758583993897
46,-0.19635473277958226,-2.363487465576327,2.324905452110272,-2.123578543908394,-1.1623348551088384
47,4.316673705799985,6.253288878215244,3.2489538949492385,10.655544568178811,2.445767802200635
48,-0.31634557854522427,-1.620763889835871,-4.077624635071345,-0.5163986568855137,-2.9287954286960485
49,-5.306490392641535,-3.0933939588048815,-0.07883171403932465,-5.474413717984419,-4.582235391821655
50,-0.503269818193985,0.22286605842236895,1.7774585191712617,4.040967026955087,-1.1675755318058236
51,0.30661980830609536,0.46785711160555365,2.4169425601731405,1.1787352758904035,0.9531837765724731
52,1.3237493515071037,-0.49014148246351397,6.399865336585719,-1.0350586629630527,5.193129478430137
53,3.7190733085781176,1.6032067562155135,3.275997701781762,5.19200682003617,4.7798522549102245
54,-0.679355674567887,1.7339117381779943,0.1010684752736779,-2.660700447363155,-0.5368697418559805
55,-0.02879645227949368,-0.1554847239403898,-0.7543726751197823,-2.6486407278279103,-1.8070403258220722
56,-3.6350038582668276,-2.0235044650598866,2.3700806042477325,-4.074522747935276,-5.1279996288760685
57,-1.0757228911279526,-3.2997443656731775,2.511587042991806,-1.5629411736633188,2.9133863010135883
58,-6.630192132458433,-6.767229536302693,5.5703712010605955,-5.820808497374202,-10.028937230346514
59,2.7049919201235753,0.8540285944400239,0.8914125502176375,0.9164266782800894,-2.345802284819001
60,1.8978476449565278,2.7817677665498195,14.650952791946878,2.1817561933656293,3.401955183931136
61,2.519089943252766,1.6564077654038556,7.400024076699481,6.9282202102696715,3.703955588861845
62,4.696903145093529,3.527498020495841,4.664299604092577,11.222488120715497,2.3756195153608815
63,2.322974911149686,4.71363377187663,2.2667293135059765,7.791589182847588,2.533021804926875
64,-1.3678320274229918,-1.1763271101535793,-0.4795992884238274,-3.670321460148699,-0.869813890517662
65,0.011502185415338317,1.4424733147043298,11.300773264146443,1.5539285240367917,-3.3413130797015356
66,0.6611532477809305,0.5320800019107992,5.898678542058207,2.051683818280452,4.943438855131944
67,0.0,-1.3529250746778416,-8.770917777279266,-4.1028600687371295,-4.822181660389788
68,-1.3227439083912031,0.0,-0.10379186281107877,-4.381965561308647,-3.5731423027480105
69,-2.056600422442898,-1.910517309255738,6.489702289523194,8.593063980410847,-0.5132319626932258
70,-4.641425612033345,-3.251818091101086,5.9036796087002585,1.0500095912380232,-1.6998051449681952
71,1.0943802644651441,1.1371111915213987,2.202946156795093,-6.484610038117353,-5.235320640174905
72,0.0,0.0,18.7677224803746,1.730196248662054,-0.6274673519193357
73,0.538065234586611,-0.3120194368857483,-8.150477721311944,-3.2844869297631476,0.0
74,-2.79762587150708,-1.673192506270425,-7.284878913423114,-3.1847765302176754,-11.304364508165236
75,-3.317465619421455,-4.520439152718609,-6.936162390014601,-3.6278405702790337,-4.673685343878333
76,-2.5872331053169546,-0.6955429441604792,-7.05599437377839,-1.3774271270234806,0.008309719879434851
77,0.8806436849326928,0.33661344751817524,2.4684510718381034,6.000709890028929,3.9372619233588466
78,-0.39065347493306035,-1.5493609180066414,1.8792109902486516,1.4261021783241006,-2.1170210535760816
79,0.5072368817491224,0.0,1.6028774402195438,4.172876716860657,0.0
80,0.0,2.0204294671912066,-1.6004264688383785,10.336191437347821,2.1935806713121337
81,-0.06994841307459865,-2.8297456392374443,11.83526502449547,6.731326549235575,3.7731178937769982
82,-2.0598411344481065,-0.15744312399692717,13.43214365250617,-3.117795100536796,-0.7114040425279882
83,-0.60767542654321,0.6745817848914157,22.219158129395026,7.141884802585992,4.4415885706433755
84,2.3235323458920902,3.2988887762166996,-0.8218987960575816,6.329926394368357,4.147937924424923
85,-0.828379631896496,-2.8718888933344715,-1.7465842454932101,6.179376762564999,3.815065032383586
86,2.535476147814734,3.1631042715653166,2.119620619695695,-1.3229011158766468,3.8797175075092127
87,-0.139720907714036,0.7836201410736976,-10.53697273383574,8.574539764527103,-0.3552177979138378
88,2.767491896995125,3.1952835346328357,-1.2603364614427335,14.741712273915468,2.0179881530132207
89,0.05805852300727565,0.8919612588251766,7.355115059633505,9.765586480254669,4.074247831868661
90,0.3018499944555515,0.17829682010233228,2.095246459301052,3.198840236798546,2.3903060934443374
91,0.3829861359408824,-0.04457122482563136,0.0,-7.359251240079885,0.0
92,4.878919533986846,1.6033138580551167,11.633707914541361,-4.045090125875603,-0.20534997142897282
93,0.05195989851745253,1.6673895882922807,4.506305636585296,2.8082618267545456,4.080961704579295
94,-0.5081682377176548,-0.46658891031438543,-1.3685828189994425,-3.949630421333964,-0.34094920588279365
95,3.741684316235478,0.91075699081739,-2.576072407610667,-1.7799195634864446,5.682657430825543
96,-0.0748117477814958,0.6658824297719548,-11.630651324482727,-1.6251394234678713,2.925722836990303
97,-0.7081113585063576,-0.04437836999204592,-4.051387201159656,-3.0773069430543387,2.451088723419957
98,0.8347125763484655,0.7763372798908676,-1.6536681944103577,-7.838568039659677,-2.0931810478482475
99,4.15741323598013,0.08868589678240824,-0.6999541898287873,-1.9258797522931275,-0.5647571793731458
100,-2.4153977497308006,-0.7984563602058188,-2.120526170399046,2.955875349855617,-2.072844989157943
101,0.3043973960202493,0.7319426749891136,6.335224074094896,4.811057423590057,6.89679825031817
102,0.574082488455133,0.17735999692013138,7.613740979714322,4.450702585478723,4.43626130744326
103,-1.6887432643889042,-1.2421810745036055,-1.3568934356121929,0.11207884982965766,1.498661627343381
104,-0.12648330437241384,-0.7327227638397744,-0.4853847936500699,5.158819449066627,-1.7174452896098273
105,1.0343936789904546,0.15547091059670493,15.156876951596217,11.885901841782811,3.316034624552117
106,0.4995736501286956,0.7104165115397336,5.948271170081881,1.2409415349526967,-2.3978586170445624
107,1.181904380389824,-0.7548343053149438,4.580862137997883,12.022145572127073,-3.033580765511033
108,1.6557575720835302,1.3094962530867633,5.404314814209471,1.386393144940925,3.4529815011796927
109,3.2348430791662395,2.8350591537782748,5.794907304233263,8.515106317884047,1.5854379109027832
110,-1.3475321078676643,-0.2875692674624588,2.732925002221336,3.278117063376783,1.041165413426711
111,-2.43128872170837,-2.747132748083459,19.30273410873069,-5.565182351362992,0.3180268229423291
112,-2.9540932776899353,-2.4877844905513484,-12.685098659922943,-8.516186234564941,-8.947167648624713
113,-2.3868487401341554,-3.787967719272274,-13.40809730308392,2.9111785723006847,-5.82362391743186
114,2.2087507685446326,1.2270898319202388,1.7456314290744785,7.411813644071685,2.9895388483661236
115,0.0,-0.8699629141465266,-5.274396647104155,-2.6077602612107285,2.0495164622831226
116,-7.9837058924986195,-3.8234124096052255,-6.395646624816223,-8.727816396490368,-4.491398719456242
117,-1.2285868162589395,-5.098213196428333,-3.948723226079835,-6.810893328760258,0.6746987248591267
118,1.6976014598503752,4.179311779193085,6.151167769194473,4.8459519500819965,7.223912248489228
119,0.0,0.0,8.73789601925293,2.6727695519138024,5.863155732130053
120,2.6882435953802997,3.335388396284543,11.070801328355287,13.687336434489808,5.295856980308031
121,3.3314727896613476,0.0,0.0,0.0,10.396194805381128
122,0.0,2.700442415480211,6.392115011083163,-4.914951056870933,0.0
123,-5.516204815340643,-5.363381052044133,-13.841074590378057,-13.40412214376768,5.48473701189198
124,-12.67619737242785,-13.444822420053242,0.0,0.0,-20.091439627666546
125,5.30663345625544,3.5366166991479986,-6.688573193385096,-11.244303366267673,5.01301260552043
126,0.9962336205089741,2.5088444228495064,2.696601386780145,2.7722173278770725,5.514170639820236
127,0.9312505038251402,0.0,0.0,5.993026460514301,0.0
128,-6.244293940217176,-0.9485523995917902,-1.1168624218803984,-18.603808387700695,0.3764928763116586
129,1.20520710800065,-3.84859661849805,7.846902643969656,0.6587755276485581,-9.999790824126421
130,1.232955714281161,4.6165417255797365,6.083516812590716,9.063652182638364,2.601214387446589
131,0.6129901558906568,-1.0391254210535408,6.858248474636582,1.5473839593196033,1.2229119718691663
132,0.29176805813585815,0.4971077470399905,-2.439857965720506,-1.4832304864931274,1.0615090815247186
133,0.6299286289213342,2.7296841719653457,2.067948215959447,-4.2463144146190785,1.2220711043235042
134,-1.0792868420840023,-0.5182923510183173,-1.6287334273248177,-6.122360097504938,-1.3683519149801668
135,0.9160101109882817,0.495763485907446,2.7540005480218213,-5.466503068645565,-1.163206129864193
136,1.713077489926036,1.530807799894319,12.405399887172763,4.03944441212991,-2.2032576840855427
137,-0.32025061339754757,-1.0127722690904193,16.298623883991837,-0.23057825995429937,0.18982368958802454
138,-1.6436252039102328,-2.7734890434967383,-3.8898845963796163,-7.619887135219358,-6.009619317614693
139,-0.9104013981359458,2.931098779601598,8.453789488032456,0.0,6.956242739780464
140,5.153825084456912,2.60820833636717,-1.2040824661748246,-6.137084921003407,-2.7308220883658123
141,-1.4008413149931584,1.8620517107701744,2.734651384040532,-2.910832994647464,0.01764212940543075
142,0.15122257665552752,-0.9866799024475768,4.85407848945561,1.2785819948875314,-1.2533652728652669
143,1.2554272716533887,0.022435358127040672,0.6438760283009017,5.1749491581198725,1.9352890296489704
144,-1.051894523984629,-0.8978071664496383,-3.343952753552479,0.40479238548033436,-0.5780375297498495
145,0.09884381812662468,-0.13474062450404745,-2.993814490460629,-0.7973034602933211,0.18814380513629203
146,1.4408470953849246,0.2919150772413559,-6.902219531830724,3.0004337889438233,0.7620122584517048
147,0.5803999118206775,2.1082386080379365,-2.7052094442086485,-0.7063701108741895,0.19579625504331943
148,0.07542725190251076,1.2091087655626325,-3.4194498528748767,0.763895860712708,1.6939939655694616
149,2.242809608863354,0.6710959247902792,1.8187478810119586,0.732881610415717,3.576118176555383
150,0.41092600726915407,-0.31312205305948737,-4.534084032165879,-0.05861076704005086,1.2845116924576132
151,1.1624108898377017,-0.31322012919190456,0.0,0.17244109573253752,4.217536075676435
152,0.0,1.922518643697913,-0.02063180001125886,1.4572353626002297,0.41051619114023197
153,1.813205712339368,1.7850772323145065,0.008687125571384513,0.6502279964368682,0.007743968900285836
154,0.7612588820720703,-0.11147402109781979,-2.828385547458481,0.2473805782880305,-0.7475694658105567
155,0.4207504982832688,0.4012483335154684,-0.9423957266637615,0.3237512000327172,-0.35655114658209186
156,-0.31698735485952056,-0.7357449749415537,-0.03924035042128082,0.03821371130915452,-0.5021000098697641
157,-0.8534834751990275,-0.5354274623732636,-0.6247829682199608,0.43373565054324104,0.0
158,-0.023077233734511537,-0.13390167173747614,-1.303159308445231,3.7989348582208606,-2.018696918340993
159,-0.6463788582141206,-0.5357860555923253,-0.7636936703269441,3.4165607786804486,-1.5381073426505054
160,-0.8721191024151267,-0.6701365095414076,1.7275838876772838,-2.8012098805980514,1.0152996005733712
161,6.829502702372338,9.983074027655675,8.909252931817434,3.6351415822079503,1.0764138198537694
162,3.4545317033052925,3.3791650508355815,3.1171526260790614,8.459321270310753,8.891336172300157
163,0.0,-3.6446811493078712,-3.5357439264656136,-1.3512589108297561,-6.395177542657393
164,-6.9728686085127265,-2.9697287017879717,-2.325450202440706,-7.094689442312642,-1.2211173382827383
165,-0.2534299452563573,-1.0881514714455989,0.2613005735831422,-6.235536713419847,-1.1507648615840935
166,-1.1066283550089793,-1.2450532979255513,-3.712312334965816,-2.2958410473147666,-1.5856825545389484
167,-2.3383179968759578,-2.0265236478135193,-6.1427963139079935,-0.19333815240197794,-0.8288196215961534
168,-0.6013403131246378,-0.31213769984969986,-0.5946693490690365,-0.051713051036557545,-0.08953806152180732
169,0.04626978757187317,-0.9146784204731375,1.493120866589706,-1.0730869937656422,-0.9815512022337316
170,-1.979946458822269,-1.6977174251478573,-0.6488614788083709,-3.1053842743310582,-1.868386593428454
171,-0.4347233923563181,-1.387117926062274,-0.45653427783308587,0.14900808057753068,-1.8699282195070737
172,-0.6959507547780959,-0.4030723121504707,2.2106636014089673,-1.0717721234725985,-0.21907090552156205
173,-0.545499929381549,-0.2239992841386993,2.1992459396201554,0.5241711945611627,0.13888087466398247
174,0.17993180052962998,0.35837477425229736,1.3128744735097655,3.968672910003079,-0.10953823775651017
175,0.8875765972425143,2.572046641194902,7.291229436365512,4.669829891775393,-0.2954218439961096
176,1.448595405735432,1.2277746455438319,-10.981465744405924,-1.3882331839023152,0.19760970582296977
177,-0.7935703841267241,0.2899811532570311,6.204396085252185,7.829056939572041,-0.8748658656733141
178,0.44030659954569273,-2.8141350594814867,19.126307243807517,1.9593826268938699,1.0646126911620968
179,-1.3621019045276626,-0.11183555711431836,-11.760598509510444,-1.8537025448768105,0.711718752546858
180,-3.9751778408299288,-2.373861773627141,-2.0040443711743166,-0.923687872549948,-2.2209077668649115
181,3.9577773066330337,1.120448296491304,6.303964879763939,7.192188522389074,0.3721258219917445
182,1.0550847945114583,3.800161050270617,1.2187273533536,3.5619190788390966,3.746827060159262
183,-0.8289014632582621,-0.49097280550631694,6.963032962608082,5.188812927669545,0.5363452007194383
184,-0.38280176556236256,0.4463488736837462,10.149499914602117,6.121979851837025,4.785098325641343
185,-0.5164345243911157,-1.4066741180558893,7.422955253633397,0.05880930757001579,-0.8619602362432488
186,-3.232316650976827,-2.035362314842132,7.00679617601741,0.9785583319646349,-2.2243359984094013
187,1.7104762085627954,-0.9407970588399621,-2.213181810117213,-0.2687632391593553,-1.4453571885534302
188,0.9064129331218282,1.4332425080756366,-7.510055102103941,0.5211390541933554,4.040582461349004
189,3.4901418728732096,0.2685044319368899,2.0874865323230622,-3.3295158948845796,0.5376422479509984
190,-1.0770496831410128,0.44734723837973434,8.331557185544305,-4.275083490334723,-0.9143581057354595
191,2.0315269768607322,1.7427445928351517,8.99758963573548,-1.3226412635637672,-0.39434436875399115
192,0.4855659829263459,-0.4689017736709502,7.309998799984335,0.17776997490000213,0.20593320842874618
193,-0.15026903965826932,0.3126256110481336,12.83850684123311,0.7962849234110223,-1.6642206211020039
194,-0.7690373246459785,-3.444268926497898,-11.108791904706694,-4.2806243253657215,-2.7375951020894718
195,-3.6276435786294314,-4.918539746986426,-11.814272223556788,-5.1431249022418655,-5.7214573170314225
196,1.9661241511557819,2.0916510296592605,10.83395749566915,4.217791523445669,2.3813945051409746
197,0.48079291206340713,0.22464842616136593,4.033425818790821,2.2006690149491135,0.013703551079970566
198,0.48635035553252237,0.0,36.15866092587958,1.312150103041077,-0.08222412342979624
199,2.3646891972239246,0.7634273767580453,38.4662808277961,6.2709720753963865,0.8454111510703797
200,3.9882020680506685,2.5107054368836543,46.091107200267025,1.4461066160786231,1.5793159842095292
201,1.1382124397196094,8.072112688485504,-9.04983551991792,1.772606085527869,4.503357842198284
202,0.0,0.0,-18.34913866819653,0.8514317452469129,0.0
203,-0.7126682830921709,-0.44427661392364826,-9.302392662313537,0.0,-1.1769822564432388
204,0.005749356790147431,-0.17776592718473694,0.0,0.3108148372812991,1.5657628316424734
205,1.424820845791146,0.0,0.0,1.1305074749456452,0.0
206,0.0,-0.6446665185630991,0.0,0.0,-3.005314111741427
207,-1.6030662787234178,-2.5828300785196916,18.519047767237552,-4.48719782459365,-1.0629739889644725
208,-0.8341507535124038,-0.8698658947723743,-18.519047767237552,-2.0113517701655184,-0.9039288327428494
209,-2.6508858527822667,-3.3527076555219537,0.0,-1.3314838827553643,0.33003848470161756
210,0.3865447848720578,0.313395418037544,0.0,-0.14659339940240557,2.077326010319098
211,-1.0850119376900693,-2.1509721272977913,18.519047767237552,0.400346096886409,-1.9933691016411785
212,1.5405967521046477,2.016671831635904,36.0399364831967,-1.5716768733670676,-0.6034749794745267
213,1.964133604969902,0.2238238068348437,34.786116085415586,-3.8652586822303334,-2.6662848335281524
214,-2.1255829592346345,-2.823847685527653,16.94955831377328,1.3460852659391094,-1.9587569434530678
215,-0.6114373582586268,1.1215289857118478,0.0,-2.280068972068719,-1.598865813952557
216,2.2362735036067534,3.4240860605277703,-16.94955831377328,-1.7305587765510069,-2.76574162794509
217,2.94906611132501,0.0,50.010420574661424,1.9319505816857827,1.0245115257214366
218,0.734475628918517,3.234263679187279,0.0,4.50364664477361,2.4840188955057556
219,2.0170308361521165,1.0016137947168318,-8.163310639160954,0.42713279550676475,1.1916320190258602
220,0.33768411974961055,0.13347273839099216,0.0,-5.196008807458327,-2.9040201173106652
221,-0.6812086851341519,-0.40047167198099487,-16.529301951210584,-2.3758922145417642,2.890286157839455
222,2.110809669719856,1.8008608977834228,-16.807118316381263,-0.3630519132380243,-0.7851111924397856
223,-2.127988996118802,-2.4241357821756537,0.0,-10.751353982245476,-3.2707244510804685
224,-1.4154446256861775,-2.4300264992562006,-34.486176071169325,0.2654851477770279,-4.185105968575385
225,0.057344381700204394,1.3383598170039477,-17.699577099400727,-2.377373536955176,1.9940580141001192
226,-0.040140721907846455,0.2451717886415281,-8.968669982760417,-4.9402851700820065,0.7045777117979242
227,1.5814719003683422,0.06685460240805696,8.968669982760417,2.9471591699882254,-2.7896390574740053
228,3.4008486307702697,2.7371975297483004,17.699577099400727,3.6519652268054728,4.784235389374999
229,-2.073427466037174,-0.6224435555759555,17.391742711869227,4.017825500839976,-3.380540476325905
230,1.496954948097482,1.000166777823324,-8.658062743114584,3.1754180055500285,5.037049438664553
231,1.1697209124631627,1.3985550546403829,-17.544309650909526,-0.9467975890983524,0.08255690534235782
232,2.670958490944031,2.702764223105987,8.810629682154882,4.31208326300046,2.130361190038002
233,3.718331093830784,1.3486476878606481,0.0,3.508086962673545,5.9292807890254835
234,-0.9977664467114664,2.6037084435811266,25.975486403260703,1.4274907624586177,-0.579252819087742
235,0.0,0.704923478910132,0.0,0.0,-0.03316603992891487
236,0.0907471897353389,1.452337197453744,-8.583743691391476,1.7634016471947547,-1.2826133488778169
237,-1.9642468094998549,-1.7606800771754934,-17.391742711869227,0.9188980011945773,2.1153332413734915
238,-0.221645691744925,-0.6390128570892557,-8.810629682154882,-0.44728162056490817,0.7677498681833868
239,1.1815430734768597,-0.28658664481918095,8.810629682154882,0.8768344210710239,-2.2972108168606837
240,2.5118162061125986,-1.412086813199494,0.0,-1.4471893618216853,2.8989172276096724
241,0.0,1.037195692626483,-8.810629682154882,0.8729496930405816,-2.563171859986369
242,3.747471453997605,0.8818731556129933,8.810629682154882,-1.6654053811421505,-0.8727818570241652
243,9.120430731350098,10.783902507133462,0.0,7.800568266627025,7.748281205316857
244,-3.8929625841165034,-1.0469834747800633,0.0,1.64703703985181,5.138795206887039
245,0.3086289883231075,3.2029311298465473,-8.810629682154882,-4.518686621055863,0.8789514829551308
246,2.762192795633382,4.557893031900676,17.544309650909526,-4.238503085998303,2.2805114763029906
247,-3.4862184094999975,-0.8665699539251364,0.0,-1.3428517134876046,-8.224605191791511
248,-4.958766925873533,-3.734831605652289,0.0,0.7863854682321545,0.0
249,2.0405179396720996,2.563769709156986,0.0,0.6168137922831676,1.7892625810153504
250,-0.2759591710582754,0.3688155638574244,8.658062743114584,1.6619658211207735,-5.22571209506782
251,2.0031967805171007,-0.02169126818080258,17.094433359300098,-5.757392095543807,4.90450031118678
252,-2.8258942602151365,-0.19524258953606477,0.0,-2.298577747439708,-0.311635323385417
253,0.10146504256044864,-0.9116364504534431,-8.510689667908622,-1.1081594474911611,1.0197122663732898
254,0.9915605495289128,1.2587080374505604,-17.24180643450606,1.6424654364809328,1.7525575491850987
255,-2.751746951837049,-0.58575319771262,0.0,-1.8768498523171786,-2.7258087005996003
256,0.626575278679411,0.4989965933109488,17.24180643450606,3.4185539057443606,-0.5518651730159263
257,-6.192636198643413,-2.6931947993289214,-8.583743691391476,-3.8056295650668375,0.6409096101203886
258,0.21574483147742285,1.6081017003925808,-8.658062743114584,-0.21240230403597593,-5.419025999323367
259,8.439870448273723,0.0,17.24180643450606,6.950406204468493,3.7006177868636314
260,0.0,7.592591011929471,8.510689667908622,2.312319917398483,2.0590267868194587
261,0.9002622621692353,-2.6973097218797193,-8.510689667908622,-1.3404283698756956,-1.2817932917660073
262,0.3261450249628979,-2.1414442377390515,8.510689667908622,-0.30080107724766947,-5.2235162870543945
263,0.40472175931790844,0.4979163386942673,8.438868645864659,1.1840184154390698,0.9986364479565282
264,-1.1696433921515563,2.205167902573521,16.667052485211713,1.5998723514907454,0.8907283167593505
265,0.0,0.043190014475840144,16.39380977567643,-2.567612238866687,0.0
266,1.034754338194034,0.0,32.00273108617381,-0.306316882266799,9.14904239474697
267,0.7304314927205269,1.0144287154653284,15.625317903080827,0.8210253178924063,0.37554852191192367
268,-3.2629760261797855,-2.4406850350351306,-23.53049741019413,-1.7932969779519823,-2.1820769994608327
269,0.5239185848968191,0.4107974934267986,-16.000341346441132,-2.4739385307469917,6.510909260271205
270,0.8557065448885623,2.655298661960842,8.03217169726426,1.172802355375083,-0.5120263987637372
271,0.0,3.443529573547494,7.968169649176872,3.9246513882723093,0.0
272,4.3012026556134515,3.9026531789186265,0.0,1.2829047332243562,0.24358083120114316
273,7.83039533387182,10.13550964339629,-24.097551579060507,0.8678480377074891,3.7497854651288662
274,7.664740018295561,9.949911337374942,0.0,-3.096181223508026,8.848605295078869
275,-1.5072591446387378,4.896329172723199,-16.39380977567643,-6.721576382747102,-6.066898648266374
276,-3.209795945523183,1.0014187601482263,0.0,9.298014752371515,0.7237296005138205
277,-1.8919591853909878,-0.7718383694791555,0.0,1.5256350611419123,-0.5122702156442074
278,-8.443575029198655,-9.456285673035381,8.230499136515476,1.8538742317169437,-8.172678739262437
279,3.0141812258643768,3.5119853558480827,8.163310639160954,3.9310961171026975,2.9416692833476645
280,-1.5534895162327302,-1.0291848295037198,-8.163310639160954,-2.11876007850465,-0.6799952375033627
281,-1.2142952564936422,-2.1247286343223095,0.0,-0.21451901815132146,1.103082806667203
282,-2.2422036793568623,-3.3963053035004123,-8.230499136515476,-4.160083875586608,0.3559440784375738
283,0.0,-3.6835573119496985,40.49136135473694,3.845300090778494,0.21618374554623188
284,-2.9111447637496894,-1.2096390596725541,7.905179507113303,-2.035959864138789,-3.203534288376318
285,0.5570325501676052,0.0,0.0,3.191133804882554,2.989263878299994
286,3.7112460658963755,5.357968747159248,-7.905179507113303,2.0805169445801965,1.0384008414142727
287,2.6975766166679023,3.8997909812133003,-7.968169649176872,1.1004659097960854,3.5240427644567944
288,1.7366980863816934,0.8412021273743449,-8.03217169726426,2.6734015872664116,-1.4523777133384783
289,-1.127672759482266,1.386438336530773,0.0,4.038769418706394,3.765722706531392
290,2.343241103651053,3.562302078178618,8.03217169726426,1.9116677798634072,1.661314453047794
291,-0.7804704402778952,-1.3605586667963507,23.71652661731605,0.19247115277063642,-0.555995706779413
292,1.3431461171721821,0.6909765028831316,-15.748356968139177,10.636714363997228,3.270806915977232
293,-2.5205786136175448,-0.5234231995982555,0.0,1.7388295768965705,-0.910430548869158
294,-1.1005618444987704,-0.04188569394500519,7.905179507113303,-1.9771444366367348,1.6801479757710922
295,2.9915911778798545,0.6699606648708141,-7.905179507113303,-2.087681206800859,0.0
296,-4.440368221773497,-4.993611014599082,-16.000341346441132,-11.699966102137253,-12.511565097690209
297,-3.6901445585817783,-1.536664478109742,8.03217169726426,-1.902662464924333,0.7309843929285762
298,3.3374217306782157,5.5042155771188845,-8.03217169726426,9.514788935114595,3.47347554172984
299,1.4996113893448637,0.7330073524226464,0.0,-1.5965030338680322,-0.23258828927498598
300,0.07827613588324311,-0.6282591147155472,0.0,-3.7526963131621756,-0.6999976443950118
301,-2.3453494208833945,-0.6076925681809371,-8.097210232619375,-1.5252969529943528,-0.8532480730226553
302,0.0,-1.741301800509973,8.097210232619375,0.7349320410926765,-2.0989937128248357
303,1.0138210998175055,1.6155261840431194,0.0,3.70414400123272,-2.581027347523559
304,2.231263770143414,3.3695081219157146,16.000341346441132,0.5675798345019984,7.751739756555708
305,1.7747422074171482,-0.35525092582247453,-7.968169649176872,0.9059578872153651,-2.4283746596466926
306,-0.09479650821322139,-0.7736297208739416,0.0,0.008573195262101763,4.6419345632033355
307,-0.6973092514244854,2.3816996529549215,-8.03217169726426,-2.4076670683157744,-3.0287141994949707
308,-0.30138806173363264,-6.195858561555724,0.0,-3.309796934102735,1.58208752375333
309,0.7477219938682538,0.7975653691737534,-24.491020008295806,4.6076960551681765,3.7898611633739847
310,0.8028994019286984,1.2999268000985467,0.0,3.045427173387651,0.4244200761351067
311,-0.47385571701670415,0.02095272018959804,-8.298802814695108,17.421505889366053,-2.044176139243973
312,-1.5513569110999015,-2.034460678445612,-8.368249670516605,7.225374909968977,-3.1883701979030548
313,-0.9386786553195634,-2.606795959867668,0.0,-10.120086349827396,-3.9763911549498516
314,-1.118624655912754,-0.23157651075416652,-8.438868645864659,2.400572236049733,-6.846799277691275
315,-1.8877177950926125,-2.3187194199872465,-8.510689667908622,3.3050315232607943,-3.136874896514314
316,-0.22990632820255996,1.4340245819821575,0.0,11.922621664685579,5.774480742715923
317,1.3898465000038414,0.6951832509093947,0.0,4.154980319056495,2.228462324961356
318,1.415879914746256,0.23162039626367914,0.0,2.048389258860947,0.6568509500543769
319,-1.1079093542966802,-1.1164829842855397,0.0,-3.4170054363749927,1.539896528678696
320,-4.9333205149523565,-3.801161818058972,0.0,-3.380012125732449,-4.853443672015146
321,0.0,-6.9639347254105814,-8.583743691391476,-0.42395392079735217,-3.15498941997123
322,-1.1258916843171392,2.659660918654481,8.583743691391476,-3.644701591730694,0.0
323,3.4749199974467047,1.7833263754273503,8.510689667908622,3.072234148145114,-1.0333048937227431
324,-0.7580543635276626,0.25450149657081056,0.0,-0.6132769988687699,4.29200902917637
325,-1.5290866688237656,-1.6129378059104056,0.0,0.42030651860341806,0.9329487036638966
326,0.0,1.6341433405559656,-8.510689667908622,-1.002800867175182,0.0
327,2.079435143142291,3.070052484898042,0.0,-0.8509891573446353,5.276057329382525
328,0.5837122015655041,-4.13088045445329,0.0,-7.718903421287216,-3.6866753677828683
329,0.21880426362895378,2.0146119144337717,8.510689667908622,-3.0898206940083597,-3.2427938677911925
330,0.6393073267017826,0.42361214705852035,8.438868645864659,-4.968937311519014,1.929674080750715
331,-2.087671714357384,3.1291650794755697,0.0,3.713497169588102,2.467623292149142
332,0.07302981023985922,0.337702360795447,0.0,1.8563158417726484,-0.5378366273885149
333,2.3677680550963487,0.10550860432340414,8.368249670516605,2.265790691469938,-2.960402966598963
334,-0.6895527430669972,0.527376105208532,8.298802814695108,4.135445460560568,4.62083065943591
335,4.29215229847523,0.6746358276668616,8.230499136515476,5.6209736299443165,2.7256866876527965
336,1.3838824569456847,6.930762401274478,-16.529301951210584,-0.49714196294830515,2.2771549984388457
337,-3.077277783100726,-3.375371402828023,-8.368249670516605,-4.990276994418565,-5.899665860634514
338,-2.6604474599462264,0.0,0.0,3.077246034752747,-4.038968932066155
339,0.8409062100308802,-1.1767179336366098,-8.438868645864659,2.761863140069792,7.140966705333653
340,0.7170145614654757,0.7986381542996241,0.0,9.312515420930552,4.257192214804377
341,2.9410963636682936,-1.8925460385435144,-8.510689667908622,-3.748644722599419,-3.1326135749727655
342,-3.232321527581007,-1.5798623539903929,0.0,-2.171593876425046,-1.2142181270393166
343,0.8454387406554815,4.1024619679283205,0.0,-3.530240836338379,2.312796083761782
344,0.6266190193682633,0.0,0.0,-3.324145384965007,0.0
345,-0.4699274496133512,-0.6930807716507843,0.0,-0.5361810400539326,-5.227592927556543
346,0.2405856874311212,1.3017554538364493,-8.583743691391476,1.540096393921175,3.2103859884809935
347,1.0735374085243166,2.2844697497366724,0.0,2.121030356628573,2.22079678045543
348,0.1452862980813734,0.2721116930624703,0.0,1.9726090592557597,4.576475907152712
349,2.611550333627747,0.0,8.583743691391476,0.0,0.0
350,-4.753866923610985,0.9622626464206405,-8.583743691391476,-7.656109785422352,-4.3748296358791094
351,0.5486016394115723,-1.7578742624427832,-8.658062743114584,0.9001487469854155,2.3141165674829836
352,0.46999055288961245,1.7996907716078567,0.0,-0.09070829106060074,4.41386451941537
353,-0.6826779144648754,-2.2815528636238014,0.0,-1.9005093051466133,-1.8684489182367088
354,-2.4772187126982317,-2.3707879809007864,-8.733679968754643,-4.214649454509825,-0.7044107384418794
355,0.0,-0.14704801144034718,-8.810629682154882,0.0,0.0
356,0.1795523540213253,0.0,-8.888947417245845,3.3262983950212544,-1.6664284946205044
357,4.696171378838699,2.664514253840025,0.0,1.7623450953198159,5.7477620376386085
358,-3.288924668222535,1.4237560245128407,0.0,1.2183483917687425,-2.3968755779179673
359,1.3437250073448013,4.4466321714844526,8.888947417245845,-1.4887141649002302,2.8910240777082663
360,2.3806740836362223,9.432956512224337,-8.888947417245845,-2.763170588961863,1.1702707374369083
361,3.766189017014767,0.0,8.888947417245845,-1.1585568988714172,1.644731022601718
362,-3.6489782971229943,-6.998827591485679,0.0,0.0,-5.040595485827339
363,0.0,-1.0187005174066144,0.0,0.6716237148073105,0.0
364,-3.091140732499298,0.0,-8.888947417245845,-10.22149309142619,-4.792656154565066
365,-15.07766082883245,-16.653418702937415,-18.018505502678337,-19.00885977937716,-18.910097707571936
366,-4.956879686930733,-4.408841767841295,9.04983551991792,1.101611352582296,-4.694006508481607
367,6.717203586732467,0.0,0.0,7.479689598587342,7.951319499501892
368,3.1721062743754374,1.6555943755756743,0.0,4.159376691677991,1.8980987140685102
369,0.0,-0.19089029168753768,8.968669982760417,0.0,0.0
370,-1.6924260914811384,0.08484462832529971,-8.968669982760417,-3.1622392376214066,1.9559899031806935
371,-6.1028811501091695,-2.7824110216279223,-18.182319083190436,-27.159426985177817,-15.525802678901528
372,3.2435967458422965,-6.486878329113097,18.182319083190436,5.217622092510965,1.2968918347640965
373,1.8730742615898635,0.8987225906093954,0.0,2.073565949834432,1.659127625134488
374,-1.4300308872125242,3.3736926923411374,8.968669982760417,-1.3695331226495568,-3.416674456977262
375,0.5450148310810619,-3.8657502516089153,0.0,-0.8405306535323547,2.166742436945924
376,0.9020279219084841,1.710462027847825,8.888947417245845,-0.16054528640215437,1.0611795275002578
377,1.7223702707233315,1.3449326892550744,8.810629682154882,-0.7899960473993985,2.239381373921219
378,-1.7563942916849555,-1.857764171250892,0.0,2.545855682755402,-1.7646491801087905
379,4.70698259283472,5.499203900297289,8.733679968754643,11.092189886532907,0.0
380,0.4683536889460811,1.2108725071338995,0.0,4.6795915726964665,5.290437678297053
381,-1.4226680808860692,-0.8708304236479307,8.658062743114584,3.4370885469020322,2.525719901884827
382,0.0,0.0,8.583743691391476,1.7119888253492803,1.762481968502243
383,3.3276774775313243,3.6269964357943536,16.94955831377328,2.045836829075718,3.6788467655915156
384,-2.4015841695645577,-0.8048631108267728,8.368249670516605,-1.5131749857579067,-1.000582956611538
385,1.0492884418381436,1.376346124759948,8.298802814695108,2.53239704658359,1.8524976094525982
386,-0.016915274211896758,-0.06348198700652574,8.230499136515476,2.0353329647703333,0.40076279693573724
387,1.6000454130544313,2.2617031592271815,16.26052087178033,6.937205237594533,2.072198247587721
388,0.855311706327484,1.7508890760127542,8.03217169726426,1.2440867952808645,2.81413979579645
389,1.3433873926387605,1.0532747281995398,0.0,-1.9680561204726956,-1.3306188385421365
390,-1.6359117108095234,0.06316121903364547,0.0,-1.1154738275609262,4.239588492128632
391,4.076367239273168,4.1179124097634485,-40.821994520255174,-2.228331832372149,0.0
392,-5.134669663498244,-2.8765518034651905,8.298802814695108,-6.57418867606102,-5.20859840999583
393,3.424169864751093,3.3377097372667777,0.0,-2.8456113264014675,2.3206142945126658
394,1.4975478354217557,1.5496087198534951,-8.298802814695108,-1.8333772820981977,-0.549584772015919
395,-1.9073804554127491,0.3347350394233217,-8.368249670516605,-3.053447314913271,-2.0559862024036875
396,-1.4160567440221712,-3.205500277792453,-8.438868645864659,-1.1665457541681121,-1.0161775950913352
397,1.4834380266502194,0.9857900226761558,8.438868645864659,1.05801228303757,3.316460986238667
398,-0.786397609434971,2.031435582734048,0.0,-0.9149431486683142,1.3101700231849236
399,-1.090745638332919,-1.9266214704675804,0.0,-3.0044432093875315,-3.943324429888662
400,-0.11251568199168105,-0.9647044768025808,-8.438868645864659,-2.4855602468634714,3.01093409695261
401,1.2987854528837488,1.216213532456095,-8.510689667908622,3.3633728891648644,2.8744601609658957
402,2.581312739454006,2.051626318900162,8.510689667908622,1.0934914652603993,2.3919343030854634
403,0.0,2.3187084117216727,0.0,-0.884396704693458,2.1760731619199305
404,4.545957991075738,7.441933485206391,0.0,-0.27377209614191145,1.5306477778638055
405,1.8950272368201695,4.566548213146234,0.0,-6.280650611981201,-6.821730704460833
406,-2.28562608561424,3.7245523698256875,-8.510689667908622,1.1654614947081399,4.936940737649252
407,3.4153590489968337,-4.3225953436340205,0.0,0.17118130308605828,-1.5069793040656805
408,-2.099092370764083,0.0,0.0,1.0199795589055611,-2.0470602979488604
409,-0.6523393845654937,-1.734283494459305,8.510689667908622,12.027775957022584,-2.741031505834826
410,0.8808362938852952,0.08265316669712774,0.0,1.2556271101882572,3.411819840267867
411,-0.24521824546627613,0.0,8.438868645864659,1.4321604589097774,2.4152882527487236
412,0.7354744141284755,0.24791851871668769,-8.438868645864659,-3.551077119411204,-6.479208661639177
413,-5.232500274173617,-6.216477053276321,0.0,-0.6519725075004033,-0.5189334508004322
414,-1.9391146678744917,-2.1640976463113475,-8.510689667908622,-1.3717070470386545,-5.751063431775833
415,0.30288413230937294,-4.7398896462236735,0.0,-6.021283001966552,0.0
416,2.6938720937014295,2.1117124211032205,0.0,-5.534726163679608,-1.5674134937013378
417,-0.11186683383857599,2.7948126480314386,0.0,-9.570598449855268,1.5962032583661312
418,0.0,0.5413734359517548,0.0,-1.4182953680864046,0.6120661644630445
419,-2.026955837805872,-3.712204471536097,-8.583743691391476,-0.6067325554405159,0.3432837715147343
420,1.377881305741539,2.545804972483893,0.0,4.111545264593957,3.086174026867411
421,2.0520971295227355,3.993432791034138,-8.658062743114584,1.8323663393958185,3.373920226603559
422,-1.498119246492024,0.0830271706890926,0.0,-0.5259976069435623,0.0
423,-0.8338813741356716,1.6798187257645623,0.0,2.475884299732286,5.29549639285176
424,-0.9690710280756321,0.5178932219969283,0.0,0.2351680809364325,3.3807304262962816
425,-0.15132705448377237,0.910841141903802,8.658062743114584,-0.40722420650448043,-1.9755921620685513
426,1.5010476544466655,-2.3408783800423407,0.0,-5.7624331024465505,1.4145049606339626
427,-2.9762844226006564,0.0,0.0,-1.7727517314714731,-4.505761976941926
428,0.3984723409103026,-0.5186345506117505,-8.658062743114584,-3.3644696375916823,1.3790737732649632
429,-0.8083348742648013,-1.703011834233621,0.0,-1.6561613137603075,-2.9615645026609627
430,2.3782291167153744,2.0142248412994377,8.658062743114584,0.7187781082145364,0.5873145922623735
431,-1.4184041689695732,-0.1037269078897225,0.0,-1.4148976835496256,-0.6804803160896427
432,-4.019444882378593,-5.074991653231336,0.0,-2.823641542065346,9.763559111792006
433,1.767172702906464,-0.02085223066751496,0.0,4.783892526151547,15.275888335806144
434,-1.9361744102252487,-0.8970575031271437,0.0,-2.518820794996003,14.304119781521422
435,-0.879269586576811,-4.22488706745753,-8.658062743114584,-9.514752080269218,8.87962905300219
436,-1.1396912783429798,2.846440733901545,-8.733679968754643,3.5919786692788875,11.885893325403458
437,0.1580545743154289,-1.3594204688979517,0.0,4.945077502568012,3.893916818380035
438,0.19188983324966102,0.06278317831493041,0.0,0.5204520646881576,4.5679121431076055
439,-0.5644870092091878,0.29293605833845504,0.0,0.56544971323531,-7.148461955072435
440,0.22018783805197018,0.12551776092914224,-8.810629682154882,-0.9422255222773117,0.47553583593798976
441,-1.0562138261457221,-1.1511696106717864,0.0,-0.21552212528563075,-4.214393723119542
442,2.0210808932397413,1.736710939432669,0.0,-6.341623951892032,-2.0176528954935975
443,-1.9645706281344246,-1.736710939432669,0.0,-0.6153425220576878,-9.05120890333535
444,0.32769657850258227,0.3978266156591417,0.0,0.6375901312749335,5.473039463058626
445,-0.813789250901209,-0.3140604906293447,0.0,-3.706597209416813,3.5781694402767243
446,-1.4200650184875485,-2.474055146018145,-8.888947417245845,0.08150109389026738,3.3055269694813205
447,-3.6186712809731034,-4.397091123588325,8.888947417245845,-0.772852803316141,-2.363568777421051
448,2.76339670553989,0.5480607219797093,-8.888947417245845,-0.9143455633443693,-2.2773193608800284
449,-0.48176792754293274,-0.12644889373950718,-8.968669982760417,-2.8635714067404336,0.1782712554927457
450,-0.7259240253670214,0.37929872335917025,0.0,-1.510679419501173,2.5840620815009743
451,-6.180306491878582,0.0,-9.04983551991792,-14.64080450952288,-2.8433762330429317
452,3.0550908655131934,-4.095597685742177,9.04983551991792,7.90482950173606,-5.211317039946266
453,0.5063795394326007,-0.2962085329727415,0.0,3.419300744262742,-4.249056615840004
454,-6.001980636722692,-3.5401268595833244,-9.04983551991792,-1.5744287208784442,-11.448695623625554
455,-2.5267948091150174,-4.725524449551813,0.0,-14.99149902543293,-12.878899986131614
456,-2.665488690177881,0.21334243675300968,9.04983551991792,0.7742278723942206,-2.4041903037549446
457,5.34677800217105,3.109627433897913,0.0,11.100586353700976,11.561230224673864
458,-0.698276087807244,2.3364992893421004,0.0,3.5601665558652655,4.525215449766392
459,-2.6372381631599637,2.9870055786177545,8.968669982760417,9.077928374488039,-0.8769213088506831
460,4.03330308949262,-4.324514402816931,0.0,3.1701089985285478,7.229510168225033
461,-1.9344136976960726,0.8494192606867728,8.888947417245845,1.277478629508849,-3.171250015017222
462,1.1736855355184161,2.543937264763372,8.810629682154882,4.090966548156686,1.8831139339953324
463,0.0,0.0,-8.810629682154882,1.65473097989927,2.972085055576258
464,1.5665829404706528,0.2963715674341074,0.0,1.26080688424274,0.4301106690011238
465,-0.34855251067892823,0.27512354278769635,0.0,1.02406449839647,0.4590665727140504
466,1.467670123397511,0.9940463790298963,0.0,3.879049208534127,1.8977875461846452
467,-0.7763975545285575,-2.8367011697519047,0.0,-3.875736785789499,0.07271021890801421
468,2.6407135572080733,2.1811645049510844,0.0,1.6945211241858544,0.988334464494983
469,-0.5754576043700581,-0.23271311866483302,0.0,-2.6467422351396266,0.7732717037521297
470,0.9000746872052332,0.549961939574132,0.0,-0.6445340037916765,3.7489584870044155
471,2.0705118829118874,1.500280263235254,0.0,-0.6903220227986253,5.708661840174159
472,0.4147244272471653,-1.690617477906926,0.0,-4.791155029947632,-1.2013914563561912
473,-0.3294930381798622,-0.042302079153159866,-8.888947417245845,-0.9812495363757137,-0.7416982348432839
474,-2.1044975744716794,-1.206362118387915,0.0,-2.9182813341451066,1.3911324313990008
475,-2.0461735442722784,-3.6916068571590586,-8.968669982760417,-3.744464017578295,-4.874743066252222
476,-0.5935463425748821,-1.7231663715192553,0.0,0.20951430291857776,-5.917954603072644
477,-1.6626627568639378,-1.5768504620427848,0.0,-1.0670756641009689,-2.6121200772485054
478,1.1087489419678604,-1.0241530296898418,0.0,-2.21624777054258,-0.727510787486267
479,1.6494166575093914,4.324169863251882,8.968669982760417,2.0749318046315324,5.629401172286407
480,2.414992345335122,2.844167133554947,8.888947417245845,0.9506940333525762,2.0166795051869713
481,-1.0131309456000963,2.5190263211898127,0.0,1.8170312164777158,3.5289020513860123
482,1.8774647232103234,3.271598084567813,17.544309650909526,4.981826395794286,2.905190768045941
483,-1.1829609523756517,-0.7589013160140894,0.0,1.0311968525084012,0.0
484,-0.10812871880807506,-0.18981535241437086,8.658062743114584,0.12785214528297217,-0.9968637407533834
485,0.19917541444556264,-0.5696623322437517,-8.658062743114584,1.4030755535480637,-0.7726228949238703
486,0.8417891929029793,-1.837789256047472,8.658062743114584,3.1732564449338554,-0.09188998792990333
487,-0.699545324085193,0.3382377843863651,-8.658062743114584,-0.614357724946359,-2.5564825773112716
488,-1.896350521741624,-4.724535011340777,8.658062743114584,-3.181874554570811,-2.63548137904354
489,1.5378572140452889,-0.10618754854658619,8.583743691391476,-4.690868883967113,1.7860847609832717
490,2.8416537075481756,0.2972967255536787,0.0,-0.45321605562449463,2.793063395826607
491,0.2780481041136227,1.0610530885351181,-8.583743691391476,-1.849597555418768,-0.6619023169268985
492,0.21557592894623667,-3.4844721441058937,0.0,2.9075259225351857,-1.1047470946123212
493,0.9468489632936326,2.4234190555707755,-8.658062743114584,1.6616325598074297,-1.8638660447892335
494,1.178056569679029,0.0,0.0,-0.6783614656770851,0.3292764812366613
495,1.4649696758160644,4.131755726928532,8.658062743114584,4.064393054066642,3.182237076330125
496,-0.9952669097992839,-0.7826629977826087,8.583743691391476,0.11540757752329966,0.3858031694530837
497,-1.0698851035676853,-0.7620983475680987,0.0,-0.0632505805115926,-1.5549381428431843
498,1.1773763982901073,2.5591959907487762,8.510689667908622,2.7471555311886533,1.7225538814521997
499,0.0,-1.1836071806410473,8.438868645864659,0.4978685796200324,0.0
500,1.4245821939593952,0.7399186427119275,-16.94955831377328,-4.631993815934393,8.411290540743039
501,-3.7693819497590084,-3.3657592553099676,0.0,0.5954444235261889,1.098446835334812
502,-0.4764281591105828,5.877395354413238,0.0,5.1718686059013805,6.78711688260978
503,6.429617515193968,3.2620276628949796,-8.583743691391476,2.5654691083934154,12.632548110615744
504,-1.5626016825499391,-1.8506840192840173,-8.658062743114584,3.6618896275361124,2.299629487898187
505,-1.6215929626860088,0.0,0.0,-2.4691207703654783,-2.089557957769898
506,-2.275790432082431,-2.1072158842489443,0.0,-1.8597093064743717,-0.11903511549962786
507,-0.8958846609120883,-3.2538218823774514,8.658062743114584,-0.5680768545637704,-1.1490670350558503
508,0.7995305310714684,-1.0375311925381538,-8.658062743114584,-2.107459061606562,-1.3785195202029854
509,-2.2755204216882703,-1.4840572601660824,-8.733679968754643,0.7339174053417423,-1.6440785272740186
510,0.3351273089119786,-1.7837808131735073,0.0,-0.2121617299140155,-6.152335517659367
511,0.0,0.29751785326516256,0.0,1.2557397619502666,-0.996323595563922
512,0.35204670092662127,1.4226112619780906,-8.810629682154882,2.6851009652277043,3.128974535287284
513,-3.7083845066945287,0.5939250132178131,0.0,-0.9944984027170705,3.4833694368620627
514,-1.4141692973107638,-0.042411518976223306,0.0,1.3840985062557394,0.71209357632506
515,0.8612847363501714,-1.2519497035900713,0.0,2.2125568553838377,9.27928281734603
516,1.5951238178695348,1.1671212690489483,8.810629682154882,2.115646200815547,2.2456186407516725
517,-0.011384723977243993,3.3664006046292343,-8.810629682154882,1.450615561596905,3.4256677338281634
518,1.8085450127227887,-2.730362675329161,0.0,1.8602745060834849,3.084319797842454
519,-2.1672301792432336,1.630648067301081,0.0,3.671032860937487,2.3896769102649387
520,0.22775152407211863,-2.3515216276173305,-8.888947417245845,0.3850693226741413,-0.9441537259756387
521,-0.2505295296314216,-0.16969285633786058,8.888947417245845,0.34578334951905276,2.176414322558003
522,3.949912355278684,1.2931812997721863,8.810629682154882,1.4611904509933993,6.875129388735445
523,0.0,2.91940126958616,8.733679968754643,1.819968962019459,0.0
524,1.4396810249600094,-0.2957829819570179,0.0,-2.520422113240244,1.665805134454672
525,0.8265960567578077,-0.10565798520110548,0.0,-2.86120115340222,-1.035681624770291
526,-0.5434382793537225,1.0982977490621124,8.658062743114584,5.111765558047452,-6.255612630431415
527,4.2659649682091185,5.221504199467745,0.0,-3.3636104174811834,3.388676909667879
528,-3.111511422752301,-1.3869336285060854,0.0,-1.553159554583189,-2.9593124997849145
529,0.0,-1.5994615750987577,0.0,-1.5261203865898523,0.4943993920711591
530,-1.3186752904830428,-0.9904224855818029,0.0,-0.3185988659952699,5.442805075128945
531,2.087571227774788,1.0957288746176346,-8.658062743114584,0.5520281172674402,7.157065211654185
532,-2.6710596552866264,-1.9605162646494136,0.0,0.6792526737569631,2.785677403893942
533,0.08499522615238675,-0.95001854403381,0.0,0.8454227835105854,3.1503316857814525
534,-0.08499522615238675,0.25342653933876136,0.0,-1.550851726081902,-0.09940349487294498
535,1.047769903660992,-0.25342653933876136,8.658062743114584,0.2813589875678417,0.0
536,1.3350230520636615,0.6334459671270452,0.0,-0.044706797021646594,-0.6337189230545164
537,-0.3335887108332827,-0.29555818489097874,0.0,-1.0528228897167793,2.8216789517503003
538,2.767112675950557,1.9827883647558338,0.0,-3.4860348018082874,0.0
539,1.2342584322777839,-0.8010793918583659,0.0,2.4157111670367186,-12.370866269092858
540,3.12110993629085,5.887688644084847,8.583743691391476,0.964434507138975,-2.949035007900193
541,-2.5861744114190515,2.4081511810527445,0.0,-2.735166279658401,-2.1293875378078155
542,-0.3378207217574527,-2.9534074650091497,0.0,1.9204275461880371,2.678942190511407
543,-0.2816044714872987,-0.4196303118587821,0.0,-0.055723545670872454,-0.4932199425692261
544,-1.0031560805173285,-1.3440015463111195,16.94955831377328,-2.825206821431806,-1.5751532282633889
545,-0.355290876991603,-1.0933328815626737,8.368249670516605,-1.924875628260736,-12.428183579195661
546,0.530070218518631,-0.06311338321393123,16.529301951210584,-0.28438397298192797,0.5728422737706751
547,0.8396424405618745,0.0,-8.230499136515476,-0.14057484150811206,1.785645307460527
548,-4.301446090344143,-0.21040671695845958,-8.298802814695108,-5.476907048703183,0.0
549,0.6051266284839585,-3.435886222858244,0.0,1.4776324598280581,-10.93835114527701
550,-0.2714133868694262,2.13037551965499,0.0,-0.20402390348645838,1.2703200541257047
551,0.41839821943085553,1.031915769317493,-8.368249670516605,1.2356369813958565,7.555334768604666
552,0.9209898748840715,2.9424767441923905,0.0,2.9094489549402027,5.479967008858125
553,1.298115093677552,4.564688188940636,0.0,0.9595254488930891,2.1767359288139687
554,0.20303079934183188,0.0,-8.438868645864659,-2.8593331810804443,2.2816842202003045
555,-1.6931842109024728,-4.312878304072001,0.0,-0.8697500402403193,-1.4353097167928581
556,0.19768594545621454,0.9017984148085816,0.0,-0.6092754383306129,-2.1645736598370604
557,2.0085312884002633,-0.6290759082676232,-8.510689667908622,2.3963971961229618,-1.604117348131581
558,0.18034468426503736,-1.1333348538209975,0.0,2.116421501924208,2.9686882185110335
559,1.3628046597459615,1.447922275016026,0.0,9.149828155217975,1.0041928035594765
560,0.8775187035807903,0.6498338959827379,8.510689667908622,-2.659426933407616,4.375760241537478
561,2.549431689877565,1.1518928966215753,0.0,2.1233210608651945,-0.7587357502941359
562,0.6895875362615698,1.861165961394363,0.0,4.768088725645654,1.856515971599265
563,0.2801842509943526,-0.22984422931040172,0.0,-0.6269949119940321,2.0727621682902964
564,-1.1043809162019897,-1.1290930819395726,8.438868645864659,0.15489022592407764,-3.2371650397835765
565,1.658914240220838,-0.8371879347869253,0.0,0.6669453070589526,3.75808882305148
566,-0.38085850446987024,0.4396110559700901,-8.438868645864659,4.512910576794184,-1.2619200738645304
567,0.15684165746642975,-0.6699606648708141,0.0,7.584559894688454,-2.248491575471803
568,0.04480738426445896,2.4055821078545705,0.0,0.4490168210855501,-3.0275737384941976
569,2.226636630044595,2.04541731021709,8.438868645864659,3.998038310320844,1.4242724410968322
570,-4.020499858167568,-4.849001036280242,0.0,0.3459296094359061,-5.011046082705093
571,0.0,-4.388504560194633,0.0,-4.093888833614557,0.0
572,0.6170035140576147,3.0886595199499425,-8.438868645864659,-0.2800072691936464,-6.135845543425944
573,4.676826945401444,0.1678169121441897,8.438868645864659,-1.542513554132782,5.489201876574725
574,-2.5986451380331346,1.3834159999605617,0.0,0.9715688496917636,5.825319145302615
575,3.229125244395618,-5.418815242297569,0.0,-8.8786345299755,-6.506811157263542
576,-1.9149874510858353,-0.06318250267941039,-16.94955831377328,-3.4274648774694896,-3.811828167732642
577,-5.6040764906138065,-4.601979792225393,0.0,-4.627462387170553,-12.474882818996548
578,-7.417490131271734,-3.858307557165972,-34.786116085415586,-8.527266441681803,-20.808319222825503
579,-2.2161584525911167,-9.325419948456329,8.810629682154882,-8.171358847804768,2.7778514237779746
580,-7.661083188764678,-5.676091866356728,-8.810629682154882,-7.212088728558072,-8.820436574511291
581,3.2652717435621526,1.852570432040011,8.810629682154882,5.851802559910695,5.191808766011832
582,1.4920785938438712,4.9805817733886215,0.0,2.8103995470564485,11.89321097646689
583,4.07760497739946,0.0,8.733679968754643,4.694001079774111,0.0
584,0.3966500125670791,1.0915512882183975,8.658062743114584,2.3475374824751896,5.469674989719692
585,0.6512979465151147,0.9407740698134148,0.0,0.19738984888095956,3.251036904529201
586,0.48112164532085444,0.1923220759636024,0.0,1.367499103658858,1.7395995958506774
587,0.3621035995311104,2.006489744215287,8.583743691391476,3.08315237196922,8.905953362449054
588,1.300228571122716,-0.04264937945845304,8.510689667908622,-0.03493285795882173,-0.8565058554480629
589,0.12992992276213045,-0.17061570985606522,-8.510689667908622,-0.5470767294154939,1.1562829309849576
590,1.0444749640419104,1.3641113013254653,0.0,2.7923046569856638,0.006930199035423357
591,8.294372457748977,3.7205192109595373,0.0,3.687834556776309,5.799300887368645
592,1.6551203460794568,0.0,8.510689667908622,1.6904176666911042,-0.9685280854715757
593,-1.6998913702800564,-2.251918268042573,0.0,-0.622053664057546,3.8221221680424833
594,0.8503068889303904,0.0,0.0,-0.06721362661242836,1.3251218922565613
595,2.100289561777572,1.4027334344045812,0.0,-1.2562079797212817,6.396593890655026
596,-1.6754070968809174,0.14865941094467416,0.0,-2.67605364848761,-5.325079189390408
597,1.8372144293380188,2.5238345970155933,16.807118316381263,-0.7131553505545298,3.3221030604581756
598,1.8004313634601203,2.5808649641166994,8.298802814695108,2.8582634964298848,-0.05806764540750464
599,5.437316404725607,2.2791551671580237,-8.298802814695108,-0.6594597123885961,4.60928857605154
600,2.8871222412963107,3.577068516957297,0.0,2.508406535045822,-4.255811303777023
601,-1.459111969348669,2.8105813748679793,0.0,-1.6122123670235595,-0.9001615603457367
602,0.0,-6.029366696742727,0.0,3.057304019993822,-3.4321382511346883
603,-2.6694891211982394,1.8315601798076386,0.0,-1.3843861246293017,-1.2731401779046791
604,1.2636341133429596,0.6097753482245025,0.0,-1.0661346042097222,-1.976404104631797
605,0.5924712035739503,-0.7780546923331713,8.298802814695108,-1.6931825497474335,0.9800972284367617
606,1.6758436372629149,-0.9892134455694759,8.230499136515476,0.15651425398567653,1.392835624145846
607,3.6076229393502217,0.0,-8.230499136515476,-0.844815498300278,0.0
608,-0.11563908503831044,0.5052525317478285,0.0,-1.528351539613027,0.36549112203374534
609,0.6551114061267072,-0.48419524539895065,0.0,0.2145891198479717,-0.1098048905455471
610,2.006702507736918,8.17871812874182,8.230499136515476,1.4638590039355819,7.338914738330232
611,-0.967112749500302,-4.3326807911635115,-8.230499136515476,-0.7278523510061348,-5.621163712084467
612,1.340519597069033,0.10487566998926923,0.0,-1.438766895164349,4.9583800134278135
613,-0.9997254334439276,-2.5831396342491644,0.0,-1.9255857301239558,-2.341146182768057
614,2.031360501754534,-0.6520893383094517,-8.298802814695108,-0.17364855868918028,-1.45317304480659
615,1.5564120179669771,1.7449626527741202,-8.368249670516605,2.24636451404065,-0.4517685789654706
616,7.115409389057277,2.035442571990643,0.0,-3.270302568379705,1.5614995275523142
617,-1.0880387544693804,-1.5104475473854109,0.0,-1.072050650952363,-3.6261450606843937
618,0.3972713497150835,0.41979766369513527,0.0,1.858947977416804,0.5452749829885306
619,0.0,-2.0166379408165085,0.0,8.941211214549995,-3.3517953680764094
620,-0.3918282101130899,1.7647804908010585,0.0,0.9242484916493936,-0.6400407642279333
621,-0.45188144053372525,0.6295247296347952,8.368249670516605,0.05192304573091633,0.9134816584153214
622,0.45732455050983845,-0.08391373672748159,0.0,5.670400455053837,2.5759577911426277
623,0.3047668829058239,-0.5246204491450044,-8.368249670516605,-5.211863935509228,-8.08496759520267
624,-8.316351601512906,-7.7121204863397,0.0,-1.340512505808647,3.1073993132469013
625,1.3324233154899048,0.82462024569395,0.0,4.167111609543895,-1.172771825089626
626,-2.8039888762659757,-4.533233767844649,0.0,-0.7571509054928072,-4.9372479440093
627,0.7470352387745152,1.0397989244429482,-8.438868645864659,-3.9763504180474314,2.1585035370579817
628,2.2596772574061106,1.4200182537697401,0.0,-1.7184584510516032,-0.927966659793583
629,-3.908291970454229,-3.266936866893957,0.0,-2.4836959192287367,-1.9938837739395012
630,3.469918984744254,1.7620775839513954,0.0,1.9952667952360628,3.9907144265748684
631,0.0,2.7959603904018877,0.0,2.8512255184644744,0.18148961540305208
632,4.205926758035275,-0.021152158047698322,0.0,-1.0701536496683417,0.24193492759741275
633,-1.0867043622920391,-1.3970325917998707,0.0,-2.4511504950658605,3.819987726895988
634,-0.6613377299181593,0.19061940775100084,0.0,0.024986678299441678,0.7880492233109635
635,-0.546890394923139,-0.3389040722104255,-8.510689667908622,-0.6118099059535496,-1.3338533035313276
636,0.1258112777804854,-0.021185318573770928,0.0,-1.2497765027427477,-2.1844742114664086
637,2.9765584040578688,0.6988786459351104,0.0,0.2437691953105201,-0.8374682014143673
638,-2.0198167196522263,0.3598378651768144,8.510689667908622,-2.9717218122521984,-2.9462032530220768
639,0.32235241046328156,-1.2070263093664835,0.0,-0.7991956063475953,-0.2599175902599882
640,0.16386816296744655,-0.5722582100370346,0.0,1.190917512811808,-1.743192668693382
641,2.0733424785548777,0.5298799416068505,0.0,0.4733531706521745,-2.863341388945287
642,-0.9488391066415716,1.1224177630901977,0.0,-1.4207322323989189,-1.4077270498436292
643,4.3930750543122485,-0.9952883451715024,0.0,0.6800645832212524,0.0
644,0.06517913400875841,0.1694807537478482,0.0,-0.12549878964701122,0.3416604381734487
645,1.2430217338023795,0.12709171802816854,-8.510689667908622,-0.9488438520841811,-1.2731035095764582
646,0.6615908789935929,0.1906072965994099,0.0,-1.0744045220732943,1.839375166086029
647,3.819978890096536,1.904077415350912,0.0,1.5582199237206993,-1.9144167662175278
648,-0.9347082689018862,-1.8405497225485306,0.0,-1.4641770991735399,5.619493093642177
649,0.0,1.2062600000317616,8.510689667908622,1.1562223639014206,2.887070158181814
650,1.4206274215184749,2.387064517399267,8.438868645864659,-2.8634918047926448,1.0135217806207493
651,-3.61765744566128,1.1387121132593165,8.368249670516605,-0.1062534540218536,-0.6519260147907744
652,-1.5776935879030134,0.27394085156265646,0.0,-0.4426616307664375,0.6017929460574578
653,1.2200843642758628,0.8003201707688277,0.0,1.5769091255899212,-0.25070305046745034
654,-0.7427185465357979,-0.0842140722215845,0.0,-0.01203641343342099,-0.7732527598332126
655,0.5638659666528838,2.3133067454818956,0.0,-0.6578461523107677,0.7023529110277877
656,-1.4862551283267749,-1.555635286076722,-8.368249670516605,-1.8236520827489215,-0.6158296076525858
657,-1.5808905714611683,0.4417100560858671,-8.438868645864659,-0.24464858766152986,0.06402242517424384
658,1.1139459013493251,0.48355392042867607,8.438868645864659,0.8488825202364723,-0.1799653571546287
659,2.2891994547617287,1.1973659383020276,0.0,3.984709783910148,-1.6211473165225243
660,-3.539077346827071,-1.2183851603822404,8.368249670516605,2.659658691235606,-3.9425789997890206
661,0.9402711173515854,2.2884986735407438,8.298802814695108,1.3886276258945003,5.989361314778421
662,0.35305268727461225,2.5552427768543566,0.0,0.06633596559049693,2.077127468817025
663,0.6297537111149722,1.3587384637903597,8.230499136515476,-1.0444865122815372,1.347305722151873
664,-2.2167536909246337,-2.9707134818145278,8.163310639160954,-0.8559863477728982,0.04654534422422785
665,2.8895004217383757,-0.7126090174133424,-8.163310639160954,-0.26478534834784284,7.470821395399071
666,-0.42312658625724,0.0,8.163310639160954,-0.7315205541701175,0.30964863681242605
667,-1.966088336044777,1.089667130725502,0.0,0.9102311143694521,0.0
668,0.27178935405299853,-1.0267694338090223,-8.163310639160954,2.5214244544773834,2.3969580545077633
669,1.2981336401926455,0.5868544769364235,8.163310639160954,1.3370271010054893,2.4797436501667107
670,-0.8742896953590389,0.3561365507066512,24.097551579060507,-1.6174756030419672,0.8507279340853984
671,-1.1197722488132058,-1.2784911356338853,-16.000341346441132,3.0676102684639375,0.6443699042094977
672,-0.979469314808739,-0.41953348492461373,0.0,1.1178898179661871,1.7236450095276723
673,-2.223688640787259,-0.7556040994204523,0.0,0.34313208486327085,4.648344634395926
674,0.6490868013279396,1.175137584345066,8.03217169726426,-0.5986633639316636,3.016781753632472
675,3.88026641889428,3.1618096800739295,7.968169649176872,3.3189829631131857,-2.0681031646490737
676,-1.7668377393538321,-4.399940051765952,-7.968169649176872,-4.503291502813539,-1.855997776653112
677,2.0926820863933244,2.076669685429806,0.0,1.7212817559078673,0.8938083671911272
678,0.46143115044651495,0.18857448223934625,0.0,1.0536211897962886,1.102220503342096
679,0.40154323369461054,-0.7545113849027985,0.0,1.0622325494061187,0.5127175999750762
680,1.6912223109357,-2.393048709087452,7.968169649176872,0.24621631523446297,2.34771937909386
681,1.7262142572999437,-0.06305236500884348,0.0,1.6894811724222762,1.1516332186585032
682,-0.09732465349316044,0.3152220765605307,7.905179507113303,0.8221305495569027,4.825773144176992
683,-4.720786421822595,-2.988091950173839,-15.873349156290175,-4.845541938737796,-1.787463132507014
684,-2.5457763675822207,-5.452023140984238,0.0,0.22184406617529362,5.682687651869173
685,-3.1585778303569896,0.8895667126198532,-16.129381929883635,-2.2000540743070047,-3.0077016775918537
686,1.370487775014226,1.227149781620028,8.097210232619375,2.324481640042194,16.880903796963537
687,1.090679164901303,-0.35952585272207216,0.0,-0.2207343103657422,5.608881431528573
688,0.5231037608382394,0.6977850893690629,-8.097210232619375,-0.5661248580961882,-0.6944881615623331
689,2.0733742193660873,2.2169915016766026,0.0,1.826036009073917,-1.6818412596070402
690,0.929173672887373,-0.3164123089682107,0.0,-1.04350449606126,-2.687320799117174
691,-0.7171808581060759,-1.6258277881643153,8.097210232619375,2.362276447329762,0.0
692,3.217853436880432,0.0,8.03217169726426,0.1964248524765111,7.862853394805825
693,4.330169512014436,0.9504800639533642,0.0,5.802993740229596,6.870089975091446
694,0.0,0.3377308739218279,-8.03217169726426,0.0,-3.995858707051582
695,-2.787322735432099,-3.7848798182803876,0.0,-0.6643502303672619,0.0
696,1.4810573346676392,0.0,0.0,8.975859378505262,-7.797634680568478
697,0.0,2.9403386706017045,0.0,-3.297529629888629,-1.8170785761561774
698,-1.7677925853204215,-1.3739024154147046,8.03217169726426,0.0,2.517467582497602
699,2.064820953713024,2.408367066698702,7.968169649176872,3.5869030321091273,0.0
700,0.9391091028155643,0.0,0.0,0.6125144547115369,7.553564520724365
701,0.8088695680553428,0.5484653655039438,0.0,-0.5082754366762998,2.799930169187803
702,0.0,-1.1605702867309446,-7.968169649176872,-5.277698642391101,-3.0142604204499435
703,-4.305310492781246,1.2449228806235624,0.0,2.7377706419281083,-0.703390843821353
704,5.302016059598827,4.565497457941092,7.968169649176872,-0.9569404242767519,-0.3250589604306242
705,-3.9117031234809474,-0.9450506305420276,-7.968169649176872,-3.3185043315407654,0.0
706,-4.3939206050699795,0.9030673398865474,0.0,-1.071455460316571,-5.8561215457689855
707,-0.2660968227983176,-0.9450903264660155,0.0,1.9192342665286048,-1.0764791993177028
708,0.6461123537201274,-0.18912529607223405,0.0,1.9839028237981609,-1.518528547975734
709,0.2116603131253214,0.0,7.968169649176872,0.6042225302616089,0.0
710,4.531791150647223,1.8267146272009995,0.0,3.9781006917399253,4.927217951958255
711,-0.8647059998138502,-2.7728780055731477,7.905179507113303,0.13073694735093255,0.24955736319651578
712,4.240700836386168,0.609852287445392,15.625317903080827,6.3884306317735025,6.998070213022174
713,-3.008721083875571,0.7145259214576072,0.0,-1.262793879624951,-2.3689181916672624
714,-0.6212035883854696,0.0,0.0,0.15754000782214916,0.42036140338035466
715,0.0,0.0,-7.782140442054953,0.709151304579656,0.5174996931814917
716,-2.8029108000228007,1.0498468188034167,7.782140442054953,1.1319086432148993,11.55506206897661
717,0.23839064754702122,-2.6477278643742466,7.722046093910308,-4.075371355427983,7.124847027408805
718,0.37372547861468774,0.0,-7.722046093910308,-2.184093692700557,0.9673596452163338
719,2.1961981077438395,-0.7788408295782574,-7.782140442054953,0.42785972587032006,7.4354850218909405
720,-1.3138936663199274,0.4210703670796647,0.0,-2.1921921925696424,0.3235405783615306
721,2.318424942563979,1.430314492299658,-7.843177461025874,0.40522151334114653,-3.0422564908001846
722,0.453328735852665,2.435236539591642,0.0,-3.648649601285072,-0.622233712368029
723,-0.8204597193525842,0.6078836404485628,0.0,4.195066333105899,0.9387434983276535
724,-1.8647293303993138,2.0514974747857195,0.0,-1.8850167010112813,-0.13450441867286145
725,-0.11902829641257995,-0.5020185433932056,0.0,-0.003194352384966237,0.7956865667995316
726,1.9891575884730628,-0.5441379733292706,15.625317903080827,1.5916522494054632,1.6384160801378016
727,2.3354478033579653,1.3806955877334985,7.722046093910308,0.723703993095171,5.938630795687061
728,2.679307996038915,3.651733412718386,7.662872745569132,-0.9831321892914744,1.1198648549410564
729,-3.9245609675308515,-1.7094377612247627,0.0,-2.157773743058776,-8.600459969616395
730,-0.7338618187013708,-4.642708634224618,-7.662872745569132,-2.7873987580300437,-0.5772681460061904
731,4.438108165316407,1.780161103426508,7.662872745569132,4.038772103707856,4.506478081572766
732,-0.3547547929110806,-0.6488681664795877,30.077455237277945,-4.386140365116802,4.589733577086065
733,-1.6033404560321287,-1.1522548805369297,7.380107297622601,-0.6865407280289588,-1.0006855059648387
734,1.1193810131417194,0.7334067068750301,14.598799421152478,2.4349824492688157,1.2938002123116235
735,1.3974665135528994,-1.6142053545427189,7.220247973487062,1.0164710772985686,-3.6300131081752056
736,-0.11279982608539285,1.111355863557037,0.0,-0.5502380238125468,-1.6828752953337016
737,1.384945118813448,0.35621117412847525,-14.493007302566696,-4.608916469524516,-2.206665527352186
738,1.5437230368133896,-0.4610033190037939,14.493007302566696,3.155088066189151,-2.474284135295818
739,-4.294017526213793,1.42423314471489,-7.220247973487062,-4.501891060737208,-7.6001525792415805
740,-2.01379571499092,-3.2073818177868816,-7.2727593290796335,-0.6622712280209413,1.2879677238149156
741,1.4757447378233337,-0.4410328640969965,0.0,-0.5875021179971185,-0.27403240445318033
742,-1.3841205371136311,1.7419961799714656,14.493007302566696,2.2793402360085224,7.676289092641298
743,0.8619343416485208,0.1467766795449279,0.0,-5.224194441058543,1.4063188688170385
744,0.5598591885081987,0.0,-7.220247973487062,-0.4785369793463019,0.31259768932267207
745,1.828124584994839,1.403773657299098,-7.2727593290796335,-0.9858178933716744,2.0106024622664904
746,-3.8698926351889895,-3.3765748344067106,0.0,1.5042226195543833,-2.294778141582583
747,1.0671956945234342,2.6435060711501137,-7.326040092072844,0.5547509714417345,2.6586198413821194
748,-0.3394387439948332,0.25139840494193777,7.326040092072844,-2.7390423149398373,-0.8838453042693004
749,-0.2694778613304152,0.8793970415972581,0.0,0.09610125840644912,-3.6855835137358213
750,-0.4043530002818443,0.7949791213668504,7.2727593290796335,0.9637410732470073,-0.8514773962912159
751,-0.2426903040959587,-1.862919041315763,7.220247973487062,1.319454816848065,1.4461318499998015
752,-3.0142633021223446,-0.9222772515895485,-7.220247973487062,-3.688921996389425,0.4852669419005906
753,1.9943203628818083,-0.6712817537572846,7.220247973487062,-1.472673839565573,-1.6717637992441041
754,1.3165564243854533,1.3840252172576584,-14.493007302566696,0.908098645760191,-2.7311226063934555
755,-2.088951183494828,0.02095535461921827,-7.326040092072844,-0.591956444098301,-8.82272386261451
756,-4.413535848242645,-3.6318254659563536,-7.380107297622601,-6.0881154194106415,-6.925658300188331
757,-3.1147169618479893,-3.8139434105160035,-7.434978487518094,-2.012535961335857,-9.440214617047616
758,1.0012461997357605,2.214279840603922,14.815085785140695,4.854359967979647,1.6345546795186578
759,3.9516517521497008,4.099271025874259,-7.380107297622601,2.8381027308161464,12.016585425866538
760,1.169470460683442,1.7816162920080387,7.380107297622601,-0.24802621623442178,3.3950664737068905
761,-1.093629985669395,1.5275644599678344,7.326040092072844,-3.2027836890612633,0.27040411179024204
762,2.667007258382,-0.10455329613614595,0.0,-1.0579117940264666,0.8411451583193639
763,-3.9191112002299633,-1.5067807973864547,0.0,-2.102834918328398,-5.314600540474828
764,-2.1120708037842633,-2.2224560987651785,-7.326040092072844,-1.5066084692152515,-2.9128734104657497
765,0.11956781683420559,0.12593136757095635,0.0,2.353283522450212,1.2128505645965788
766,2.008774129266385,0.0,0.0,-3.5199816373213224,2.114537949472549
767,-3.7602404778126584,-1.4491690817831113,-7.380107297622601,-4.3433678665301585,0.5781061724493952
768,-1.520059351611053,-0.9672807550396101,0.0,-0.6907605833913522,-7.818212118134738
769,0.0,0.0,-7.434978487518094,-1.7075329643789132,-3.0334676713945328
770,-2.981441927173364,-1.410541397461202,0.0,4.191602847666161,0.0
771,1.917661369322559,2.020457815759073,0.0,3.444867261297034,3.1305421696764597
772,3.612246323983527,0.35736433674173895,7.434978487518094,3.957478943100483,1.692434801936372
773,-0.50590908315462,1.3652165988387424,7.380107297622601,-0.937000654588374,4.848047119760679
774,0.22850676370580913,0.6714226018066256,0.0,-0.6523921184122372,-0.9712704143381075
775,-0.13600964057241072,-2.3519540451288776,0.0,-0.59612910194177,-3.8299400756164914
776,-2.811378118477478,-0.9675859487360867,-14.815085785140695,-1.385437638015162,-0.5460252567331167
777,-1.2611478115104546,-1.2634772570308996,-7.490671729157555,-1.5360415544451342,-0.4962045304913545
778,0.13656463488769077,0.2738889081574598,7.490671729157555,3.3879504873223283,0.07759870802050273
779,1.4137132517107602,1.9361497725003574,-7.490671729157555,-2.2362442177307145,1.8524969180526796
780,0.016363353723136242,-1.6833958060760779,0.0,-0.8674808856957696,-5.188202880902168
781,-1.4737752595219717,-4.326681225456923,0.0,-3.9305605018370358,-12.907933747049526
782,-5.224803907288333,-1.1216576311162498,-7.547205635382966,-2.1497718723744157,-5.020600234606718
783,2.0351132507057628,0.19055886738533445,0.0,1.8962579318654917,1.2195817802061129
784,-1.1898464199130103,0.3175174396674265,-7.6045993852193305,-2.2581198860301015,0.11709399115034103
785,-5.440850507732648,-2.309592186640657,-15.38491883947944,-3.126920374226799,0.08245233023205856
786,-1.3082323895196168,-2.9742957979269704,0.0,-4.079225905135928,-7.627509121639207
787,-3.114621032427749,-2.0020026706733915,7.722046093910308,0.0,-11.840629339207283
788,-1.6025777754794035,5.061148496226451,0.0,7.8780714361275415,-1.059840719364729
789,7.29338951365844,0.16967845972794748,15.267472130788462,3.7329935574003628,5.353302186922747
790,-0.11570343569474062,0.8267704487134324,7.547205635382966,1.453432950872994,6.182059394599719
791,4.754833180928472,1.8841766537898366,0.0,5.500161376162438,4.629810818671558
792,1.7040306355856956,0.14804318658207194,0.0,2.8998403145061644,-5.420463514497214
793,-1.8630754893119956,3.0616901206412876,0.0,-1.4010825680174293,-0.37973545553228405
794,1.0689530486724834,-2.089379750234002,0.0,-1.031173809372845,1.8706339313009153
795,0.9200287610292435,1.604357440242893,0.0,-0.8842440371696085,7.32065144265141
796,-1.3145860673766947,-1.2452644629884162,7.490671729157555,-1.7512166606722843,1.1382533495956864
797,-1.316316478929366,1.0765058928172948,0.0,1.1830608008937276,6.676348006632907
798,1.3492022010486835,-0.9497979755142296,0.0,-0.290733286925672,1.4467093165150118
799,-1.0254470778145333,1.0341808205321286,-7.490671729157555,-1.0503927952581336,-0.0441558505347075
800,-0.1755829908488522,-1.7101419785067264,7.490671729157555,-0.6826928899755558,-2.4102670656783403
801,1.020145212342868,0.42252926643777755,7.434978487518094,0.20616566302106776,-1.910066661782821
802,2.8191777372221622,2.2364293980826915,0.0,5.0698406935852915,-1.6159009449574455
803,0.01639913303370122,-0.7168005703988456,0.0,-0.5981215255101375,1.2216186896152408
804,-1.3565702737896572,-1.3506670971128187,0.0,-0.4474681199329211,4.2042291082966585
805,0.0,-1.0353389546689868,-14.925650216675649,-0.37268086725983096,0.8472303599336328
806,3.0824412837364434,-0.5074961518057535,0.0,-0.9600482609821768,-2.3144066531329486
807,-2.994865065002159,-0.9310790608524258,0.0,-1.0883715120011601,-3.670807282520059
808,0.20249063549999846,-1.9071843034562335,0.0,-2.2108611519325905,-2.1766628280706755
809,-0.6075949554024191,-0.8700358112309914,-7.547205635382966,-0.47049295101207633,-6.692959531215138
810,1.1929453480797747,1.1669479274260084,0.0,0.08516362339244665,2.0074619318946247
811,-2.228349124754459,0.0,0.0,-4.626795689778689,-0.44225690877652823
812,-1.9806604102186611,0.16962449418315373,-7.6045993852193305,-1.3566363650576392,-0.3811272464288322
813,-1.2749636274193108,-0.6786706799048261,-15.38491883947944,-1.6719829199817298,-3.636289151290555
814,-4.044461467706242,-2.12381942419961,-15.625317903080827,-3.6604056730750614,-5.1933787055587
815,0.6899273642193293,0.7438499891359243,0.0,0.0,-3.6048268619547343
816,0.0,0.0,7.843177461025874,-0.483765160230206,-3.1043163463232304
817,-0.39182034159148316,0.10621913016439066,7.782140442054953,0.0,0.0
818,0.4690625732691842,-0.8925915498875838,0.0,1.5542849169861057,4.261555002457385
819,-6.298239829480735,-2.4907143340697075,-23.53049741019413,-3.854817155234471,-4.975548462028996
820,4.288000188126716,3.8505360670333175,7.905179507113303,-5.496203144593579,-6.618544863574471
821,-3.5665074439057207,-4.554168330949324,0.0,-5.450450465953992,-1.727749298611002
822,-1.8769649775713333,-2.242129466640108,-7.905179507113303,-1.5315096763429068,-5.6914108962914725
823,-3.9598277340937784,-2.0971995103463996,-7.968169649176872,-9.718560427317072,-6.758861454839462
824,-2.883650148452034,-1.1789294543741562,-16.129381929883635,-8.951106489123987,-26.02839882829869
825,-5.22962093246133,-2.7920980338203663,8.097210232619375,-32.84435157690737,-17.336400446655716
826,6.393023119774625,5.704742244863155,8.03217169726426,14.171034519404571,24.07475701854287
827,1.8541690594911415,0.042769770332597545,7.968169649176872,13.89497158936075,7.843889798907185
828,-1.4741194249072578,1.389022672068677,-7.968169649176872,7.350989824186826,-0.06785246093920705
829,1.836732361889517,0.0,7.968169649176872,0.0,7.738480998092541
830,-0.13945095393137308,-0.5767444007378799,0.0,-1.0214202732523177,-1.8905263331538436
831,-5.223871607036017,-5.893274098834809,-7.968169649176872,-6.561452545192594,-8.989863182337217
832,-5.1780232915753,-3.186087255608072,-8.03217169726426,-9.076366696259157,-8.800219473440734
833,-0.5976747248741958,0.3880397573848313,-16.26052087178033,-9.274090125779594,0.8483302308382008
834,-0.8350872530763809,-0.6683843674400123,0.0,5.383115933612771,-0.23753031922262835
835,-0.8922823818456891,-1.4677000756892085,0.0,1.486439565894841,-0.8555766157306834
836,4.425347226269878,5.406874069331025,16.26052087178033,16.617920489629057,13.200732311122692
837,5.066455321248213,4.030707399553648,8.03217169726426,3.2818207852505736,3.5221384365362383
838,7.432449693938906,3.374989853158695,0.0,10.921571623708388,10.58856325742056
839,2.2417303997763156,3.8523390446716803,15.873349156290175,9.349895340395364,7.2264125194718645
840,-0.5377789858030155,0.42476373156569025,0.0,3.8091975547611128,5.879765396063021
841,-0.5214227192182079,0.0,0.0,0.7876417315165725,-2.0165308123432624
842,-1.993896783591481,-1.2535723136115848,0.0,-2.9671632221447197,-3.793479229330046
843,-2.9397702763762936,-3.4714492475086445,-15.873349156290175,-3.940516874414982,-6.398566328099832
844,0.8638972332428239,0.1919897611351189,7.968169649176872,3.4503328004837925,1.0045634032005637
845,1.4251916121456816,-0.27733037692087237,0.0,2.358477221594498,3.485035052214016
846,-1.090980041972216,0.3199897630584019,7.905179507113303,-3.1811894759113812,-1.0727318252874056
847,-3.4197985356840945,-2.648329257064688,-15.873349156290175,-5.891314931349243,-3.25421976607106
848,4.405072390685746,-2.3123377750653162,7.968169649176872,4.088570365248799,2.527041356830182
849,-1.6482357589766252,0.7499545022001257,0.0,-4.89998589209182,-3.21033602811508
850,-1.3718876757793623,0.9206033813316026,-7.968169649176872,-1.104268057268925,2.8414237174604295
851,1.1823892330012313,0.5348451750760432,0.0,-0.4868042968640367,0.3569589526573509
852,1.2199641094503022,2.413937918499869,7.968169649176872,1.4204005130005015,1.1417542782515966
853,2.291066403166951,2.0249178301528445,0.0,3.5903139426879562,6.401368437344445
854,1.9310917220800548,1.0853720592640457,7.905179507113303,2.6706313642679333,4.568897227574439
855,0.8755306385446602,-0.34038208217134525,7.843177461025874,0.624724611597685,2.0998886989565335
856,0.5648090873983165,0.042554096902676974,0.0,2.45829133961702,12.339628410688192
857,-1.7619294910709868,-1.1069954721806425,0.0,-2.985934910228778,-1.3828165229385831
858,0.05545389010512736,-1.150870739335005,0.0,-1.3365291428455066,-0.2731284886659182
859,0.0,-1.792880186565526,-7.843177461025874,-0.2592500313440098,0.0
860,-1.7816066363875507,-1.4109500598424347,-7.905179507113303,-4.002307730280521,-6.678167105795694
861,-0.06110822546361305,1.111823933219057,0.0,-1.5496758327786324,-2.4057541500785646
862,-0.1666777789041589,-0.34196802932092396,0.0,-0.4811124130998792,0.2420123337262794
863,-1.3288595171643465,0.3847058116662083,0.0,0.936157608062544,1.6186314012252296
864,-0.3338823874673835,-1.004821087442906,0.0,0.2572055473985273,-4.369928643556932
865,0.21147178878254635,0.47046748226603086,0.0,1.4027954959978786,1.0660793293498045
866,-2.150191058978635,-1.1979892330182338,7.905179507113303,-1.2163909031676496,-6.391567694131709
867,0.18400546492375724,-0.7923167111493967,0.0,-2.4574898318330156,-2.315076926922984
868,0.16724831954434194,2.610129634864279,0.0,0.5075065502440594,0.020375693835489983
869,4.166591569385673,0.17091825875832,7.843177461025874,0.6208106726895863,4.587529242481651
870,1.3757754774542263,2.496347456386502,0.0,4.125558641341087,2.977051578286364
871,5.269208403995435,1.533122119601103,0.0,5.689668018858384,10.008475570380313
872,0.31427902170617017,3.716568473717416,0.0,1.6352523934428973,3.4193306084343362
873,-0.00551281591924635,-1.6548216357223282,0.0,2.4656161347020173,5.511546884451889
874,0.7219202288624729,-0.9134457719137572,0.0,2.565726662290899,-5.548126613300326
875,-1.9685968391750066,-0.5101932467532606,0.0,1.010308771717888,0.3873446409923531
876,-0.5742144738360366,-1.5960336639782327,0.0,-3.8510482992470543,-1.8716144847955434
877,0.18223838487847388,0.0,0.0,0.2062667391108306,0.9204402451105125
878,3.417713681348687,2.2549842559019453,7.782140442054953,-0.46138660800976083,5.976356264702247
879,-0.8588417176215444,1.6136569810023502,0.0,-1.4820911184691,10.14714286433616
880,-1.2234709518952513,0.5090353889499966,0.0,0.8961783095000868,3.117036780875253
881,-0.8716712916966571,-0.6363347335300205,0.0,-3.078346795266995,-0.7281276340825684
882,1.020551793312734,-1.6563678374441224,-7.782140442054953,-2.690324099023016,3.156824601970925
883,0.0,0.0,0.0,0.0,0.21162023038135658
884,0.5236626739924759,-2.4684014746362664,7.782140442054953,4.178985846983878,-4.432202578931765
885,0.5399121947466483,4.103551179063288,0.0,3.457194484020789,4.310119449936167
886,-0.15423088393890794,1.2722917808605416,0.0,-0.37898642640563196,4.7955958867382265
887,-0.2038415882461777,-0.23313234604756872,0.0,-3.1871678915703683,-1.7577176254785059
888,-3.9749410550648463,-2.3768102526664734,-7.782140442054953,-1.0368240297207052,-3.1502079049265603
889,-4.501889855799163,-2.616772227911497,0.0,-9.428424802902484,-8.728553029560487
890,0.07223446198167949,-0.021302657507476397,0.0,-1.695815297184609,-7.929319443667509
891,1.2327376663133691,2.6380748854189733,0.0,4.61962011874202,7.336262464067602
892,4.578896941372477,2.1648245821015735,7.782140442054953,3.191154727383804,3.883793018604365
893,-0.5857259854028598,-1.6762684680888924,-7.782140442054953,0.8282803499101163,3.0808707350979603
894,-0.8128485812130748,-1.5089209829511674,-7.843177461025874,-0.6016071686756845,-2.0337810576432958
895,-3.624377045181973,0.0,-7.905179507113303,-4.296538949942359,-3.745120244986026
896,0.08882671025003219,-0.5744131039027707,0.0,-1.8585947374664187,-2.705329634018881
897,-1.4221750561009685,-0.745100995651228,0.0,-1.8755613627326824,0.0
898,0.027796231389402237,0.4471272151386074,-7.968169649176872,-0.04164408601113223,-2.168226133977498
899,3.174799662810983,1.382699461937591,7.968169649176872,0.4028619003399001,-1.0148808798713276
900,-3.8643743226875813,-1.8937183168782212,-7.968169649176872,-1.4918511118741975,-4.258860021337227
901,1.8618719131145554,-0.21300161961698905,7.968169649176872,5.285187571448546,0.7889429072044436
902,-0.08884644009231124,-1.9830910724267596,0.0,-1.5692664853964828,0.24186200730832752
903,-3.0923272695326887,-0.7687051967186562,0.0,-5.071211378575114,0.9850659838754723
904,1.95884268357986,0.23494484243929037,7.905179507113303,0.8334616715127225,2.9840361456770097
905,-0.9789417087840775,0.9818989859941212,0.0,-4.1244625420067536,2.1754042963594316
906,-4.93150461660025,-3.291023186640814,0.0,-7.886052262271903,-4.375392631197371
907,1.726561248269718,-0.6209517891311407,7.843177461025874,-0.5124292740052283,-1.073672384943336
908,2.1303419948872033,2.09684053120327,7.782140442054953,5.3521268952855365,3.1812661155604474
909,1.8311404658561514,0.662371956737843,7.722046093910308,-0.5860726148147535,1.917087801424941
910,0.894869567177011,-0.8120005574564857,7.662872745569132,-4.362023554943946,1.8345202528639675
911,0.15554777848046797,0.8760777919069369,7.6045993852193305,-4.824776957308046,5.141719830894431
912,0.48315484386330354,1.23802017989874,-7.6045993852193305,-0.586093542852268,1.2225100238604227
913,0.7936442282134522,-0.4480716989673965,0.0,0.32577736617227515,3.07417812202425
914,-1.6268156042087867,-1.495023985266016,0.0,-2.25163642976338,-2.73286140374546
915,-0.4779981971541929,-1.176231703528174,-15.38491883947944,0.7411540164230246,0.7540764553387476
916,-1.1959960594895165,1.2617218828963814,7.722046093910308,4.361090913577868,0.013052593795293888
917,2.2517335345410174,-0.1923631822810421,0.0,2.4216073936725877,6.991227694154361
918,-2.3797620349732824,-0.8340016521906364,-7.722046093910308,-3.2602557431335413,-4.717782740680036
919,0.0,-1.4986728847688937,0.0,-0.7774932704518562,0.0
920,-2.2180495838174465,0.10712258047169598,0.0,1.133404053899568,-5.9823321349445
921,1.4495341729007123,2.2041759852163523,0.0,2.9933300843978827,2.67720700220508
922,0.7796489747152009,0.17099497744129621,7.722046093910308,8.348675523807557,5.44671995089584
923,3.6284973783676833,1.9856739131082577,0.0,1.1736002378175954,5.4640651409906695
924,0.2772909798377441,0.3412241449186695,7.662872745569132,3.2411538351913407,-1.042556604631386
925,-1.864874855706148,0.0,-7.662872745569132,-0.33231854446160014,-3.716777717601701
926,0.5775948887921913,-0.8319379299537104,0.0,3.1969394230396944,-1.7334898410427968
927,-3.2533194449570146,-1.174423333050072,0.0,-1.9324655059017601,-1.9222089341810147
928,-0.5794775948907045,-1.3041574533835956,0.0,-1.3771493388040454,0.26877801459920647
929,1.0639750774635104,0.513314095327587,-7.722046093910308,-0.07775344386877237,-2.0363667115486237
930,0.3562621459050206,0.29931158559156756,7.722046093910308,0.40785653930137755,-1.5761783151917825
931,1.6405069786060267,-2.9757148147455155,-7.722046093910308,-2.6890590516178463,-4.449548625581997
932,-5.449058228537069,1.927732085401658,7.722046093910308,-0.9695628121994702,2.5695889434172727
933,1.8252305443165824,-1.220465427115414,0.0,-0.8007673316720485,-1.2880686653125508
934,-0.9094079711758241,-0.9002444128382194,0.0,-3.2742008513975946,-1.8103592589637287
935,0.20650260015463573,0.6216839259122935,0.0,-0.8733431595352528,-1.3858329996169232
936,-0.18417593877074978,0.49278499502725026,-7.722046093910308,-1.4087223719054407,0.677539111866281
937,-2.03936319650893,0.0,0.0,1.380317396487996,-2.4904030351993356
938,1.9556356459097515,1.1988098967467522,7.722046093910308,0.45892559963137103,3.785001553732627
939,-2.028347257705718,-0.556411587716866,0.0,-0.3987080096007105,-1.7171843389285755
940,1.7547883947854643,1.2621807449595508,15.267472130788462,-0.33067336647818024,-3.104981249759419
941,2.49832831263393,0.7479991372783843,0.0,4.797102145098933,6.233142234859258
942,-0.7075977908416462,0.5979967288367334,0.0,0.5212936114843671,4.8363277733391214
943,0.5739168869586138,0.38423771979432786,-7.6045993852193305,-0.8289956678234063,2.467201663464948
944,0.9298260447712892,-1.2599973904325452,0.0,-1.8629392141269818,1.6213850697901648
945,0.7454632787330411,0.2991261266233778,7.6045993852193305,-0.5317722711403405,1.3981008568825928
946,-1.4747746685534366,-1.303990180389519,0.0,-4.2678060719992885,-5.897936225105013
947,1.791706327952852,0.3849608670661837,7.547205635382966,0.2437152233857205,-3.8792700940589384
948,2.4431155196425607,-1.8405963590284955,0.0,-1.6547860931174228,2.90759475964461
949,-1.2596801412664718,0.0,0.0,-0.39700874967445543,-5.0269346865433135
950,-0.38321305170575215,-0.5356932534323278,0.0,1.1073522585506623,0.0
951,8.611755070090112,8.36682077146179,14.925650216675649,1.7469162950704913,0.9043855103923306
952,0.8147402365329981,3.797405783136128,0.0,11.679356242221019,10.000213930477571
953,-3.500371526114577,-2.4592435384001874,-7.434978487518094,-1.8787085103003989,0.8880901532432404
954,-1.2321771031374738,-1.4019289436637337,0.0,-1.4612797364923154,-2.774039580263377
955,0.24876790911730495,0.38253921493378584,-7.490671729157555,0.1579572074645199,0.4799538034920374
956,0.23765375065886474,0.2761873417548486,0.0,2.9019682989452633,2.073354571299433
957,-0.35926588548863947,-0.42493520377684035,7.490671729157555,3.081991895209825,0.8226253243506676
958,0.4366293390321516,-0.5526858546836593,0.0,-1.4746666436113998,0.7117466871475813
959,-0.16025951022493246,-2.8959604584124463,0.0,-0.7111756549634407,0.5946252213660728
960,-1.0395471165311392,-1.2162466425506864,0.0,-1.1414095002330242,-3.901481310377278
961,0.43143263959245814,1.0669626721737586,0.0,1.1178073250105882,-1.366842887582436
962,0.586007701210292,1.0019079722369497,0.0,-0.43392971244492173,1.950436131538254
963,-1.5154786336397592,-1.6846329246163805,0.0,0.43954932850144246,-0.0487551985327741
964,3.7513130754950907,0.8959809456810035,7.434978487518094,5.229389923783842,6.040513013532063
965,-2.7112483649589194,2.2789969502264285,-14.925650216675649,-0.1129302321581207,5.270144756801471
966,0.39803635924272385,-0.10637958372899448,0.0,3.173955486173071,2.41231020538288
967,1.0937837718965966,2.3589678239841305,-7.547205635382966,3.055017692883439,8.943450056630127
968,3.109084994383011,0.6790307097908226,-7.6045993852193305,2.1789898800703043,4.05272257983404
969,0.47873351140879095,-0.27580061911794473,0.0,0.8168680935238513,7.7126857607586885
970,1.0447138434528824,1.4841831237736187,0.0,2.4819743265097856,-5.234612584300521
971,-1.7601474267012236,-2.4819435530043847,0.0,-1.3149114937672124,0.4702666877473689
972,-2.1383427180335275,-0.6586425827445055,0.0,-0.8890144206182384,0.45269888962809546
973,2.903287379395806,-0.021253759257888305,0.0,-0.08639720344274338,-1.2434417160919224
974,-2.6440178010216187,-0.10627557266161602,-7.662872745569132,2.93553432534506,0.9374586405619993
975,0.04963969853179151,-0.3826856071864313,0.0,0.24074272559738574,-8.082423129361132
976,1.8019065404614594,0.08505390296159021,7.662872745569132,1.6692477865008044,1.4286363722257533
977,-3.0546833706539473,-1.9154647664727236,-7.662872745569132,-3.4872944678488835,-4.04168894253786
978,1.1148826940598155,1.405032802351343,7.662872745569132,3.837780302110218,4.35447697403913
979,0.0,0.17017293865865213,0.0,3.9690992861226135,0.27301414128868373
980,-0.590401849050977,2.6764109608157014,0.0,-1.9017501058292083,5.613568934529781
981,4.636572182976124,4.761561050685486,0.0,8.467931401073983,3.2599570523124726
982,0.0,0.6753619774663093,-7.662872745569132,-2.520943221857138,-0.42638858176366057
983,1.4438453805987592,0.0,0.0,-6.686251567754283,-8.121839973249791
984,-1.8559706615251343,-1.1399380601542362,0.0,-2.356746710495301,-3.6891994198974203
985,-2.008104612063107,0.0,0.0,-1.7886169268094392,-0.5176713189515567
986,1.7497528399544535,2.510364477184339,-7.722046093910308,-4.536652037448562,-1.454098117636022
987,0.6430073178144085,1.1160362922546483,0.0,-3.8383023811561117,-0.16116511241045828
988,-0.28023440967353963,-0.7368654080364649,0.0,2.128401708726244,0.0
989,3.450748022458356,-1.053607649726473,7.722046093910308,0.55584399113026,-2.7277865048262697
990,-0.6464513880036975,0.5269425859914918,0.0,0.6210680013536347,2.1339641551873
991,0.0,0.0,0.0,0.5685111601293329,0.0
992,0.608114234642926,1.305620671075303,0.0,-1.9166853554638692,0.651270319347816
993,-0.4875577017028263,-1.6006743097514118,-7.722046093910308,-0.40269293095023784,-1.1943197789426563
994,0.5916122702028588,-1.159982835779374,0.0,1.2920473072183682,3.2729911983925604
995,1.3134421729937458,1.6868032759521157,-7.782140442054953,-0.4857118023978728,5.401199295348192
996,0.7927028025760592,-0.2739119916823256,0.0,-1.4696861845378208,-0.6987173829969038
997,0.09836065581657749,-0.8010962797980028,7.782140442054953,1.9842887376749445,1.555207803796577
998,4.508723853279662,2.7169065058697015,0.0,4.064155962105048,5.022827915363564
999,-6.54347948220493,-4.15205089976007,0.0,-4.757764454603489,-5.849225833391301
