,hospital-er-wait-minutes-piedmont_atlanta,hospital-er-wait-minutes-piedmont_henry,hospital-er-wait-minutes-piedmont_mountside_ellijay,hospital-er-wait-minutes-piedmont_athens,hospital-er-wait-minutes-piedmont_mountainside,hospital-er-wait-minutes-piedmont_fayette,hospital-er-wait-minutes-piedmont_walton,hospital-er-wait-minutes-piedmont_newnan,hospital-er-wait-minutes-piedmont_rockdale,hospital-er-wait-minutes-piedmont_newton
0,25.0,40.0,1.0,12.0,0.0,37.0,10.0,6.0,7.0,11.0
1,17.0,36.0,0.0,11.0,12.0,39.0,12.0,9.0,15.0,16.0
2,17.0,36.0,0.0,11.0,12.0,39.0,12.0,9.0,15.0,16.0
3,14.0,30.0,0.0,11.0,12.0,41.0,0.0,9.0,26.0,22.0
4,14.0,30.0,0.0,11.0,12.0,41.0,0.0,9.0,26.0,22.0
5,17.0,26.0,6.0,16.0,5.0,52.0,2.0,13.0,28.0,24.0
6,17.0,26.0,6.0,16.0,5.0,52.0,2.0,13.0,28.0,24.0
7,29.0,28.0,6.0,17.0,12.0,46.0,3.0,20.0,37.0,27.0
8,29.0,28.0,6.0,17.0,12.0,46.0,3.0,20.0,37.0,27.0
9,36.0,21.0,12.0,18.0,18.0,53.0,3.0,20.0,59.0,14.0
10,36.0,21.0,12.0,18.0,18.0,53.0,3.0,20.0,59.0,14.0
11,36.0,21.0,25.0,12.0,27.0,54.0,2.0,24.0,49.0,12.0
12,36.0,21.0,25.0,12.0,27.0,54.0,2.0,24.0,49.0,12.0
13,36.0,26.0,25.0,14.0,18.0,47.0,3.0,22.0,44.0,20.0
14,36.0,26.0,25.0,14.0,18.0,47.0,3.0,22.0,44.0,20.0
15,31.0,29.0,10.0,18.0,14.0,38.0,3.0,21.0,25.0,31.0
16,31.0,29.0,10.0,18.0,14.0,38.0,3.0,21.0,25.0,31.0
17,20.0,32.0,13.0,23.0,23.0,40.0,3.0,11.0,12.0,42.0
18,20.0,32.0,13.0,23.0,23.0,40.0,3.0,11.0,12.0,42.0
19,6.0,30.0,14.0,27.0,28.0,43.0,5.0,13.0,14.0,49.0
20,6.0,30.0,14.0,27.0,28.0,43.0,5.0,13.0,14.0,49.0
21,4.0,30.0,4.0,36.0,16.0,34.0,6.0,18.0,16.0,59.0
22,4.0,30.0,4.0,36.0,16.0,34.0,6.0,18.0,16.0,59.0
23,5.0,35.0,4.0,41.0,15.0,35.0,6.0,13.0,15.0,50.0
24,5.0,35.0,4.0,41.0,15.0,35.0,6.0,13.0,15.0,50.0
25,6.0,40.0,6.0,34.0,18.0,43.0,5.0,14.0,12.0,44.0
26,6.0,40.0,6.0,34.0,18.0,43.0,5.0,14.0,12.0,44.0
27,23.0,50.0,18.0,32.0,52.0,42.0,3.0,16.0,7.0,68.0
28,23.0,50.0,18.0,32.0,52.0,42.0,3.0,16.0,7.0,68.0
29,19.0,63.0,18.0,32.0,22.0,47.0,3.0,13.0,12.0,83.0
30,19.0,63.0,18.0,32.0,22.0,47.0,3.0,13.0,12.0,83.0
31,5.0,76.0,26.0,30.0,21.0,56.0,2.0,6.0,14.0,69.0
32,5.0,76.0,26.0,30.0,21.0,56.0,2.0,6.0,14.0,69.0
33,6.0,65.0,26.0,33.0,40.0,57.0,1.0,11.0,14.0,58.0
34,6.0,65.0,26.0,33.0,40.0,57.0,1.0,11.0,14.0,58.0
35,0.0,84.0,17.0,39.0,41.0,56.0,2.0,12.0,15.0,55.0
36,0.0,84.0,17.0,39.0,41.0,56.0,2.0,12.0,15.0,55.0
37,2.0,96.0,17.0,35.0,46.0,65.0,4.0,13.0,26.0,44.0
38,2.0,96.0,17.0,35.0,46.0,65.0,4.0,13.0,26.0,44.0
39,1.0,85.0,0.0,38.0,39.0,65.0,5.0,12.0,71.0,36.0
40,1.0,85.0,0.0,38.0,39.0,65.0,5.0,12.0,71.0,36.0
41,4.0,89.0,4.0,39.0,18.0,59.0,3.0,13.0,43.0,56.0
42,4.0,89.0,4.0,39.0,18.0,59.0,3.0,13.0,43.0,56.0
43,13.0,99.0,4.0,38.0,11.0,60.0,5.0,19.0,15.0,42.0
44,13.0,99.0,4.0,38.0,11.0,60.0,5.0,19.0,15.0,42.0
45,17.0,105.0,0.0,24.0,18.0,47.0,6.0,22.0,14.0,48.0
46,17.0,105.0,0.0,24.0,18.0,47.0,6.0,22.0,14.0,48.0
47,10.0,131.0,4.0,29.0,27.0,45.0,8.0,25.0,13.0,30.0
48,10.0,131.0,4.0,29.0,27.0,45.0,8.0,25.0,13.0,30.0
49,2.0,188.0,6.0,34.0,27.0,53.0,0.0,28.0,20.0,26.0
50,2.0,188.0,6.0,34.0,27.0,53.0,0.0,28.0,20.0,26.0
51,3.0,192.0,8.0,26.0,25.0,30.0,0.0,14.0,16.0,29.0
52,3.0,192.0,8.0,26.0,25.0,30.0,0.0,14.0,16.0,29.0
53,5.0,152.0,5.0,20.0,40.0,30.0,4.0,15.0,18.0,30.0
54,5.0,152.0,5.0,20.0,40.0,30.0,4.0,15.0,18.0,30.0
55,9.0,168.0,6.0,7.0,45.0,38.0,9.0,11.0,18.0,51.0
56,9.0,168.0,6.0,7.0,45.0,38.0,9.0,11.0,18.0,51.0
57,32.0,212.0,17.0,12.0,45.0,47.0,18.0,10.0,2.0,30.0
58,32.0,212.0,17.0,12.0,45.0,47.0,18.0,10.0,2.0,30.0
59,26.0,248.0,17.0,17.0,24.0,53.0,4.0,11.0,15.0,24.0
60,26.0,248.0,17.0,17.0,24.0,53.0,4.0,11.0,15.0,24.0
61,35.0,310.0,0.0,22.0,21.0,46.0,4.0,15.0,15.0,31.0
62,35.0,310.0,0.0,22.0,21.0,46.0,4.0,15.0,15.0,31.0
63,46.0,305.0,0.0,30.0,19.0,40.0,4.0,16.0,18.0,38.0
64,46.0,305.0,0.0,30.0,19.0,40.0,4.0,16.0,18.0,38.0
65,47.0,293.0,17.0,25.0,27.0,23.0,1.0,16.0,20.0,46.0
66,47.0,293.0,17.0,25.0,27.0,23.0,1.0,16.0,20.0,46.0
67,62.0,277.0,21.0,14.0,31.0,27.0,4.0,12.0,16.0,54.0
68,62.0,277.0,21.0,14.0,31.0,27.0,4.0,12.0,16.0,54.0
69,42.0,168.0,21.0,6.0,19.0,53.0,1.0,12.0,17.0,53.0
70,42.0,168.0,21.0,6.0,19.0,53.0,1.0,12.0,17.0,53.0
71,2.0,189.0,30.0,11.0,16.0,40.0,16.0,4.0,16.0,42.0
72,2.0,189.0,30.0,11.0,16.0,40.0,16.0,4.0,16.0,42.0
73,5.0,236.0,30.0,11.0,23.0,25.0,2.0,4.0,17.0,19.0
74,5.0,236.0,30.0,11.0,23.0,25.0,2.0,4.0,17.0,19.0
75,28.0,222.0,4.0,5.0,50.0,19.0,0.0,4.0,19.0,17.0
76,28.0,222.0,4.0,5.0,50.0,19.0,0.0,4.0,19.0,17.0
77,28.0,224.0,4.0,7.0,50.0,22.0,0.0,6.0,16.0,9.0
78,28.0,224.0,4.0,7.0,50.0,22.0,0.0,6.0,16.0,9.0
79,24.0,226.0,0.0,11.0,0.0,32.0,0.0,9.0,26.0,14.0
80,24.0,226.0,0.0,11.0,0.0,32.0,0.0,9.0,26.0,14.0
81,26.0,172.0,0.0,13.0,0.0,53.0,0.0,19.0,47.0,30.0
82,26.0,172.0,0.0,13.0,0.0,53.0,0.0,19.0,47.0,30.0
83,35.0,131.0,0.0,13.0,0.0,67.0,5.0,20.0,67.0,44.0
84,35.0,131.0,0.0,13.0,0.0,67.0,5.0,20.0,67.0,44.0
85,55.0,151.0,0.0,16.0,0.0,157.0,2.0,11.0,80.0,59.0
86,55.0,151.0,0.0,16.0,0.0,157.0,2.0,11.0,80.0,59.0
87,41.0,109.0,0.0,26.0,0.0,130.0,4.0,9.0,94.0,54.0
88,41.0,109.0,0.0,26.0,0.0,130.0,4.0,9.0,94.0,54.0
89,17.0,93.0,0.0,30.0,1.0,111.0,3.0,21.0,86.0,24.0
90,17.0,93.0,0.0,30.0,1.0,111.0,3.0,21.0,86.0,24.0
91,11.0,71.0,0.0,27.0,1.0,97.0,6.0,15.0,79.0,12.0
92,11.0,71.0,0.0,27.0,1.0,97.0,6.0,15.0,79.0,12.0
93,14.0,54.0,0.0,12.0,4.0,43.0,5.0,3.0,12.0,10.0
94,14.0,54.0,0.0,12.0,4.0,43.0,5.0,3.0,12.0,10.0
95,19.0,40.0,12.0,16.0,4.0,54.0,4.0,4.0,12.0,8.0
96,19.0,40.0,12.0,16.0,4.0,54.0,4.0,4.0,12.0,8.0
97,16.0,14.0,9.0,12.0,5.0,57.0,3.0,4.0,14.0,10.0
98,16.0,14.0,9.0,12.0,5.0,57.0,3.0,4.0,14.0,10.0
99,17.0,20.0,4.0,14.0,5.0,62.0,2.0,5.0,16.0,11.0
100,17.0,20.0,4.0,14.0,5.0,62.0,2.0,5.0,16.0,11.0
101,19.0,30.0,1.0,17.0,9.0,63.0,2.0,6.0,12.0,11.0
102,19.0,30.0,1.0,17.0,9.0,63.0,2.0,6.0,12.0,11.0
103,34.0,34.0,11.0,23.0,9.0,69.0,3.0,3.0,11.0,17.0
104,34.0,34.0,11.0,23.0,9.0,69.0,3.0,3.0,11.0,17.0
105,47.0,46.0,21.0,32.0,11.0,79.0,3.0,3.0,17.0,25.0
106,47.0,46.0,21.0,32.0,11.0,79.0,3.0,3.0,17.0,25.0
107,42.0,51.0,17.0,34.0,9.0,84.0,4.0,4.0,21.0,28.0
108,42.0,51.0,17.0,34.0,9.0,84.0,4.0,4.0,21.0,28.0
109,20.0,48.0,24.0,42.0,6.0,99.0,2.0,5.0,25.0,25.0
110,20.0,48.0,24.0,42.0,6.0,99.0,2.0,5.0,25.0,25.0
111,22.0,56.0,41.0,53.0,7.0,121.0,2.0,3.0,23.0,29.0
112,22.0,56.0,41.0,53.0,7.0,121.0,2.0,3.0,23.0,29.0
113,26.0,73.0,57.0,65.0,16.0,133.0,6.0,3.0,7.0,33.0
114,26.0,73.0,57.0,65.0,16.0,133.0,6.0,3.0,7.0,33.0
115,23.0,64.0,47.0,86.0,19.0,138.0,6.0,4.0,9.0,42.0
116,23.0,64.0,47.0,86.0,19.0,138.0,6.0,4.0,9.0,42.0
117,31.0,70.0,73.0,85.0,20.0,138.0,6.0,5.0,20.0,46.0
118,31.0,70.0,73.0,85.0,20.0,138.0,6.0,5.0,20.0,46.0
119,39.0,76.0,82.0,83.0,33.0,123.0,3.0,8.0,31.0,63.0
120,39.0,76.0,82.0,83.0,33.0,123.0,3.0,8.0,31.0,63.0
121,41.0,73.0,136.0,79.0,46.0,137.0,5.0,14.0,48.0,6.0
122,41.0,73.0,136.0,79.0,46.0,137.0,5.0,14.0,48.0,6.0
123,44.0,68.0,100.0,90.0,57.0,158.0,9.0,13.0,57.0,5.0
124,44.0,68.0,100.0,90.0,57.0,158.0,9.0,13.0,57.0,5.0
125,37.0,60.0,98.0,98.0,69.0,173.0,8.0,11.0,64.0,6.0
126,37.0,60.0,98.0,98.0,69.0,173.0,8.0,11.0,64.0,6.0
127,15.0,65.0,79.0,71.0,46.0,172.0,6.0,8.0,73.0,13.0
128,15.0,65.0,79.0,71.0,46.0,172.0,6.0,8.0,73.0,13.0
129,17.0,30.0,121.0,61.0,49.0,154.0,6.0,8.0,79.0,13.0
130,17.0,30.0,121.0,61.0,49.0,154.0,6.0,8.0,79.0,13.0
131,14.0,53.0,100.0,57.0,28.0,162.0,6.0,10.0,94.0,18.0
132,14.0,53.0,100.0,57.0,28.0,162.0,6.0,10.0,94.0,18.0
133,16.0,64.0,33.0,51.0,29.0,190.0,7.0,8.0,113.0,25.0
134,16.0,64.0,33.0,51.0,29.0,190.0,7.0,8.0,113.0,25.0
135,17.0,75.0,8.0,48.0,11.0,183.0,8.0,8.0,109.0,23.0
136,17.0,75.0,8.0,48.0,11.0,183.0,8.0,8.0,109.0,23.0
137,18.0,109.0,7.0,38.0,9.0,170.0,10.0,10.0,93.0,34.0
138,18.0,109.0,7.0,38.0,9.0,170.0,10.0,10.0,93.0,34.0
139,24.0,112.0,21.0,36.0,18.0,206.0,8.0,13.0,104.0,41.0
140,24.0,112.0,21.0,36.0,18.0,206.0,8.0,13.0,104.0,41.0
141,26.0,114.0,18.0,43.0,15.0,200.0,5.0,18.0,98.0,12.0
142,26.0,114.0,18.0,43.0,15.0,200.0,5.0,18.0,98.0,12.0
143,16.0,124.0,10.0,44.0,11.0,194.0,7.0,30.0,68.0,9.0
144,16.0,124.0,10.0,44.0,11.0,194.0,7.0,30.0,68.0,9.0
145,12.0,153.0,18.0,48.0,16.0,210.0,4.0,24.0,65.0,5.0
146,12.0,153.0,18.0,48.0,16.0,210.0,4.0,24.0,65.0,5.0
147,19.0,188.0,48.0,55.0,17.0,192.0,4.0,14.0,32.0,6.0
148,19.0,188.0,48.0,55.0,17.0,192.0,4.0,14.0,32.0,6.0
149,13.0,215.0,59.0,64.0,19.0,218.0,5.0,14.0,46.0,15.0
150,13.0,215.0,59.0,64.0,19.0,218.0,5.0,14.0,46.0,15.0
151,13.0,175.0,34.0,56.0,7.0,253.0,5.0,15.0,42.0,20.0
152,13.0,175.0,34.0,56.0,7.0,253.0,5.0,15.0,42.0,20.0
153,17.0,199.0,37.0,58.0,1.0,218.0,5.0,12.0,40.0,22.0
154,17.0,199.0,37.0,58.0,1.0,218.0,5.0,12.0,40.0,22.0
155,25.0,227.0,55.0,76.0,0.0,218.0,5.0,10.0,46.0,17.0
156,25.0,227.0,55.0,76.0,0.0,218.0,5.0,10.0,46.0,17.0
157,27.0,230.0,112.0,45.0,9.0,219.0,4.0,10.0,64.0,15.0
158,27.0,230.0,112.0,45.0,9.0,219.0,4.0,10.0,64.0,15.0
159,28.0,247.0,79.0,35.0,18.0,217.0,0.0,14.0,122.0,18.0
160,28.0,247.0,79.0,35.0,18.0,217.0,0.0,14.0,122.0,18.0
161,12.0,319.0,47.0,11.0,31.0,197.0,0.0,12.0,55.0,37.0
162,12.0,319.0,47.0,11.0,31.0,197.0,0.0,12.0,55.0,37.0
163,15.0,276.0,0.0,13.0,0.0,184.0,1.0,7.0,22.0,32.0
164,15.0,276.0,0.0,13.0,0.0,184.0,1.0,7.0,22.0,32.0
165,16.0,279.0,0.0,17.0,0.0,206.0,1.0,9.0,30.0,40.0
166,16.0,279.0,0.0,17.0,0.0,206.0,1.0,9.0,30.0,40.0
167,18.0,350.0,0.0,14.0,0.0,239.0,2.0,1.0,34.0,6.0
168,18.0,350.0,0.0,14.0,0.0,239.0,2.0,1.0,34.0,6.0
169,21.0,305.0,0.0,14.0,0.0,298.0,2.0,5.0,25.0,6.0
170,21.0,305.0,0.0,14.0,0.0,298.0,2.0,5.0,25.0,6.0
171,29.0,281.0,0.0,11.0,1.0,144.0,0.0,7.0,40.0,0.0
172,29.0,281.0,0.0,11.0,1.0,144.0,0.0,7.0,40.0,0.0
173,26.0,261.0,0.0,8.0,1.0,256.0,0.0,5.0,80.0,7.0
174,26.0,261.0,0.0,8.0,1.0,256.0,0.0,5.0,80.0,7.0
175,19.0,279.0,0.0,13.0,8.0,211.0,0.0,5.0,97.0,7.0
176,19.0,279.0,0.0,13.0,8.0,211.0,0.0,5.0,97.0,7.0
177,15.0,301.0,0.0,21.0,8.0,186.0,3.0,9.0,141.0,20.0
178,15.0,301.0,0.0,21.0,8.0,186.0,3.0,9.0,141.0,20.0
179,11.0,327.0,0.0,21.0,8.0,112.0,4.0,19.0,157.0,46.0
180,11.0,327.0,0.0,21.0,8.0,112.0,4.0,19.0,157.0,46.0
181,9.0,348.0,0.0,8.0,3.0,134.0,5.0,18.0,116.0,46.0
182,9.0,348.0,0.0,8.0,3.0,134.0,5.0,18.0,116.0,46.0
183,5.0,293.0,0.0,10.0,3.0,134.0,0.0,25.0,118.0,0.0
184,5.0,293.0,0.0,10.0,3.0,134.0,0.0,25.0,118.0,0.0
185,5.0,260.0,0.0,12.0,0.0,40.0,0.0,0.0,151.0,2.0
186,5.0,260.0,0.0,12.0,0.0,40.0,0.0,0.0,151.0,2.0
187,8.0,237.0,0.0,13.0,7.0,34.0,2.0,0.0,110.0,27.0
188,8.0,237.0,0.0,13.0,7.0,34.0,2.0,0.0,110.0,27.0
189,4.0,179.0,0.0,11.0,5.0,17.0,2.0,1.0,82.0,24.0
190,4.0,179.0,0.0,11.0,5.0,17.0,2.0,1.0,82.0,24.0
191,8.0,161.0,23.0,10.0,15.0,22.0,2.0,1.0,34.0,18.0
192,8.0,161.0,23.0,10.0,15.0,22.0,2.0,1.0,34.0,18.0
193,10.0,90.0,24.0,17.0,22.0,28.0,5.0,1.0,32.0,11.0
194,10.0,90.0,24.0,17.0,22.0,28.0,5.0,1.0,32.0,11.0
195,14.0,76.0,22.0,19.0,29.0,31.0,5.0,1.0,25.0,14.0
196,14.0,76.0,22.0,19.0,29.0,31.0,5.0,1.0,25.0,14.0
197,21.0,66.0,18.0,22.0,45.0,31.0,3.0,1.0,45.0,22.0
198,21.0,66.0,18.0,22.0,45.0,31.0,3.0,1.0,45.0,22.0
199,36.0,53.0,24.0,21.0,56.0,32.0,2.0,1.0,58.0,25.0
200,36.0,53.0,24.0,21.0,56.0,32.0,2.0,1.0,58.0,25.0
201,45.0,32.0,29.0,18.0,65.0,34.0,2.0,0.0,60.0,27.0
202,45.0,32.0,29.0,18.0,65.0,34.0,2.0,0.0,60.0,27.0
203,50.0,32.0,32.0,18.0,69.0,38.0,3.0,0.0,81.0,32.0
204,50.0,32.0,32.0,18.0,69.0,38.0,3.0,0.0,81.0,32.0
205,61.0,35.0,62.0,20.0,79.0,45.0,4.0,1.0,85.0,47.0
206,61.0,35.0,62.0,20.0,79.0,45.0,4.0,1.0,85.0,47.0
207,86.0,46.0,51.0,24.0,76.0,62.0,6.0,1.0,84.0,59.0
208,86.0,46.0,51.0,24.0,76.0,62.0,6.0,1.0,84.0,59.0
209,70.0,64.0,46.0,29.0,54.0,78.0,9.0,2.0,88.0,55.0
210,70.0,64.0,46.0,29.0,54.0,78.0,9.0,2.0,88.0,55.0
211,57.0,76.0,46.0,39.0,57.0,83.0,9.0,2.0,53.0,51.0
212,57.0,76.0,46.0,39.0,57.0,83.0,9.0,2.0,53.0,51.0
213,25.0,103.0,82.0,52.0,81.0,83.0,7.0,2.0,27.0,60.0
214,25.0,103.0,82.0,52.0,81.0,83.0,7.0,2.0,27.0,60.0
215,19.0,116.0,88.0,56.0,92.0,108.0,4.0,2.0,32.0,49.0
216,19.0,116.0,88.0,56.0,92.0,108.0,4.0,2.0,32.0,49.0
217,42.0,133.0,111.0,66.0,99.0,117.0,6.0,3.0,43.0,41.0
218,42.0,133.0,111.0,66.0,99.0,117.0,6.0,3.0,43.0,41.0
219,195.0,138.0,174.0,68.0,120.0,119.0,8.0,5.0,57.0,31.0
220,195.0,138.0,174.0,68.0,120.0,119.0,8.0,5.0,57.0,31.0
221,44.0,107.0,167.0,53.0,93.0,116.0,7.0,7.0,84.0,23.0
222,44.0,107.0,167.0,53.0,93.0,116.0,7.0,7.0,84.0,23.0
223,6.0,117.0,138.0,53.0,66.0,124.0,4.0,11.0,88.0,18.0
224,6.0,117.0,138.0,53.0,66.0,124.0,4.0,11.0,88.0,18.0
225,5.0,155.0,88.0,42.0,55.0,122.0,4.0,13.0,97.0,19.0
226,5.0,155.0,88.0,42.0,55.0,122.0,4.0,13.0,97.0,19.0
227,7.0,177.0,52.0,32.0,38.0,129.0,4.0,17.0,121.0,29.0
228,7.0,177.0,52.0,32.0,38.0,129.0,4.0,17.0,121.0,29.0
229,8.0,183.0,36.0,22.0,47.0,154.0,5.0,21.0,122.0,21.0
230,8.0,183.0,36.0,22.0,47.0,154.0,5.0,21.0,122.0,21.0
231,8.0,144.0,71.0,22.0,50.0,166.0,10.0,29.0,32.0,13.0
232,8.0,144.0,71.0,22.0,50.0,166.0,10.0,29.0,32.0,13.0
233,5.0,147.0,50.0,25.0,0.0,113.0,11.0,39.0,33.0,13.0
234,5.0,147.0,50.0,25.0,0.0,113.0,11.0,39.0,33.0,13.0
235,5.0,158.0,101.0,32.0,10.0,136.0,6.0,41.0,25.0,5.0
236,5.0,158.0,101.0,32.0,10.0,136.0,6.0,41.0,25.0,5.0
237,7.0,191.0,85.0,36.0,11.0,181.0,9.0,49.0,10.0,5.0
238,7.0,191.0,85.0,36.0,11.0,181.0,9.0,49.0,10.0,5.0
239,8.0,186.0,75.0,45.0,12.0,171.0,9.0,46.0,12.0,4.0
240,8.0,186.0,75.0,45.0,12.0,171.0,9.0,46.0,12.0,4.0
241,7.0,210.0,84.0,47.0,14.0,129.0,3.0,37.0,15.0,15.0
242,7.0,210.0,84.0,47.0,14.0,129.0,3.0,37.0,15.0,15.0
243,8.0,286.0,52.0,43.0,17.0,125.0,3.0,36.0,15.0,30.0
244,8.0,286.0,52.0,43.0,17.0,125.0,3.0,36.0,15.0,30.0
245,7.0,272.0,20.0,41.0,30.0,131.0,2.0,42.0,16.0,39.0
246,7.0,272.0,20.0,41.0,30.0,131.0,2.0,42.0,16.0,39.0
247,7.0,231.0,0.0,53.0,0.0,142.0,2.0,47.0,17.0,39.0
248,7.0,231.0,0.0,53.0,0.0,142.0,2.0,47.0,17.0,39.0
249,18.0,242.0,0.0,56.0,0.0,168.0,0.0,43.0,20.0,29.0
250,18.0,242.0,0.0,56.0,0.0,168.0,0.0,43.0,20.0,29.0
251,56.0,256.0,2.0,44.0,0.0,131.0,0.0,37.0,21.0,28.0
252,56.0,256.0,2.0,44.0,0.0,131.0,0.0,37.0,21.0,28.0
253,51.0,285.0,13.0,46.0,0.0,114.0,0.0,35.0,9.0,38.0
254,51.0,285.0,13.0,46.0,0.0,114.0,0.0,35.0,9.0,38.0
255,63.0,465.0,13.0,47.0,0.0,110.0,0.0,36.0,10.0,28.0
256,63.0,465.0,13.0,47.0,0.0,110.0,0.0,36.0,10.0,28.0
257,100.0,529.0,0.0,56.0,0.0,92.0,1.0,45.0,24.0,33.0
258,100.0,529.0,0.0,56.0,0.0,92.0,1.0,45.0,24.0,33.0
259,108.0,524.0,0.0,64.0,0.0,41.0,1.0,69.0,27.0,43.0
260,108.0,524.0,0.0,64.0,0.0,41.0,1.0,69.0,27.0,43.0
261,84.0,417.0,15.0,52.0,0.0,46.0,2.0,79.0,25.0,51.0
262,84.0,417.0,15.0,52.0,0.0,46.0,2.0,79.0,25.0,51.0
263,56.0,358.0,15.0,48.0,0.0,57.0,2.0,75.0,25.0,34.0
264,56.0,358.0,15.0,48.0,0.0,57.0,2.0,75.0,25.0,34.0
265,32.0,296.0,0.0,46.0,0.0,63.0,2.0,40.0,34.0,34.0
266,32.0,296.0,0.0,46.0,0.0,63.0,2.0,40.0,34.0,34.0
267,38.0,177.0,0.0,31.0,0.0,48.0,3.0,17.0,34.0,30.0
268,38.0,177.0,0.0,31.0,0.0,48.0,3.0,17.0,34.0,30.0
269,41.0,172.0,0.0,42.0,0.0,43.0,4.0,24.0,15.0,30.0
270,41.0,172.0,0.0,42.0,0.0,43.0,4.0,24.0,15.0,30.0
271,60.0,666.0,11.0,51.0,0.0,43.0,1.0,29.0,13.0,41.0
272,60.0,666.0,11.0,51.0,0.0,43.0,1.0,29.0,13.0,41.0
273,0.0,331.0,11.0,39.0,0.0,83.0,1.0,57.0,16.0,51.0
274,0.0,331.0,11.0,39.0,0.0,83.0,1.0,57.0,16.0,51.0
275,6.0,277.0,11.0,33.0,0.0,83.0,0.0,70.0,16.0,57.0
276,6.0,277.0,11.0,33.0,0.0,83.0,0.0,70.0,16.0,57.0
277,7.0,263.0,0.0,19.0,14.0,40.0,4.0,22.0,10.0,74.0
278,7.0,263.0,0.0,19.0,14.0,40.0,4.0,22.0,10.0,74.0
279,9.0,214.0,0.0,14.0,14.0,45.0,4.0,6.0,0.0,83.0
280,9.0,214.0,0.0,14.0,14.0,45.0,4.0,6.0,0.0,83.0
281,8.0,216.0,0.0,19.0,12.0,36.0,4.0,5.0,5.0,83.0
282,8.0,216.0,0.0,19.0,12.0,36.0,4.0,5.0,5.0,83.0
283,11.0,185.0,0.0,23.0,12.0,29.0,4.0,4.0,6.0,39.0
284,11.0,185.0,0.0,23.0,12.0,29.0,4.0,4.0,6.0,39.0
285,12.0,82.0,19.0,20.0,5.0,29.0,0.0,1.0,7.0,35.0
286,12.0,82.0,19.0,20.0,5.0,29.0,0.0,1.0,7.0,35.0
287,8.0,124.0,22.0,14.0,23.0,33.0,2.0,11.0,11.0,34.0
288,8.0,124.0,22.0,14.0,23.0,33.0,2.0,11.0,11.0,34.0
289,9.0,97.0,37.0,17.0,14.0,41.0,5.0,9.0,16.0,46.0
290,9.0,97.0,37.0,17.0,14.0,41.0,5.0,9.0,16.0,46.0
291,12.0,69.0,27.0,19.0,14.0,48.0,5.0,3.0,27.0,58.0
292,12.0,69.0,27.0,19.0,14.0,48.0,5.0,3.0,27.0,58.0
293,18.0,54.0,17.0,24.0,23.0,59.0,4.0,1.0,20.0,83.0
294,18.0,54.0,17.0,24.0,23.0,59.0,4.0,1.0,20.0,83.0
295,27.0,59.0,12.0,34.0,30.0,54.0,4.0,3.0,16.0,88.0
296,27.0,59.0,12.0,34.0,30.0,54.0,4.0,3.0,16.0,88.0
297,47.0,51.0,13.0,44.0,42.0,46.0,5.0,8.0,14.0,91.0
298,47.0,51.0,13.0,44.0,42.0,46.0,5.0,8.0,14.0,91.0
299,42.0,51.0,23.0,49.0,59.0,46.0,5.0,13.0,6.0,82.0
300,42.0,51.0,23.0,49.0,59.0,46.0,5.0,13.0,6.0,82.0
301,36.0,49.0,60.0,58.0,90.0,49.0,6.0,11.0,5.0,87.0
302,36.0,49.0,60.0,58.0,90.0,49.0,6.0,11.0,5.0,87.0
303,30.0,46.0,60.0,70.0,104.0,52.0,10.0,8.0,7.0,76.0
304,30.0,46.0,60.0,70.0,104.0,52.0,10.0,8.0,7.0,76.0
305,18.0,38.0,28.0,91.0,89.0,48.0,10.0,13.0,11.0,79.0
306,18.0,38.0,28.0,91.0,89.0,48.0,10.0,13.0,11.0,79.0
307,15.0,43.0,30.0,123.0,91.0,55.0,5.0,29.0,13.0,98.0
308,15.0,43.0,30.0,123.0,91.0,55.0,5.0,29.0,13.0,98.0
309,8.0,44.0,33.0,96.0,81.0,58.0,5.0,30.0,9.0,100.0
310,8.0,44.0,33.0,96.0,81.0,58.0,5.0,30.0,9.0,100.0
311,10.0,46.0,48.0,95.0,75.0,76.0,19.0,33.0,13.0,102.0
312,10.0,46.0,48.0,95.0,75.0,76.0,19.0,33.0,13.0,102.0
313,10.0,36.0,48.0,69.0,60.0,78.0,17.0,22.0,15.0,106.0
314,10.0,36.0,48.0,69.0,60.0,78.0,17.0,22.0,15.0,106.0
315,10.0,31.0,34.0,48.0,56.0,75.0,14.0,17.0,16.0,103.0
316,10.0,31.0,34.0,48.0,56.0,75.0,14.0,17.0,16.0,103.0
317,7.0,33.0,34.0,27.0,69.0,64.0,5.0,26.0,18.0,129.0
318,7.0,33.0,34.0,27.0,69.0,64.0,5.0,26.0,18.0,129.0
319,14.0,36.0,17.0,32.0,35.0,66.0,6.0,27.0,15.0,201.0
320,14.0,36.0,17.0,32.0,35.0,66.0,6.0,27.0,15.0,201.0
321,19.0,48.0,21.0,31.0,28.0,51.0,7.0,35.0,13.0,174.0
322,19.0,48.0,21.0,31.0,28.0,51.0,7.0,35.0,13.0,174.0
323,14.0,73.0,23.0,28.0,27.0,45.0,5.0,49.0,28.0,132.0
324,14.0,73.0,23.0,28.0,27.0,45.0,5.0,49.0,28.0,132.0
325,3.0,68.0,33.0,26.0,40.0,50.0,4.0,55.0,21.0,133.0
326,3.0,68.0,33.0,26.0,40.0,50.0,4.0,55.0,21.0,133.0
327,3.0,72.0,79.0,25.0,67.0,45.0,6.0,64.0,3.0,143.0
328,3.0,72.0,79.0,25.0,67.0,45.0,6.0,64.0,3.0,143.0
329,4.0,75.0,79.0,25.0,67.0,47.0,6.0,75.0,5.0,134.0
330,4.0,75.0,79.0,25.0,67.0,47.0,6.0,75.0,5.0,134.0
331,8.0,92.0,0.0,27.0,40.0,62.0,3.0,92.0,11.0,146.0
332,8.0,92.0,0.0,27.0,40.0,62.0,3.0,92.0,11.0,146.0
333,10.0,127.0,23.0,30.0,28.0,60.0,2.0,81.0,12.0,143.0
334,10.0,127.0,23.0,30.0,28.0,60.0,2.0,81.0,12.0,143.0
335,10.0,131.0,23.0,33.0,22.0,64.0,3.0,80.0,16.0,148.0
336,10.0,131.0,23.0,33.0,22.0,64.0,3.0,80.0,16.0,148.0
337,11.0,139.0,9.0,25.0,23.0,74.0,1.0,95.0,14.0,154.0
338,11.0,139.0,9.0,25.0,23.0,74.0,1.0,95.0,14.0,154.0
339,9.0,161.0,13.0,19.0,28.0,75.0,1.0,104.0,7.0,142.0
340,9.0,161.0,13.0,19.0,28.0,75.0,1.0,104.0,7.0,142.0
341,11.0,193.0,17.0,10.0,29.0,65.0,1.0,115.0,8.0,94.0
342,11.0,193.0,17.0,10.0,29.0,65.0,1.0,115.0,8.0,94.0
343,17.0,171.0,27.0,4.0,30.0,65.0,4.0,98.0,26.0,54.0
344,17.0,171.0,27.0,4.0,30.0,65.0,4.0,98.0,26.0,54.0
345,28.0,182.0,43.0,4.0,49.0,73.0,5.0,77.0,28.0,62.0
346,28.0,182.0,43.0,4.0,49.0,73.0,5.0,77.0,28.0,62.0
347,35.0,250.0,31.0,4.0,69.0,69.0,1.0,91.0,24.0,72.0
348,35.0,250.0,31.0,4.0,69.0,69.0,1.0,91.0,24.0,72.0
349,38.0,195.0,46.0,17.0,18.0,56.0,0.0,102.0,28.0,102.0
350,38.0,195.0,46.0,17.0,18.0,56.0,0.0,102.0,28.0,102.0
351,35.0,168.0,46.0,21.0,20.0,53.0,1.0,97.0,9.0,135.0
352,35.0,168.0,46.0,21.0,20.0,53.0,1.0,97.0,9.0,135.0
353,12.0,174.0,4.0,19.0,24.0,40.0,1.0,67.0,18.0,104.0
354,12.0,174.0,4.0,19.0,24.0,40.0,1.0,67.0,18.0,104.0
355,8.0,167.0,10.0,18.0,0.0,35.0,2.0,40.0,23.0,81.0
356,8.0,167.0,10.0,18.0,0.0,35.0,2.0,40.0,23.0,81.0
357,8.0,156.0,10.0,25.0,0.0,45.0,8.0,34.0,14.0,37.0
358,8.0,156.0,10.0,25.0,0.0,45.0,8.0,34.0,14.0,37.0
359,13.0,156.0,0.0,18.0,7.0,50.0,8.0,50.0,20.0,37.0
360,13.0,156.0,0.0,18.0,7.0,50.0,8.0,50.0,20.0,37.0
361,0.0,129.0,0.0,13.0,19.0,50.0,0.0,45.0,32.0,21.0
362,0.0,129.0,0.0,13.0,19.0,50.0,0.0,45.0,32.0,21.0
363,2.0,66.0,0.0,14.0,19.0,69.0,0.0,13.0,40.0,41.0
364,2.0,66.0,0.0,14.0,19.0,69.0,0.0,13.0,40.0,41.0
365,4.0,33.0,0.0,25.0,22.0,22.0,3.0,16.0,50.0,62.0
366,4.0,33.0,0.0,25.0,22.0,22.0,3.0,16.0,50.0,62.0
367,5.0,46.0,0.0,32.0,22.0,33.0,2.0,15.0,72.0,77.0
368,5.0,46.0,0.0,32.0,22.0,33.0,2.0,15.0,72.0,77.0
369,12.0,67.0,0.0,35.0,0.0,55.0,0.0,10.0,89.0,145.0
370,12.0,67.0,0.0,35.0,0.0,55.0,0.0,10.0,89.0,145.0
371,16.0,66.0,7.0,2.0,0.0,64.0,2.0,12.0,86.0,82.0
372,16.0,66.0,7.0,2.0,0.0,64.0,2.0,12.0,86.0,82.0
373,12.0,70.0,37.0,8.0,24.0,77.0,2.0,16.0,47.0,93.0
374,12.0,70.0,37.0,8.0,24.0,77.0,2.0,16.0,47.0,93.0
375,22.0,73.0,67.0,10.0,36.0,62.0,17.0,12.0,57.0,93.0
376,22.0,73.0,67.0,10.0,36.0,62.0,17.0,12.0,57.0,93.0
377,19.0,39.0,98.0,12.0,36.0,43.0,14.0,9.0,57.0,0.0
378,19.0,39.0,98.0,12.0,36.0,43.0,14.0,9.0,57.0,0.0
379,17.0,32.0,56.0,12.0,14.0,37.0,11.0,7.0,8.0,12.0
380,17.0,32.0,56.0,12.0,14.0,37.0,11.0,7.0,8.0,12.0
381,34.0,42.0,38.0,17.0,20.0,28.0,8.0,7.0,12.0,17.0
382,34.0,42.0,38.0,17.0,20.0,28.0,8.0,7.0,12.0,17.0
383,19.0,43.0,19.0,25.0,23.0,25.0,10.0,9.0,17.0,22.0
384,19.0,43.0,19.0,25.0,23.0,25.0,10.0,9.0,17.0,22.0
385,11.0,43.0,23.0,28.0,27.0,36.0,3.0,5.0,16.0,17.0
386,11.0,43.0,23.0,28.0,27.0,36.0,3.0,5.0,16.0,17.0
387,10.0,46.0,17.0,30.0,34.0,40.0,7.0,4.0,20.0,9.0
388,10.0,46.0,17.0,30.0,34.0,40.0,7.0,4.0,20.0,9.0
389,8.0,32.0,18.0,31.0,36.0,36.0,9.0,5.0,18.0,16.0
390,8.0,32.0,18.0,31.0,36.0,36.0,9.0,5.0,18.0,16.0
391,11.0,42.0,17.0,42.0,37.0,35.0,2.0,9.0,16.0,16.0
392,11.0,42.0,17.0,42.0,37.0,35.0,2.0,9.0,16.0,16.0
393,12.0,42.0,35.0,50.0,51.0,47.0,2.0,10.0,26.0,19.0
394,12.0,42.0,35.0,50.0,51.0,47.0,2.0,10.0,26.0,19.0
395,12.0,49.0,83.0,65.0,49.0,45.0,1.0,13.0,15.0,21.0
396,12.0,49.0,83.0,65.0,49.0,45.0,1.0,13.0,15.0,21.0
397,19.0,54.0,80.0,75.0,40.0,49.0,0.0,17.0,8.0,22.0
398,19.0,54.0,80.0,75.0,40.0,49.0,0.0,17.0,8.0,22.0
399,20.0,48.0,76.0,74.0,38.0,58.0,2.0,19.0,13.0,14.0
400,20.0,48.0,76.0,74.0,38.0,58.0,2.0,19.0,13.0,14.0
401,17.0,50.0,4.0,106.0,61.0,63.0,2.0,23.0,19.0,20.0
402,17.0,50.0,4.0,106.0,61.0,63.0,2.0,23.0,19.0,20.0
403,14.0,49.0,4.0,116.0,83.0,71.0,2.0,21.0,22.0,49.0
404,14.0,49.0,4.0,116.0,83.0,71.0,2.0,21.0,22.0,49.0
405,10.0,57.0,8.0,122.0,69.0,91.0,4.0,19.0,27.0,53.0
406,10.0,57.0,8.0,122.0,69.0,91.0,4.0,19.0,27.0,53.0
407,11.0,66.0,11.0,126.0,57.0,128.0,5.0,24.0,32.0,50.0
408,11.0,66.0,11.0,126.0,57.0,128.0,5.0,24.0,32.0,50.0
409,17.0,78.0,15.0,125.0,58.0,117.0,5.0,31.0,23.0,52.0
410,17.0,78.0,15.0,125.0,58.0,117.0,5.0,31.0,23.0,52.0
411,18.0,69.0,22.0,141.0,62.0,123.0,3.0,32.0,31.0,72.0
412,18.0,69.0,22.0,141.0,62.0,123.0,3.0,32.0,31.0,72.0
413,11.0,75.0,18.0,153.0,67.0,115.0,2.0,33.0,44.0,83.0
414,11.0,75.0,18.0,153.0,67.0,115.0,2.0,33.0,44.0,83.0
415,14.0,91.0,27.0,150.0,56.0,98.0,2.0,27.0,43.0,91.0
416,14.0,91.0,27.0,150.0,56.0,98.0,2.0,27.0,43.0,91.0
417,15.0,99.0,32.0,135.0,51.0,94.0,3.0,20.0,37.0,121.0
418,15.0,99.0,32.0,135.0,51.0,94.0,3.0,20.0,37.0,121.0
419,10.0,135.0,32.0,118.0,38.0,109.0,3.0,19.0,39.0,117.0
420,10.0,135.0,32.0,118.0,38.0,109.0,3.0,19.0,39.0,117.0
421,9.0,120.0,53.0,116.0,47.0,149.0,3.0,24.0,40.0,108.0
422,9.0,120.0,53.0,116.0,47.0,149.0,3.0,24.0,40.0,108.0
423,11.0,143.0,45.0,103.0,54.0,117.0,3.0,31.0,39.0,103.0
424,11.0,143.0,45.0,103.0,54.0,117.0,3.0,31.0,39.0,103.0
425,8.0,117.0,20.0,75.0,52.0,72.0,6.0,36.0,36.0,93.0
426,8.0,117.0,20.0,75.0,52.0,72.0,6.0,36.0,36.0,93.0
427,6.0,88.0,3.0,74.0,60.0,89.0,12.0,43.0,33.0,101.0
428,6.0,88.0,3.0,74.0,60.0,89.0,12.0,43.0,33.0,101.0
429,9.0,110.0,0.0,76.0,25.0,97.0,3.0,51.0,36.0,95.0
430,9.0,110.0,0.0,76.0,25.0,97.0,3.0,51.0,36.0,95.0
431,19.0,157.0,8.0,75.0,20.0,97.0,3.0,62.0,41.0,94.0
432,19.0,157.0,8.0,75.0,20.0,97.0,3.0,62.0,41.0,94.0
433,15.0,114.0,10.0,89.0,20.0,105.0,3.0,57.0,44.0,78.0
434,15.0,114.0,10.0,89.0,20.0,105.0,3.0,57.0,44.0,78.0
435,8.0,146.0,15.0,115.0,14.0,115.0,3.0,47.0,51.0,97.0
436,8.0,146.0,15.0,115.0,14.0,115.0,3.0,47.0,51.0,97.0
437,11.0,271.0,30.0,111.0,14.0,141.0,5.0,23.0,70.0,83.0
438,11.0,271.0,30.0,111.0,14.0,141.0,5.0,23.0,70.0,83.0
439,12.0,122.0,21.0,93.0,0.0,92.0,6.0,30.0,116.0,67.0
440,12.0,122.0,21.0,93.0,0.0,92.0,6.0,30.0,116.0,67.0
441,15.0,116.0,13.0,119.0,25.0,67.0,6.0,40.0,16.0,34.0
442,15.0,116.0,13.0,119.0,25.0,67.0,6.0,40.0,16.0,34.0
443,25.0,113.0,6.0,124.0,20.0,72.0,4.0,19.0,18.0,36.0
444,25.0,113.0,6.0,124.0,20.0,72.0,4.0,19.0,18.0,36.0
445,39.0,135.0,6.0,116.0,16.0,55.0,0.0,5.0,20.0,49.0
446,39.0,135.0,6.0,116.0,16.0,55.0,0.0,5.0,20.0,49.0
447,38.0,184.0,0.0,147.0,0.0,46.0,8.0,8.0,0.0,33.0
448,38.0,184.0,0.0,147.0,0.0,46.0,8.0,8.0,0.0,33.0
449,12.0,178.0,0.0,168.0,7.0,38.0,8.0,9.0,0.0,24.0
450,12.0,178.0,0.0,168.0,7.0,38.0,8.0,9.0,0.0,24.0
451,4.0,182.0,0.0,149.0,11.0,53.0,0.0,6.0,8.0,13.0
452,4.0,182.0,0.0,149.0,11.0,53.0,0.0,6.0,8.0,13.0
453,3.0,223.0,0.0,152.0,21.0,64.0,0.0,5.0,13.0,14.0
454,3.0,223.0,0.0,152.0,21.0,64.0,0.0,5.0,13.0,14.0
455,9.0,273.0,0.0,347.0,0.0,70.0,0.0,6.0,15.0,15.0
456,9.0,273.0,0.0,347.0,0.0,70.0,0.0,6.0,15.0,15.0
457,9.0,156.0,0.0,535.0,3.0,62.0,0.0,8.0,13.0,29.0
458,9.0,156.0,0.0,535.0,3.0,62.0,0.0,8.0,13.0,29.0
459,10.0,110.0,0.0,196.0,27.0,72.0,0.0,5.0,14.0,33.0
460,10.0,110.0,0.0,196.0,27.0,72.0,0.0,5.0,14.0,33.0
461,7.0,125.0,0.0,245.0,27.0,60.0,0.0,4.0,20.0,22.0
462,7.0,125.0,0.0,245.0,27.0,60.0,0.0,4.0,20.0,22.0
463,10.0,129.0,0.0,409.0,0.0,54.0,1.0,15.0,18.0,10.0
464,10.0,129.0,0.0,409.0,0.0,54.0,1.0,15.0,18.0,10.0
465,11.0,134.0,0.0,602.0,0.0,107.0,1.0,17.0,29.0,0.0
466,11.0,134.0,0.0,602.0,0.0,107.0,1.0,17.0,29.0,0.0
467,17.0,116.0,13.0,415.0,0.0,81.0,0.0,19.0,54.0,0.0
468,17.0,116.0,13.0,415.0,0.0,81.0,0.0,19.0,54.0,0.0
469,27.0,122.0,42.0,256.0,16.0,85.0,1.0,15.0,70.0,0.0
470,27.0,122.0,42.0,256.0,16.0,85.0,1.0,15.0,70.0,0.0
471,34.0,45.0,60.0,195.0,22.0,121.0,5.0,13.0,38.0,0.0
472,34.0,45.0,60.0,195.0,22.0,121.0,5.0,13.0,38.0,0.0
473,28.0,52.0,60.0,282.0,17.0,71.0,9.0,6.0,16.0,12.0
474,28.0,52.0,60.0,282.0,17.0,71.0,9.0,6.0,16.0,12.0
475,27.0,70.0,0.0,169.0,16.0,72.0,10.0,2.0,25.0,9.0
476,27.0,70.0,0.0,169.0,16.0,72.0,10.0,2.0,25.0,9.0
477,15.0,54.0,0.0,177.0,0.0,83.0,4.0,2.0,9.0,7.0
478,15.0,54.0,0.0,177.0,0.0,83.0,4.0,2.0,9.0,7.0
479,15.0,42.0,0.0,239.0,16.0,82.0,4.0,3.0,8.0,16.0
480,15.0,42.0,0.0,239.0,16.0,82.0,4.0,3.0,8.0,16.0
481,12.0,35.0,0.0,166.0,10.0,116.0,0.0,4.0,11.0,16.0
482,12.0,35.0,0.0,166.0,10.0,116.0,0.0,4.0,11.0,16.0
483,12.0,36.0,10.0,144.0,8.0,111.0,0.0,4.0,9.0,14.0
484,12.0,36.0,10.0,144.0,8.0,111.0,0.0,4.0,9.0,14.0
485,15.0,31.0,10.0,131.0,14.0,86.0,2.0,6.0,10.0,13.0
486,15.0,31.0,10.0,131.0,14.0,86.0,2.0,6.0,10.0,13.0
487,23.0,32.0,0.0,158.0,24.0,77.0,2.0,9.0,18.0,15.0
488,23.0,32.0,0.0,158.0,24.0,77.0,2.0,9.0,18.0,15.0
489,25.0,36.0,6.0,151.0,23.0,73.0,1.0,9.0,23.0,10.0
490,25.0,36.0,6.0,151.0,23.0,73.0,1.0,9.0,23.0,10.0
491,20.0,38.0,14.0,133.0,20.0,84.0,2.0,11.0,27.0,13.0
492,20.0,38.0,14.0,133.0,20.0,84.0,2.0,11.0,27.0,13.0
493,18.0,43.0,12.0,134.0,20.0,100.0,3.0,12.0,25.0,11.0
494,18.0,43.0,12.0,134.0,20.0,100.0,3.0,12.0,25.0,11.0
495,23.0,55.0,19.0,134.0,22.0,120.0,3.0,14.0,21.0,14.0
496,23.0,55.0,19.0,134.0,22.0,120.0,3.0,14.0,21.0,14.0
497,21.0,42.0,34.0,132.0,25.0,159.0,3.0,16.0,19.0,21.0
498,21.0,42.0,34.0,132.0,25.0,159.0,3.0,16.0,19.0,21.0
499,18.0,50.0,34.0,139.0,37.0,161.0,4.0,17.0,14.0,25.0
500,18.0,50.0,34.0,139.0,37.0,161.0,4.0,17.0,14.0,25.0
501,12.0,66.0,12.0,141.0,55.0,176.0,4.0,15.0,15.0,30.0
502,12.0,66.0,12.0,141.0,55.0,176.0,4.0,15.0,15.0,30.0
503,14.0,83.0,20.0,150.0,51.0,169.0,3.0,13.0,27.0,32.0
504,14.0,83.0,20.0,150.0,51.0,169.0,3.0,13.0,27.0,32.0
505,18.0,91.0,39.0,133.0,54.0,164.0,3.0,12.0,30.0,21.0
506,18.0,91.0,39.0,133.0,54.0,164.0,3.0,12.0,30.0,21.0
507,23.0,96.0,32.0,126.0,84.0,164.0,2.0,14.0,26.0,30.0
508,23.0,96.0,32.0,126.0,84.0,164.0,2.0,14.0,26.0,30.0
509,25.0,126.0,32.0,175.0,28.0,200.0,1.0,11.0,34.0,8.0
510,25.0,126.0,32.0,175.0,28.0,200.0,1.0,11.0,34.0,8.0
511,25.0,120.0,22.0,186.0,14.0,188.0,1.0,10.0,33.0,11.0
512,25.0,120.0,22.0,186.0,14.0,188.0,1.0,10.0,33.0,11.0
513,20.0,123.0,19.0,152.0,21.0,156.0,2.0,11.0,22.0,19.0
514,20.0,123.0,19.0,152.0,21.0,156.0,2.0,11.0,22.0,19.0
515,19.0,146.0,21.0,154.0,21.0,168.0,2.0,10.0,30.0,21.0
516,19.0,146.0,21.0,154.0,21.0,168.0,2.0,10.0,30.0,21.0
517,11.0,174.0,11.0,183.0,6.0,179.0,5.0,14.0,37.0,18.0
518,11.0,174.0,11.0,183.0,6.0,179.0,5.0,14.0,37.0,18.0
519,9.0,187.0,7.0,179.0,30.0,174.0,6.0,21.0,33.0,11.0
520,9.0,187.0,7.0,179.0,30.0,174.0,6.0,21.0,33.0,11.0
521,11.0,200.0,0.0,168.0,23.0,177.0,6.0,23.0,39.0,14.0
522,11.0,200.0,0.0,168.0,23.0,177.0,6.0,23.0,39.0,14.0
523,12.0,210.0,0.0,44.0,16.0,208.0,4.0,20.0,65.0,13.0
524,12.0,210.0,0.0,44.0,16.0,208.0,4.0,20.0,65.0,13.0
525,11.0,210.0,0.0,42.0,20.0,189.0,3.0,27.0,78.0,13.0
526,11.0,210.0,0.0,42.0,20.0,189.0,3.0,27.0,78.0,13.0
527,11.0,305.0,0.0,45.0,20.0,189.0,2.0,29.0,99.0,14.0
528,11.0,305.0,0.0,45.0,20.0,189.0,2.0,29.0,99.0,14.0
529,9.0,297.0,0.0,63.0,15.0,171.0,4.0,24.0,127.0,7.0
530,9.0,297.0,0.0,63.0,15.0,171.0,4.0,24.0,127.0,7.0
531,4.0,265.0,0.0,54.0,15.0,148.0,3.0,16.0,138.0,8.0
532,4.0,265.0,0.0,54.0,15.0,148.0,3.0,16.0,138.0,8.0
533,3.0,264.0,12.0,38.0,6.0,168.0,1.0,6.0,134.0,11.0
534,3.0,264.0,12.0,38.0,6.0,168.0,1.0,6.0,134.0,11.0
535,9.0,305.0,9.0,29.0,6.0,147.0,1.0,8.0,125.0,11.0
536,9.0,305.0,9.0,29.0,6.0,147.0,1.0,8.0,125.0,11.0
537,11.0,334.0,6.0,20.0,9.0,100.0,1.0,9.0,196.0,11.0
538,11.0,334.0,6.0,20.0,9.0,100.0,1.0,9.0,196.0,11.0
539,10.0,340.0,0.0,20.0,9.0,85.0,1.0,9.0,138.0,8.0
540,10.0,340.0,0.0,20.0,9.0,85.0,1.0,9.0,138.0,8.0
541,6.0,326.0,4.0,15.0,0.0,63.0,2.0,5.0,76.0,11.0
542,6.0,326.0,4.0,15.0,0.0,63.0,2.0,5.0,76.0,11.0
543,5.0,367.0,31.0,11.0,0.0,47.0,2.0,6.0,121.0,23.0
544,5.0,367.0,31.0,11.0,0.0,47.0,2.0,6.0,121.0,23.0
545,4.0,447.0,31.0,20.0,0.0,25.0,0.0,8.0,137.0,17.0
546,4.0,447.0,31.0,20.0,0.0,25.0,0.0,8.0,137.0,17.0
547,4.0,472.0,41.0,20.0,0.0,39.0,1.0,9.0,118.0,40.0
548,4.0,472.0,41.0,20.0,0.0,39.0,1.0,9.0,118.0,40.0
549,11.0,448.0,41.0,19.0,0.0,60.0,1.0,0.0,131.0,34.0
550,11.0,448.0,41.0,19.0,0.0,60.0,1.0,0.0,131.0,34.0
551,18.0,406.0,0.0,18.0,0.0,64.0,0.0,6.0,219.0,29.0
552,18.0,406.0,0.0,18.0,0.0,64.0,0.0,6.0,219.0,29.0
553,19.0,480.0,0.0,18.0,0.0,61.0,0.0,4.0,36.0,0.0
554,19.0,480.0,0.0,18.0,0.0,61.0,0.0,4.0,36.0,0.0
555,7.0,653.0,0.0,11.0,1.0,37.0,1.0,3.0,42.0,0.0
556,7.0,653.0,0.0,11.0,1.0,37.0,1.0,3.0,42.0,0.0
557,7.0,568.0,0.0,10.0,4.0,34.0,1.0,4.0,61.0,13.0
558,7.0,568.0,0.0,10.0,4.0,34.0,1.0,4.0,61.0,13.0
559,9.0,326.0,0.0,12.0,4.0,43.0,6.0,4.0,92.0,31.0
560,9.0,326.0,0.0,12.0,4.0,43.0,6.0,4.0,92.0,31.0
561,18.0,249.0,0.0,14.0,20.0,49.0,6.0,4.0,93.0,41.0
562,18.0,249.0,0.0,14.0,20.0,49.0,6.0,4.0,93.0,41.0
563,15.0,301.0,0.0,29.0,23.0,62.0,0.0,28.0,84.0,52.0
564,15.0,301.0,0.0,29.0,23.0,62.0,0.0,28.0,84.0,52.0
565,14.0,476.0,0.0,26.0,17.0,114.0,0.0,29.0,127.0,19.0
566,14.0,476.0,0.0,26.0,17.0,114.0,0.0,29.0,127.0,19.0
567,27.0,272.0,0.0,23.0,11.0,105.0,0.0,23.0,131.0,29.0
568,27.0,272.0,0.0,23.0,11.0,105.0,0.0,23.0,131.0,29.0
569,28.0,192.0,0.0,14.0,0.0,92.0,4.0,15.0,126.0,50.0
570,28.0,192.0,0.0,14.0,0.0,92.0,4.0,15.0,126.0,50.0
571,17.0,45.0,0.0,5.0,0.0,79.0,3.0,16.0,11.0,60.0
572,17.0,45.0,0.0,5.0,0.0,79.0,3.0,16.0,11.0,60.0
573,11.0,62.0,0.0,3.0,4.0,85.0,2.0,13.0,13.0,63.0
574,11.0,62.0,0.0,3.0,4.0,85.0,2.0,13.0,13.0,63.0
575,22.0,59.0,0.0,7.0,12.0,59.0,5.0,10.0,14.0,44.0
576,22.0,59.0,0.0,7.0,12.0,59.0,5.0,10.0,14.0,44.0
577,17.0,42.0,0.0,7.0,11.0,72.0,8.0,6.0,15.0,44.0
578,17.0,42.0,0.0,7.0,11.0,72.0,8.0,6.0,15.0,44.0
579,4.0,37.0,0.0,8.0,13.0,86.0,5.0,5.0,15.0,32.0
580,4.0,37.0,0.0,8.0,13.0,86.0,5.0,5.0,15.0,32.0
581,8.0,29.0,0.0,10.0,18.0,100.0,4.0,6.0,20.0,14.0
582,8.0,29.0,0.0,10.0,18.0,100.0,4.0,6.0,20.0,14.0
583,11.0,27.0,0.0,10.0,15.0,116.0,0.0,8.0,32.0,14.0
584,11.0,27.0,0.0,10.0,15.0,116.0,0.0,8.0,32.0,14.0
585,12.0,29.0,0.0,12.0,12.0,106.0,1.0,5.0,37.0,10.0
586,12.0,29.0,0.0,12.0,12.0,106.0,1.0,5.0,37.0,10.0
587,11.0,35.0,0.0,11.0,38.0,93.0,2.0,3.0,29.0,11.0
588,11.0,35.0,0.0,11.0,38.0,93.0,2.0,3.0,29.0,11.0
589,16.0,40.0,0.0,11.0,52.0,94.0,1.0,5.0,11.0,10.0
590,16.0,40.0,0.0,11.0,52.0,94.0,1.0,5.0,11.0,10.0
591,21.0,37.0,0.0,14.0,33.0,97.0,1.0,12.0,12.0,11.0
592,21.0,37.0,0.0,14.0,33.0,97.0,1.0,12.0,12.0,11.0
593,17.0,32.0,10.0,14.0,15.0,79.0,2.0,12.0,15.0,15.0
594,17.0,32.0,10.0,14.0,15.0,79.0,2.0,12.0,15.0,15.0
595,15.0,31.0,10.0,17.0,14.0,75.0,2.0,15.0,11.0,19.0
596,15.0,31.0,10.0,17.0,14.0,75.0,2.0,15.0,11.0,19.0
597,8.0,22.0,0.0,14.0,11.0,60.0,3.0,18.0,11.0,26.0
598,8.0,22.0,0.0,14.0,11.0,60.0,3.0,18.0,11.0,26.0
599,11.0,33.0,0.0,15.0,17.0,47.0,3.0,23.0,12.0,30.0
600,11.0,33.0,0.0,15.0,17.0,47.0,3.0,23.0,12.0,30.0
601,10.0,47.0,0.0,15.0,23.0,53.0,5.0,21.0,12.0,26.0
602,10.0,47.0,0.0,15.0,23.0,53.0,5.0,21.0,12.0,26.0
603,5.0,73.0,14.0,13.0,10.0,48.0,5.0,23.0,8.0,12.0
604,5.0,73.0,14.0,13.0,10.0,48.0,5.0,23.0,8.0,12.0
605,3.0,96.0,14.0,14.0,10.0,35.0,10.0,27.0,7.0,20.0
606,3.0,96.0,14.0,14.0,10.0,35.0,10.0,27.0,7.0,20.0
607,6.0,100.0,16.0,16.0,14.0,36.0,7.0,28.0,7.0,19.0
608,6.0,100.0,16.0,16.0,14.0,36.0,7.0,28.0,7.0,19.0
609,7.0,89.0,18.0,21.0,14.0,60.0,5.0,17.0,7.0,12.0
610,7.0,89.0,18.0,21.0,14.0,60.0,5.0,17.0,7.0,12.0
611,6.0,80.0,19.0,22.0,0.0,79.0,0.0,19.0,10.0,11.0
612,6.0,80.0,19.0,22.0,0.0,79.0,0.0,19.0,10.0,11.0
613,4.0,102.0,37.0,23.0,1.0,80.0,2.0,18.0,13.0,13.0
614,4.0,102.0,37.0,23.0,1.0,80.0,2.0,18.0,13.0,13.0
615,8.0,95.0,50.0,19.0,7.0,83.0,2.0,13.0,17.0,14.0
616,8.0,95.0,50.0,19.0,7.0,83.0,2.0,13.0,17.0,14.0
617,8.0,107.0,50.0,12.0,11.0,88.0,2.0,17.0,20.0,22.0
618,8.0,107.0,50.0,12.0,11.0,88.0,2.0,17.0,20.0,22.0
619,6.0,97.0,10.0,13.0,14.0,84.0,2.0,22.0,22.0,32.0
620,6.0,97.0,10.0,13.0,14.0,84.0,2.0,22.0,22.0,32.0
621,9.0,115.0,18.0,16.0,18.0,56.0,3.0,24.0,22.0,49.0
622,9.0,115.0,18.0,16.0,18.0,56.0,3.0,24.0,22.0,49.0
623,12.0,102.0,18.0,19.0,18.0,52.0,4.0,17.0,20.0,59.0
624,12.0,102.0,18.0,19.0,18.0,52.0,4.0,17.0,20.0,59.0
625,7.0,74.0,33.0,23.0,14.0,52.0,3.0,15.0,23.0,61.0
626,7.0,74.0,33.0,23.0,14.0,52.0,3.0,15.0,23.0,61.0
627,10.0,99.0,65.0,16.0,14.0,71.0,4.0,13.0,34.0,59.0
628,10.0,99.0,65.0,16.0,14.0,71.0,4.0,13.0,34.0,59.0
629,12.0,151.0,78.0,13.0,12.0,59.0,6.0,12.0,40.0,18.0
630,12.0,151.0,78.0,13.0,12.0,59.0,6.0,12.0,40.0,18.0
631,13.0,141.0,46.0,14.0,14.0,31.0,5.0,9.0,36.0,13.0
632,13.0,141.0,46.0,14.0,14.0,31.0,5.0,9.0,36.0,13.0
633,20.0,142.0,45.0,14.0,17.0,37.0,4.0,12.0,23.0,7.0
634,20.0,142.0,45.0,14.0,17.0,37.0,4.0,12.0,23.0,7.0
635,21.0,129.0,43.0,19.0,0.0,49.0,1.0,19.0,18.0,23.0
636,21.0,129.0,43.0,19.0,0.0,49.0,1.0,19.0,18.0,23.0
637,22.0,74.0,0.0,34.0,0.0,50.0,1.0,21.0,20.0,36.0
638,22.0,74.0,0.0,34.0,0.0,50.0,1.0,21.0,20.0,36.0
639,33.0,86.0,0.0,43.0,5.0,42.0,0.0,22.0,26.0,38.0
640,33.0,86.0,0.0,43.0,5.0,42.0,0.0,22.0,26.0,38.0
641,35.0,131.0,0.0,43.0,5.0,39.0,0.0,20.0,44.0,46.0
642,35.0,131.0,0.0,43.0,5.0,39.0,0.0,20.0,44.0,46.0
643,30.0,88.0,0.0,35.0,5.0,42.0,1.0,34.0,73.0,56.0
644,30.0,88.0,0.0,35.0,5.0,42.0,1.0,34.0,73.0,56.0
645,11.0,97.0,0.0,26.0,0.0,53.0,2.0,39.0,65.0,93.0
646,11.0,97.0,0.0,26.0,0.0,53.0,2.0,39.0,65.0,93.0
647,15.0,107.0,0.0,22.0,7.0,51.0,3.0,28.0,48.0,102.0
648,15.0,107.0,0.0,22.0,7.0,51.0,3.0,28.0,48.0,102.0
649,13.0,88.0,0.0,28.0,13.0,37.0,1.0,33.0,38.0,147.0
650,13.0,88.0,0.0,28.0,13.0,37.0,1.0,33.0,38.0,147.0
651,13.0,62.0,0.0,28.0,13.0,50.0,2.0,8.0,55.0,148.0
652,13.0,62.0,0.0,28.0,13.0,50.0,2.0,8.0,55.0,148.0
653,34.0,13.0,0.0,32.0,0.0,49.0,2.0,5.0,23.0,166.0
654,34.0,13.0,0.0,32.0,0.0,49.0,2.0,5.0,23.0,166.0
655,45.0,22.0,0.0,60.0,0.0,40.0,2.0,0.0,24.0,157.0
656,45.0,22.0,0.0,60.0,0.0,40.0,2.0,0.0,24.0,157.0
657,42.0,32.0,0.0,15.0,0.0,51.0,0.0,6.0,30.0,154.0
658,42.0,32.0,0.0,15.0,0.0,51.0,0.0,6.0,30.0,154.0
659,59.0,29.0,0.0,14.0,0.0,48.0,3.0,9.0,42.0,167.0
660,59.0,29.0,0.0,14.0,0.0,48.0,3.0,9.0,42.0,167.0
661,35.0,17.0,0.0,15.0,0.0,115.0,3.0,8.0,50.0,68.0
662,35.0,17.0,0.0,15.0,0.0,115.0,3.0,8.0,50.0,68.0
663,17.0,36.0,12.0,17.0,14.0,97.0,20.0,14.0,44.0,14.0
664,17.0,36.0,12.0,17.0,14.0,97.0,20.0,14.0,44.0,14.0
665,24.0,39.0,12.0,21.0,28.0,71.0,20.0,4.0,25.0,18.0
666,24.0,39.0,12.0,21.0,28.0,71.0,20.0,4.0,25.0,18.0
667,34.0,38.0,9.0,30.0,38.0,70.0,1.0,11.0,19.0,11.0
668,34.0,38.0,9.0,30.0,38.0,70.0,1.0,11.0,19.0,11.0
669,31.0,37.0,11.0,27.0,38.0,53.0,3.0,15.0,13.0,12.0
670,31.0,37.0,11.0,27.0,38.0,53.0,3.0,15.0,13.0,12.0
671,30.0,34.0,13.0,28.0,40.0,35.0,2.0,7.0,19.0,11.0
672,30.0,34.0,13.0,28.0,40.0,35.0,2.0,7.0,19.0,11.0
673,34.0,27.0,0.0,40.0,45.0,50.0,2.0,6.0,15.0,12.0
674,34.0,27.0,0.0,40.0,45.0,50.0,2.0,6.0,15.0,12.0
675,22.0,26.0,0.0,32.0,37.0,63.0,3.0,5.0,11.0,13.0
676,22.0,26.0,0.0,32.0,37.0,63.0,3.0,5.0,11.0,13.0
677,19.0,46.0,0.0,36.0,32.0,55.0,2.0,1.0,14.0,18.0
678,19.0,46.0,0.0,36.0,32.0,55.0,2.0,1.0,14.0,18.0
679,28.0,55.0,10.0,34.0,25.0,48.0,2.0,2.0,16.0,18.0
680,28.0,55.0,10.0,34.0,25.0,48.0,2.0,2.0,16.0,18.0
681,27.0,53.0,23.0,26.0,16.0,44.0,3.0,2.0,17.0,10.0
682,27.0,53.0,23.0,26.0,16.0,44.0,3.0,2.0,17.0,10.0
683,18.0,50.0,24.0,22.0,12.0,47.0,2.0,2.0,17.0,6.0
684,18.0,50.0,24.0,22.0,12.0,47.0,2.0,2.0,17.0,6.0
685,27.0,33.0,21.0,30.0,20.0,62.0,3.0,3.0,15.0,10.0
686,27.0,33.0,21.0,30.0,20.0,62.0,3.0,3.0,15.0,10.0
687,58.0,40.0,25.0,35.0,21.0,69.0,3.0,3.0,14.0,11.0
688,58.0,40.0,25.0,35.0,21.0,69.0,3.0,3.0,14.0,11.0
689,48.0,47.0,26.0,35.0,21.0,84.0,3.0,1.0,16.0,8.0
690,48.0,47.0,26.0,35.0,21.0,84.0,3.0,1.0,16.0,8.0
691,39.0,55.0,18.0,40.0,37.0,94.0,3.0,2.0,20.0,12.0
692,39.0,55.0,18.0,40.0,37.0,94.0,3.0,2.0,20.0,12.0
693,18.0,67.0,31.0,45.0,24.0,91.0,4.0,8.0,25.0,16.0
694,18.0,67.0,31.0,45.0,24.0,91.0,4.0,8.0,25.0,16.0
695,15.0,85.0,65.0,39.0,20.0,94.0,5.0,11.0,8.0,16.0
696,15.0,85.0,65.0,39.0,20.0,94.0,5.0,11.0,8.0,16.0
697,12.0,70.0,71.0,47.0,38.0,88.0,2.0,13.0,8.0,15.0
698,12.0,70.0,71.0,47.0,38.0,88.0,2.0,13.0,8.0,15.0
699,11.0,69.0,68.0,46.0,58.0,88.0,1.0,16.0,12.0,11.0
700,11.0,69.0,68.0,46.0,58.0,88.0,1.0,16.0,12.0,11.0
701,12.0,94.0,116.0,35.0,67.0,95.0,2.0,11.0,11.0,13.0
702,12.0,94.0,116.0,35.0,67.0,95.0,2.0,11.0,11.0,13.0
703,15.0,111.0,112.0,32.0,63.0,107.0,5.0,7.0,13.0,14.0
704,15.0,111.0,112.0,32.0,63.0,107.0,5.0,7.0,13.0,14.0
705,21.0,133.0,127.0,27.0,21.0,116.0,5.0,15.0,21.0,19.0
706,21.0,133.0,127.0,27.0,21.0,116.0,5.0,15.0,21.0,19.0
707,28.0,155.0,113.0,19.0,37.0,119.0,3.0,16.0,23.0,22.0
708,28.0,155.0,113.0,19.0,37.0,119.0,3.0,16.0,23.0,22.0
709,20.0,149.0,94.0,15.0,31.0,117.0,2.0,21.0,21.0,19.0
710,20.0,149.0,94.0,15.0,31.0,117.0,2.0,21.0,21.0,19.0
711,13.0,116.0,91.0,16.0,34.0,111.0,3.0,33.0,31.0,18.0
712,13.0,116.0,91.0,16.0,34.0,111.0,3.0,33.0,31.0,18.0
713,14.0,131.0,0.0,21.0,42.0,87.0,4.0,36.0,35.0,27.0
714,14.0,131.0,0.0,21.0,42.0,87.0,4.0,36.0,35.0,27.0
715,11.0,155.0,5.0,29.0,31.0,73.0,3.0,38.0,31.0,30.0
716,11.0,155.0,5.0,29.0,31.0,73.0,3.0,38.0,31.0,30.0
717,9.0,132.0,8.0,37.0,15.0,40.0,4.0,43.0,19.0,50.0
718,9.0,132.0,8.0,37.0,15.0,40.0,4.0,43.0,19.0,50.0
719,33.0,146.0,18.0,35.0,11.0,43.0,1.0,55.0,23.0,36.0
720,33.0,146.0,18.0,35.0,11.0,43.0,1.0,55.0,23.0,36.0
721,30.0,171.0,18.0,10.0,10.0,63.0,1.0,66.0,39.0,41.0
722,30.0,171.0,18.0,10.0,10.0,63.0,1.0,66.0,39.0,41.0
723,10.0,124.0,25.0,12.0,16.0,51.0,1.0,44.0,21.0,52.0
724,10.0,124.0,25.0,12.0,16.0,51.0,1.0,44.0,21.0,52.0
725,14.0,137.0,19.0,15.0,29.0,47.0,4.0,37.0,19.0,56.0
726,14.0,137.0,19.0,15.0,29.0,47.0,4.0,37.0,19.0,56.0
727,21.0,154.0,19.0,15.0,16.0,37.0,3.0,35.0,29.0,48.0
728,21.0,154.0,19.0,15.0,16.0,37.0,3.0,35.0,29.0,48.0
729,21.0,143.0,0.0,8.0,30.0,31.0,1.0,42.0,32.0,27.0
730,21.0,143.0,0.0,8.0,30.0,31.0,1.0,42.0,32.0,27.0
731,23.0,142.0,0.0,5.0,32.0,20.0,1.0,27.0,27.0,18.0
732,23.0,142.0,0.0,5.0,32.0,20.0,1.0,27.0,27.0,18.0
733,30.0,160.0,0.0,4.0,7.0,18.0,2.0,27.0,16.0,29.0
734,30.0,160.0,0.0,4.0,7.0,18.0,2.0,27.0,16.0,29.0
735,33.0,209.0,0.0,11.0,16.0,30.0,1.0,33.0,13.0,33.0
736,33.0,209.0,0.0,11.0,16.0,30.0,1.0,33.0,13.0,33.0
737,37.0,237.0,0.0,9.0,14.0,29.0,2.0,32.0,24.0,46.0
738,37.0,237.0,0.0,9.0,14.0,29.0,2.0,32.0,24.0,46.0
739,59.0,159.0,22.0,12.0,14.0,38.0,8.0,36.0,25.0,48.0
740,59.0,159.0,22.0,12.0,14.0,38.0,8.0,36.0,25.0,48.0
741,43.0,172.0,37.0,15.0,0.0,71.0,9.0,28.0,36.0,63.0
742,43.0,172.0,37.0,15.0,0.0,71.0,9.0,28.0,36.0,63.0
743,16.0,228.0,37.0,14.0,5.0,71.0,2.0,12.0,14.0,76.0
744,16.0,228.0,37.0,14.0,5.0,71.0,2.0,12.0,14.0,76.0
745,14.0,208.0,0.0,9.0,5.0,50.0,3.0,21.0,9.0,83.0
746,14.0,208.0,0.0,9.0,5.0,50.0,3.0,21.0,9.0,83.0
747,10.0,239.0,0.0,6.0,17.0,50.0,3.0,22.0,13.0,93.0
748,10.0,239.0,0.0,6.0,17.0,50.0,3.0,22.0,13.0,93.0
749,14.0,280.0,0.0,6.0,17.0,64.0,1.0,24.0,16.0,90.0
750,14.0,280.0,0.0,6.0,17.0,64.0,1.0,24.0,16.0,90.0
751,20.0,201.0,0.0,6.0,0.0,85.0,2.0,0.0,0.0,90.0
752,20.0,201.0,0.0,6.0,0.0,85.0,2.0,0.0,0.0,90.0
753,0.0,208.0,0.0,5.0,0.0,88.0,2.0,0.0,20.0,58.0
754,0.0,208.0,0.0,5.0,0.0,88.0,2.0,0.0,20.0,58.0
755,0.0,195.0,0.0,6.0,0.0,57.0,1.0,10.0,30.0,58.0
756,0.0,195.0,0.0,6.0,0.0,57.0,1.0,10.0,30.0,58.0
757,0.0,127.0,15.0,12.0,0.0,84.0,0.0,13.0,30.0,0.0
758,0.0,127.0,15.0,12.0,0.0,84.0,0.0,13.0,30.0,0.0
759,5.0,79.0,15.0,16.0,9.0,87.0,0.0,13.0,32.0,7.0
760,5.0,79.0,15.0,16.0,9.0,87.0,0.0,13.0,32.0,7.0
761,7.0,48.0,0.0,4.0,39.0,78.0,0.0,8.0,24.0,17.0
762,7.0,48.0,0.0,4.0,39.0,78.0,0.0,8.0,24.0,17.0
763,6.0,49.0,0.0,6.0,50.0,61.0,7.0,3.0,8.0,23.0
764,6.0,49.0,0.0,6.0,50.0,61.0,7.0,3.0,8.0,23.0
765,2.0,44.0,16.0,9.0,50.0,52.0,8.0,3.0,8.0,47.0
766,2.0,44.0,16.0,9.0,50.0,52.0,8.0,3.0,8.0,47.0
767,4.0,54.0,12.0,11.0,4.0,55.0,13.0,2.0,13.0,88.0
768,4.0,54.0,12.0,11.0,4.0,55.0,13.0,2.0,13.0,88.0
769,5.0,58.0,7.0,9.0,18.0,58.0,11.0,3.0,16.0,80.0
770,5.0,58.0,7.0,9.0,18.0,58.0,11.0,3.0,16.0,80.0
771,9.0,47.0,6.0,7.0,18.0,56.0,15.0,4.0,20.0,69.0
772,9.0,47.0,6.0,7.0,18.0,56.0,15.0,4.0,20.0,69.0
773,11.0,34.0,7.0,7.0,20.0,63.0,4.0,6.0,17.0,67.0
774,11.0,34.0,7.0,7.0,20.0,63.0,4.0,6.0,17.0,67.0
775,10.0,38.0,10.0,9.0,32.0,76.0,3.0,9.0,13.0,74.0
776,10.0,38.0,10.0,9.0,32.0,76.0,3.0,9.0,13.0,74.0
777,13.0,28.0,10.0,11.0,29.0,89.0,3.0,13.0,13.0,86.0
778,13.0,28.0,10.0,11.0,29.0,89.0,3.0,13.0,13.0,86.0
779,15.0,26.0,10.0,18.0,26.0,76.0,2.0,13.0,9.0,103.0
780,15.0,26.0,10.0,18.0,26.0,76.0,2.0,13.0,9.0,103.0
781,16.0,36.0,18.0,23.0,34.0,68.0,1.0,8.0,12.0,115.0
782,16.0,36.0,18.0,23.0,34.0,68.0,1.0,8.0,12.0,115.0
783,17.0,48.0,16.0,30.0,39.0,69.0,1.0,7.0,17.0,134.0
784,17.0,48.0,16.0,30.0,39.0,69.0,1.0,7.0,17.0,134.0
785,13.0,53.0,12.0,31.0,31.0,70.0,2.0,15.0,19.0,124.0
786,13.0,53.0,12.0,31.0,31.0,70.0,2.0,15.0,19.0,124.0
787,9.0,58.0,11.0,28.0,35.0,72.0,4.0,14.0,22.0,91.0
788,9.0,58.0,11.0,28.0,35.0,72.0,4.0,14.0,22.0,91.0
789,6.0,64.0,24.0,22.0,40.0,87.0,5.0,14.0,19.0,9.0
790,6.0,64.0,24.0,22.0,40.0,87.0,5.0,14.0,19.0,9.0
791,6.0,67.0,31.0,24.0,50.0,103.0,3.0,16.0,16.0,9.0
792,6.0,67.0,31.0,24.0,50.0,103.0,3.0,16.0,16.0,9.0
793,6.0,66.0,40.0,27.0,51.0,113.0,5.0,16.0,11.0,9.0
794,6.0,66.0,40.0,27.0,51.0,113.0,5.0,16.0,11.0,9.0
795,9.0,70.0,75.0,29.0,46.0,97.0,5.0,13.0,10.0,6.0
796,9.0,70.0,75.0,29.0,46.0,97.0,5.0,13.0,10.0,6.0
797,11.0,99.0,47.0,33.0,41.0,86.0,5.0,10.0,11.0,10.0
798,11.0,99.0,47.0,33.0,41.0,86.0,5.0,10.0,11.0,10.0
799,6.0,115.0,33.0,34.0,30.0,105.0,4.0,13.0,14.0,12.0
800,6.0,115.0,33.0,34.0,30.0,105.0,4.0,13.0,14.0,12.0
801,3.0,96.0,18.0,38.0,24.0,113.0,2.0,23.0,19.0,13.0
802,3.0,96.0,18.0,38.0,24.0,113.0,2.0,23.0,19.0,13.0
803,3.0,101.0,22.0,32.0,33.0,111.0,2.0,29.0,30.0,15.0
804,3.0,101.0,22.0,32.0,33.0,111.0,2.0,29.0,30.0,15.0
805,3.0,114.0,22.0,17.0,43.0,111.0,3.0,30.0,28.0,12.0
806,3.0,114.0,22.0,17.0,43.0,111.0,3.0,30.0,28.0,12.0
807,2.0,126.0,14.0,18.0,29.0,111.0,2.0,35.0,24.0,9.0
808,2.0,126.0,14.0,18.0,29.0,111.0,2.0,35.0,24.0,9.0
809,8.0,122.0,13.0,25.0,19.0,97.0,2.0,52.0,20.0,5.0
810,8.0,122.0,13.0,25.0,19.0,97.0,2.0,52.0,20.0,5.0
811,12.0,92.0,18.0,36.0,33.0,101.0,2.0,48.0,23.0,3.0
812,12.0,92.0,18.0,36.0,33.0,101.0,2.0,48.0,23.0,3.0
813,12.0,107.0,30.0,33.0,56.0,112.0,3.0,34.0,20.0,9.0
814,12.0,107.0,30.0,33.0,56.0,112.0,3.0,34.0,20.0,9.0
815,9.0,178.0,0.0,20.0,32.0,98.0,2.0,23.0,24.0,12.0
816,9.0,178.0,0.0,20.0,32.0,98.0,2.0,23.0,24.0,12.0
817,5.0,185.0,0.0,24.0,8.0,104.0,2.0,22.0,43.0,17.0
818,5.0,185.0,0.0,24.0,8.0,104.0,2.0,22.0,43.0,17.0
819,6.0,131.0,0.0,22.0,0.0,131.0,2.0,18.0,78.0,15.0
820,6.0,131.0,0.0,22.0,0.0,131.0,2.0,18.0,78.0,15.0
821,7.0,157.0,0.0,16.0,11.0,134.0,3.0,16.0,113.0,20.0
822,7.0,157.0,0.0,16.0,11.0,134.0,3.0,16.0,113.0,20.0
823,8.0,150.0,0.0,14.0,9.0,125.0,6.0,16.0,83.0,37.0
824,8.0,150.0,0.0,14.0,9.0,125.0,6.0,16.0,83.0,37.0
825,28.0,141.0,0.0,17.0,9.0,140.0,5.0,10.0,85.0,39.0
826,28.0,141.0,0.0,17.0,9.0,140.0,5.0,10.0,85.0,39.0
827,44.0,163.0,7.0,26.0,3.0,159.0,0.0,8.0,144.0,27.0
828,44.0,163.0,7.0,26.0,3.0,159.0,0.0,8.0,144.0,27.0
829,51.0,194.0,6.0,51.0,3.0,139.0,2.0,10.0,89.0,7.0
830,51.0,194.0,6.0,51.0,3.0,139.0,2.0,10.0,89.0,7.0
831,66.0,186.0,4.0,62.0,3.0,175.0,1.0,5.0,62.0,8.0
832,66.0,186.0,4.0,62.0,3.0,175.0,1.0,5.0,62.0,8.0
833,114.0,216.0,0.0,56.0,2.0,191.0,0.0,15.0,24.0,9.0
834,114.0,216.0,0.0,56.0,2.0,191.0,0.0,15.0,24.0,9.0
835,73.0,294.0,0.0,36.0,3.0,180.0,2.0,14.0,19.0,13.0
836,73.0,294.0,0.0,36.0,3.0,180.0,2.0,14.0,19.0,13.0
837,66.0,323.0,8.0,32.0,0.0,159.0,10.0,6.0,36.0,29.0
838,66.0,323.0,8.0,32.0,0.0,159.0,10.0,6.0,36.0,29.0
839,93.0,359.0,8.0,14.0,0.0,176.0,6.0,7.0,36.0,50.0
840,93.0,359.0,8.0,14.0,0.0,176.0,6.0,7.0,36.0,50.0
841,147.0,288.0,0.0,13.0,0.0,214.0,1.0,7.0,11.0,56.0
842,147.0,288.0,0.0,13.0,0.0,214.0,1.0,7.0,11.0,56.0
843,164.0,298.0,0.0,19.0,0.0,251.0,0.0,2.0,20.0,42.0
844,164.0,298.0,0.0,19.0,0.0,251.0,0.0,2.0,20.0,42.0
845,184.0,276.0,0.0,24.0,0.0,232.0,1.0,2.0,20.0,11.0
846,184.0,276.0,0.0,24.0,0.0,232.0,1.0,2.0,20.0,11.0
847,135.0,240.0,0.0,9.0,14.0,240.0,1.0,0.0,11.0,29.0
848,135.0,240.0,0.0,9.0,14.0,240.0,1.0,0.0,11.0,29.0
849,222.0,240.0,0.0,18.0,16.0,286.0,0.0,2.0,14.0,69.0
850,222.0,240.0,0.0,18.0,16.0,286.0,0.0,2.0,14.0,69.0
851,236.0,151.0,0.0,23.0,16.0,173.0,0.0,2.0,32.0,73.0
852,236.0,151.0,0.0,23.0,16.0,173.0,0.0,2.0,32.0,73.0
853,8.0,162.0,2.0,25.0,0.0,255.0,1.0,8.0,25.0,86.0
854,8.0,162.0,2.0,25.0,0.0,255.0,1.0,8.0,25.0,86.0
855,10.0,139.0,21.0,27.0,0.0,251.0,1.0,12.0,24.0,86.0
856,10.0,139.0,21.0,27.0,0.0,251.0,1.0,12.0,24.0,86.0
857,9.0,148.0,21.0,30.0,0.0,207.0,6.0,19.0,18.0,12.0
858,9.0,148.0,21.0,30.0,0.0,207.0,6.0,19.0,18.0,12.0
859,2.0,82.0,24.0,14.0,24.0,131.0,3.0,6.0,13.0,41.0
860,2.0,82.0,24.0,14.0,24.0,131.0,3.0,6.0,13.0,41.0
861,6.0,78.0,20.0,16.0,0.0,117.0,2.0,0.0,16.0,31.0
862,6.0,78.0,20.0,16.0,0.0,117.0,2.0,0.0,16.0,31.0
863,11.0,50.0,14.0,20.0,13.0,115.0,1.0,0.0,13.0,27.0
864,11.0,50.0,14.0,20.0,13.0,115.0,1.0,0.0,13.0,27.0
865,15.0,50.0,28.0,18.0,13.0,76.0,2.0,2.0,9.0,19.0
866,15.0,50.0,28.0,18.0,13.0,76.0,2.0,2.0,9.0,19.0
867,16.0,56.0,28.0,22.0,11.0,57.0,2.0,3.0,9.0,23.0
868,16.0,56.0,28.0,22.0,11.0,57.0,2.0,3.0,9.0,23.0
869,27.0,71.0,0.0,23.0,13.0,57.0,2.0,7.0,10.0,22.0
870,27.0,71.0,0.0,23.0,13.0,57.0,2.0,7.0,10.0,22.0
871,39.0,85.0,13.0,23.0,17.0,68.0,3.0,14.0,6.0,23.0
872,39.0,85.0,13.0,23.0,17.0,68.0,3.0,14.0,6.0,23.0
873,52.0,83.0,11.0,14.0,15.0,79.0,4.0,20.0,6.0,28.0
874,52.0,83.0,11.0,14.0,15.0,79.0,4.0,20.0,6.0,28.0
875,70.0,76.0,12.0,11.0,11.0,89.0,5.0,16.0,13.0,23.0
876,70.0,76.0,12.0,11.0,11.0,89.0,5.0,16.0,13.0,23.0
877,62.0,73.0,16.0,14.0,6.0,85.0,4.0,9.0,19.0,33.0
878,62.0,73.0,16.0,14.0,6.0,85.0,4.0,9.0,19.0,33.0
879,57.0,85.0,16.0,15.0,7.0,95.0,0.0,8.0,19.0,46.0
880,57.0,85.0,16.0,15.0,7.0,95.0,0.0,8.0,19.0,46.0
881,49.0,97.0,7.0,12.0,10.0,99.0,3.0,11.0,14.0,39.0
882,49.0,97.0,7.0,12.0,10.0,99.0,3.0,11.0,14.0,39.0
883,39.0,118.0,7.0,13.0,0.0,89.0,3.0,11.0,13.0,23.0
884,39.0,118.0,7.0,13.0,0.0,89.0,3.0,11.0,13.0,23.0
885,36.0,142.0,9.0,21.0,11.0,94.0,4.0,11.0,12.0,23.0
886,36.0,142.0,9.0,21.0,11.0,94.0,4.0,11.0,12.0,23.0
887,30.0,150.0,19.0,24.0,11.0,89.0,1.0,10.0,12.0,27.0
888,30.0,150.0,19.0,24.0,11.0,89.0,1.0,10.0,12.0,27.0
889,22.0,145.0,46.0,28.0,16.0,76.0,1.0,9.0,9.0,42.0
890,22.0,145.0,46.0,28.0,16.0,76.0,1.0,9.0,9.0,42.0
891,16.0,117.0,76.0,33.0,20.0,80.0,5.0,11.0,6.0,44.0
892,16.0,117.0,76.0,33.0,20.0,80.0,5.0,11.0,6.0,44.0
893,15.0,125.0,77.0,35.0,18.0,99.0,7.0,15.0,16.0,58.0
894,15.0,125.0,77.0,35.0,18.0,99.0,7.0,15.0,16.0,58.0
895,16.0,124.0,77.0,33.0,16.0,93.0,6.0,16.0,22.0,55.0
896,16.0,124.0,77.0,33.0,16.0,93.0,6.0,16.0,22.0,55.0
897,21.0,133.0,0.0,28.0,17.0,98.0,4.0,19.0,28.0,29.0
898,21.0,133.0,0.0,28.0,17.0,98.0,4.0,19.0,28.0,29.0
899,21.0,124.0,0.0,34.0,19.0,121.0,5.0,23.0,46.0,23.0
900,21.0,124.0,0.0,34.0,19.0,121.0,5.0,23.0,46.0,23.0
901,14.0,85.0,6.0,47.0,20.0,116.0,3.0,30.0,74.0,21.0
902,14.0,85.0,6.0,47.0,20.0,116.0,3.0,30.0,74.0,21.0
903,19.0,78.0,6.0,55.0,20.0,88.0,4.0,33.0,68.0,28.0
904,19.0,78.0,6.0,55.0,20.0,88.0,4.0,33.0,68.0,28.0
905,16.0,89.0,22.0,49.0,0.0,67.0,7.0,31.0,74.0,36.0
906,16.0,89.0,22.0,49.0,0.0,67.0,7.0,31.0,74.0,36.0
907,11.0,99.0,52.0,38.0,14.0,85.0,7.0,33.0,102.0,50.0
908,11.0,99.0,52.0,38.0,14.0,85.0,7.0,33.0,102.0,50.0
909,10.0,115.0,68.0,44.0,14.0,98.0,8.0,32.0,87.0,42.0
910,10.0,115.0,68.0,44.0,14.0,98.0,8.0,32.0,87.0,42.0
911,12.0,81.0,68.0,30.0,14.0,119.0,7.0,39.0,29.0,33.0
912,12.0,81.0,68.0,30.0,14.0,119.0,7.0,39.0,29.0,33.0
913,15.0,103.0,0.0,17.0,12.0,109.0,5.0,71.0,28.0,25.0
914,15.0,103.0,0.0,17.0,12.0,109.0,5.0,71.0,28.0,25.0
915,20.0,129.0,0.0,18.0,12.0,86.0,5.0,69.0,28.0,22.0
916,20.0,129.0,0.0,18.0,12.0,86.0,5.0,69.0,28.0,22.0
917,27.0,145.0,11.0,16.0,4.0,77.0,6.0,48.0,43.0,33.0
918,27.0,145.0,11.0,16.0,4.0,77.0,6.0,48.0,43.0,33.0
919,23.0,135.0,11.0,19.0,4.0,64.0,4.0,62.0,51.0,44.0
920,23.0,135.0,11.0,19.0,4.0,64.0,4.0,62.0,51.0,44.0
921,12.0,147.0,0.0,23.0,0.0,70.0,1.0,32.0,31.0,47.0
922,12.0,147.0,0.0,23.0,0.0,70.0,1.0,32.0,31.0,47.0
923,8.0,133.0,0.0,23.0,0.0,82.0,1.0,26.0,35.0,89.0
924,8.0,133.0,0.0,23.0,0.0,82.0,1.0,26.0,35.0,89.0
925,3.0,132.0,0.0,24.0,0.0,105.0,2.0,21.0,33.0,89.0
926,3.0,132.0,0.0,24.0,0.0,105.0,2.0,21.0,33.0,89.0
927,7.0,91.0,0.0,17.0,0.0,108.0,0.0,19.0,47.0,117.0
928,7.0,91.0,0.0,17.0,0.0,108.0,0.0,19.0,47.0,117.0
929,7.0,91.0,0.0,12.0,0.0,122.0,0.0,28.0,40.0,118.0
930,7.0,91.0,0.0,12.0,0.0,122.0,0.0,28.0,40.0,118.0
931,3.0,124.0,0.0,12.0,7.0,130.0,0.0,25.0,48.0,93.0
932,3.0,124.0,0.0,12.0,7.0,130.0,0.0,25.0,48.0,93.0
933,3.0,114.0,0.0,14.0,7.0,137.0,1.0,19.0,12.0,80.0
934,3.0,114.0,0.0,14.0,7.0,137.0,1.0,19.0,12.0,80.0
935,7.0,65.0,0.0,14.0,0.0,131.0,1.0,13.0,12.0,38.0
936,7.0,65.0,0.0,14.0,0.0,131.0,1.0,13.0,12.0,38.0
937,13.0,60.0,0.0,16.0,2.0,138.0,1.0,4.0,17.0,25.0
938,13.0,60.0,0.0,16.0,2.0,138.0,1.0,4.0,17.0,25.0
939,15.0,15.0,3.0,21.0,2.0,118.0,0.0,4.0,19.0,55.0
940,15.0,15.0,3.0,21.0,2.0,118.0,0.0,4.0,19.0,55.0
941,18.0,36.0,17.0,24.0,0.0,124.0,1.0,3.0,36.0,55.0
942,18.0,36.0,17.0,24.0,0.0,124.0,1.0,3.0,36.0,55.0
943,13.0,59.0,17.0,7.0,0.0,132.0,2.0,4.0,61.0,52.0
944,13.0,59.0,17.0,7.0,0.0,132.0,2.0,4.0,61.0,52.0
945,16.0,45.0,0.0,9.0,14.0,79.0,6.0,5.0,66.0,68.0
946,16.0,45.0,0.0,9.0,14.0,79.0,6.0,5.0,66.0,68.0
947,14.0,31.0,0.0,15.0,17.0,76.0,8.0,5.0,49.0,94.0
948,14.0,31.0,0.0,15.0,17.0,76.0,8.0,5.0,49.0,94.0
949,3.0,25.0,0.0,14.0,17.0,50.0,14.0,3.0,25.0,104.0
950,3.0,25.0,0.0,14.0,17.0,50.0,14.0,3.0,25.0,104.0
951,3.0,17.0,0.0,12.0,12.0,36.0,14.0,4.0,15.0,118.0
952,3.0,17.0,0.0,12.0,12.0,36.0,14.0,4.0,15.0,118.0
953,5.0,21.0,18.0,17.0,17.0,43.0,20.0,5.0,15.0,88.0
954,5.0,21.0,18.0,17.0,17.0,43.0,20.0,5.0,15.0,88.0
955,7.0,25.0,19.0,27.0,17.0,50.0,16.0,2.0,23.0,29.0
956,7.0,25.0,19.0,27.0,17.0,50.0,16.0,2.0,23.0,29.0
957,9.0,29.0,19.0,36.0,23.0,57.0,5.0,3.0,37.0,31.0
958,9.0,29.0,19.0,36.0,23.0,57.0,5.0,3.0,37.0,31.0
959,10.0,35.0,21.0,47.0,43.0,59.0,2.0,5.0,39.0,31.0
960,10.0,35.0,21.0,47.0,43.0,59.0,2.0,5.0,39.0,31.0
961,11.0,33.0,21.0,54.0,82.0,51.0,3.0,3.0,34.0,29.0
962,11.0,33.0,21.0,54.0,82.0,51.0,3.0,3.0,34.0,29.0
963,16.0,29.0,5.0,45.0,84.0,57.0,1.0,6.0,29.0,22.0
964,16.0,29.0,5.0,45.0,84.0,57.0,1.0,6.0,29.0,22.0
965,17.0,30.0,5.0,44.0,65.0,58.0,1.0,6.0,29.0,35.0
966,17.0,30.0,5.0,44.0,65.0,58.0,1.0,6.0,29.0,35.0
967,19.0,31.0,21.0,47.0,61.0,54.0,4.0,5.0,21.0,51.0
968,19.0,31.0,21.0,47.0,61.0,54.0,4.0,5.0,21.0,51.0
969,19.0,30.0,19.0,54.0,43.0,60.0,5.0,5.0,25.0,58.0
970,19.0,30.0,19.0,54.0,43.0,60.0,5.0,5.0,25.0,58.0
971,12.0,33.0,19.0,69.0,38.0,75.0,3.0,6.0,15.0,44.0
972,12.0,33.0,19.0,69.0,38.0,75.0,3.0,6.0,15.0,44.0
973,8.0,42.0,9.0,81.0,29.0,69.0,3.0,8.0,12.0,52.0
974,8.0,42.0,9.0,81.0,29.0,69.0,3.0,8.0,12.0,52.0
975,7.0,54.0,9.0,81.0,23.0,55.0,1.0,6.0,19.0,50.0
976,7.0,54.0,9.0,81.0,23.0,55.0,1.0,6.0,19.0,50.0
977,8.0,59.0,10.0,89.0,24.0,65.0,2.0,8.0,25.0,46.0
978,8.0,59.0,10.0,89.0,24.0,65.0,2.0,8.0,25.0,46.0
979,9.0,65.0,17.0,122.0,28.0,75.0,4.0,11.0,21.0,46.0
980,9.0,65.0,17.0,122.0,28.0,75.0,4.0,11.0,21.0,46.0
981,11.0,75.0,17.0,119.0,47.0,68.0,3.0,10.0,18.0,46.0
982,11.0,75.0,17.0,119.0,47.0,68.0,3.0,10.0,18.0,46.0
983,11.0,76.0,25.0,122.0,47.0,64.0,3.0,10.0,26.0,29.0
984,11.0,76.0,25.0,122.0,47.0,64.0,3.0,10.0,26.0,29.0
985,10.0,66.0,25.0,116.0,56.0,53.0,3.0,13.0,32.0,35.0
986,10.0,66.0,25.0,116.0,56.0,53.0,3.0,13.0,32.0,35.0
987,9.0,60.0,0.0,106.0,61.0,62.0,2.0,16.0,15.0,43.0
988,9.0,60.0,0.0,106.0,61.0,62.0,2.0,16.0,15.0,43.0
989,6.0,67.0,0.0,110.0,56.0,61.0,2.0,13.0,15.0,47.0
990,6.0,67.0,0.0,110.0,56.0,61.0,2.0,13.0,15.0,47.0
991,5.0,70.0,6.0,104.0,54.0,68.0,2.0,15.0,17.0,55.0
992,5.0,70.0,6.0,104.0,54.0,68.0,2.0,15.0,17.0,55.0
993,3.0,70.0,30.0,126.0,49.0,70.0,2.0,20.0,20.0,53.0
994,3.0,70.0,30.0,126.0,49.0,70.0,2.0,20.0,20.0,53.0
995,6.0,86.0,36.0,136.0,51.0,88.0,3.0,16.0,15.0,50.0
996,6.0,86.0,36.0,136.0,51.0,88.0,3.0,16.0,15.0,50.0
997,16.0,112.0,36.0,128.0,57.0,63.0,5.0,13.0,12.0,65.0
998,16.0,112.0,36.0,128.0,57.0,63.0,5.0,13.0,12.0,65.0
999,22.0,117.0,16.0,104.0,60.0,58.0,5.0,21.0,9.0,65.0
