,emojitracker-twitter-cat_face_with_tears_of_joy,emojitracker-twitter-kissing_cat_face_with_closed_eyes,emojitracker-twitter-cat_face,emojitracker-twitter-crying_cat_face,emojitracker-twitter-smiling_cat_face_with_open_mouth,emojitracker-twitter-cat_face_with_wry_smile,emojitracker-twitter-smiling_cat_face_with_heart-shaped_eyes,emojitracker-twitter-grinning_cat_face_with_smiling_eyes,emojitracker-twitter-pouting_cat_face
0,9.0,5.0,3.0,4.0,2.0,13.0,17.0,6.0,3.0
1,5.0,5.0,3.0,8.0,4.0,8.0,7.0,5.0,5.0
2,14.0,7.0,6.0,6.0,6.0,8.0,21.0,3.0,6.0
3,18.0,7.0,5.0,17.0,5.0,8.0,8.0,1.0,5.0
4,20.0,12.0,10.0,9.0,2.0,10.0,11.0,2.0,4.0
5,22.0,8.0,2.0,10.0,4.0,11.0,12.0,3.0,6.0
6,19.0,7.0,4.0,11.0,5.0,9.0,10.0,10.0,3.0
7,13.0,7.0,1.0,4.0,2.0,10.0,17.0,4.0,5.0
8,11.0,10.0,2.0,5.0,1.0,12.0,10.0,5.0,8.0
9,15.0,7.0,6.0,7.0,5.0,13.0,22.0,1.0,2.0
10,9.0,9.0,7.0,7.0,3.0,8.0,16.0,7.0,3.0
11,13.0,3.0,1.0,5.0,3.0,10.0,16.0,4.0,7.0
12,19.0,8.0,1.0,10.0,5.0,6.0,15.0,2.0,4.0
13,12.0,9.0,4.0,13.0,3.0,14.0,11.0,4.0,5.0
14,11.0,5.0,2.0,10.0,2.0,12.0,15.0,6.0,7.0
15,12.0,4.0,7.0,8.0,1.0,9.0,11.0,5.0,8.0
16,19.0,5.0,7.0,5.0,3.0,13.0,23.0,3.0,8.0
17,11.0,9.0,3.0,10.0,2.0,12.0,17.0,2.0,3.0
18,16.0,4.0,7.0,8.0,4.0,7.0,21.0,6.0,9.0
19,17.0,8.0,7.0,5.0,8.0,11.0,17.0,4.0,5.0
20,23.0,7.0,2.0,4.0,3.0,9.0,20.0,2.0,8.0
21,11.0,5.0,6.0,8.0,2.0,13.0,12.0,6.0,4.0
22,16.0,6.0,4.0,3.0,5.0,11.0,20.0,4.0,3.0
23,15.0,9.0,3.0,11.0,0.0,12.0,8.0,4.0,7.0
24,13.0,6.0,2.0,4.0,2.0,8.0,11.0,1.0,5.0
25,15.0,4.0,6.0,8.0,4.0,14.0,16.0,5.0,6.0
26,16.0,7.0,3.0,9.0,2.0,12.0,21.0,2.0,5.0
27,14.0,9.0,10.0,14.0,4.0,14.0,12.0,5.0,4.0
28,10.0,9.0,4.0,7.0,5.0,10.0,19.0,7.0,4.0
29,16.0,8.0,4.0,10.0,2.0,12.0,11.0,3.0,3.0
30,15.0,4.0,4.0,12.0,4.0,15.0,17.0,2.0,9.0
31,16.0,6.0,5.0,11.0,5.0,8.0,10.0,1.0,10.0
32,17.0,2.0,7.0,14.0,2.0,15.0,20.0,5.0,7.0
33,16.0,11.0,6.0,11.0,3.0,12.0,17.0,5.0,5.0
34,19.0,7.0,6.0,6.0,3.0,19.0,21.0,3.0,9.0
35,14.0,4.0,5.0,13.0,0.0,13.0,11.0,7.0,1.0
36,8.0,6.0,4.0,6.0,5.0,9.0,18.0,4.0,7.0
37,9.0,8.0,5.0,8.0,3.0,8.0,20.0,6.0,6.0
38,21.0,9.0,6.0,6.0,2.0,16.0,14.0,5.0,4.0
39,19.0,10.0,3.0,6.0,2.0,12.0,26.0,7.0,10.0
40,16.0,5.0,2.0,12.0,7.0,11.0,21.0,5.0,7.0
41,15.0,12.0,4.0,9.0,4.0,8.0,22.0,5.0,4.0
42,17.0,10.0,4.0,8.0,2.0,15.0,20.0,7.0,5.0
43,15.0,6.0,3.0,7.0,4.0,11.0,25.0,6.0,11.0
44,21.0,6.0,4.0,10.0,6.0,14.0,23.0,4.0,1.0
45,20.0,4.0,5.0,3.0,7.0,10.0,19.0,4.0,5.0
46,19.0,8.0,5.0,8.0,2.0,14.0,11.0,5.0,6.0
47,12.0,6.0,2.0,9.0,8.0,6.0,13.0,6.0,8.0
48,18.0,9.0,3.0,7.0,4.0,11.0,20.0,5.0,8.0
49,21.0,11.0,2.0,12.0,2.0,15.0,18.0,8.0,6.0
50,14.0,7.0,5.0,8.0,5.0,14.0,25.0,1.0,7.0
51,13.0,11.0,6.0,11.0,3.0,16.0,21.0,4.0,7.0
52,21.0,13.0,6.0,9.0,5.0,12.0,10.0,4.0,7.0
53,10.0,6.0,2.0,12.0,3.0,20.0,17.0,6.0,6.0
54,18.0,5.0,2.0,9.0,0.0,12.0,13.0,6.0,7.0
55,17.0,12.0,3.0,10.0,1.0,7.0,15.0,4.0,10.0
56,14.0,8.0,8.0,6.0,1.0,20.0,20.0,7.0,6.0
57,11.0,8.0,3.0,6.0,2.0,9.0,14.0,8.0,9.0
58,15.0,5.0,1.0,15.0,4.0,18.0,24.0,4.0,8.0
59,14.0,7.0,5.0,9.0,4.0,12.0,11.0,2.0,13.0
60,11.0,7.0,5.0,9.0,2.0,11.0,9.0,3.0,5.0
61,16.0,8.0,6.0,12.0,2.0,12.0,17.0,2.0,6.0
62,13.0,8.0,5.0,12.0,6.0,18.0,18.0,5.0,8.0
63,12.0,12.0,9.0,9.0,4.0,15.0,19.0,5.0,10.0
64,13.0,7.0,9.0,8.0,4.0,10.0,12.0,5.0,5.0
65,17.0,7.0,5.0,6.0,9.0,18.0,21.0,3.0,7.0
66,14.0,5.0,4.0,9.0,2.0,19.0,17.0,4.0,4.0
67,12.0,7.0,2.0,7.0,4.0,12.0,20.0,8.0,10.0
68,13.0,6.0,7.0,15.0,3.0,9.0,22.0,10.0,9.0
69,14.0,4.0,5.0,10.0,5.0,17.0,15.0,8.0,6.0
70,12.0,3.0,6.0,4.0,3.0,15.0,16.0,4.0,6.0
71,16.0,4.0,3.0,6.0,3.0,9.0,18.0,4.0,2.0
72,12.0,6.0,4.0,13.0,2.0,20.0,10.0,0.0,3.0
73,13.0,4.0,3.0,7.0,5.0,13.0,13.0,5.0,3.0
74,13.0,7.0,3.0,8.0,3.0,13.0,18.0,3.0,5.0
75,18.0,4.0,7.0,8.0,0.0,16.0,14.0,7.0,4.0
76,8.0,8.0,5.0,7.0,1.0,15.0,12.0,7.0,10.0
77,16.0,9.0,5.0,8.0,2.0,21.0,11.0,8.0,10.0
78,15.0,10.0,6.0,8.0,1.0,14.0,21.0,10.0,11.0
79,12.0,3.0,5.0,12.0,2.0,17.0,12.0,2.0,10.0
80,17.0,4.0,2.0,18.0,4.0,12.0,15.0,6.0,7.0
81,9.0,11.0,2.0,10.0,3.0,12.0,17.0,4.0,8.0
82,18.0,7.0,5.0,13.0,4.0,18.0,20.0,1.0,11.0
83,16.0,13.0,7.0,12.0,1.0,17.0,17.0,6.0,7.0
84,12.0,10.0,4.0,9.0,5.0,19.0,20.0,5.0,6.0
85,17.0,7.0,6.0,11.0,1.0,18.0,15.0,11.0,11.0
86,17.0,14.0,4.0,9.0,1.0,13.0,17.0,3.0,8.0
87,10.0,3.0,3.0,9.0,7.0,27.0,16.0,4.0,9.0
88,19.0,7.0,5.0,11.0,3.0,9.0,13.0,2.0,9.0
89,12.0,7.0,4.0,8.0,5.0,5.0,18.0,4.0,7.0
90,14.0,11.0,7.0,12.0,4.0,17.0,17.0,4.0,7.0
91,11.0,13.0,6.0,10.0,3.0,19.0,25.0,4.0,10.0
92,15.0,7.0,8.0,6.0,5.0,12.0,16.0,7.0,10.0
93,16.0,10.0,10.0,7.0,2.0,18.0,15.0,8.0,7.0
94,13.0,12.0,1.0,11.0,1.0,9.0,22.0,8.0,12.0
95,19.0,5.0,2.0,7.0,3.0,11.0,17.0,6.0,9.0
96,15.0,5.0,3.0,7.0,7.0,16.0,17.0,5.0,6.0
97,14.0,15.0,9.0,12.0,5.0,10.0,20.0,7.0,7.0
98,22.0,11.0,2.0,7.0,2.0,11.0,22.0,6.0,9.0
99,15.0,10.0,6.0,13.0,2.0,20.0,15.0,4.0,10.0
100,15.0,9.0,6.0,16.0,3.0,21.0,14.0,8.0,6.0
101,14.0,4.0,4.0,15.0,2.0,17.0,14.0,2.0,5.0
102,17.0,10.0,6.0,11.0,5.0,24.0,15.0,3.0,7.0
103,10.0,8.0,4.0,7.0,3.0,15.0,22.0,4.0,6.0
104,12.0,5.0,4.0,7.0,5.0,18.0,18.0,6.0,6.0
105,18.0,8.0,4.0,11.0,3.0,17.0,14.0,5.0,7.0
106,18.0,13.0,1.0,10.0,3.0,21.0,19.0,3.0,7.0
107,12.0,10.0,4.0,16.0,6.0,20.0,12.0,8.0,14.0
108,8.0,4.0,2.0,9.0,2.0,17.0,30.0,6.0,5.0
109,16.0,10.0,4.0,6.0,1.0,13.0,12.0,9.0,6.0
110,22.0,6.0,6.0,10.0,3.0,12.0,12.0,5.0,5.0
111,10.0,6.0,1.0,8.0,3.0,19.0,20.0,3.0,9.0
112,16.0,8.0,9.0,10.0,1.0,15.0,12.0,9.0,12.0
113,18.0,6.0,4.0,7.0,2.0,18.0,21.0,8.0,9.0
114,14.0,7.0,5.0,16.0,7.0,19.0,15.0,8.0,6.0
115,13.0,3.0,8.0,7.0,2.0,23.0,18.0,8.0,9.0
116,10.0,3.0,7.0,9.0,11.0,28.0,20.0,3.0,11.0
117,21.0,12.0,8.0,8.0,7.0,20.0,10.0,4.0,7.0
118,20.0,12.0,5.0,11.0,6.0,16.0,26.0,6.0,10.0
119,21.0,10.0,8.0,13.0,2.0,12.0,16.0,2.0,7.0
120,16.0,4.0,7.0,12.0,3.0,20.0,19.0,7.0,6.0
121,19.0,5.0,11.0,9.0,1.0,8.0,28.0,3.0,1.0
122,17.0,7.0,3.0,8.0,2.0,15.0,16.0,1.0,4.0
123,24.0,3.0,6.0,10.0,5.0,16.0,28.0,2.0,11.0
124,13.0,14.0,6.0,13.0,1.0,8.0,25.0,4.0,11.0
125,17.0,5.0,8.0,8.0,2.0,12.0,12.0,12.0,8.0
126,13.0,5.0,10.0,12.0,1.0,17.0,17.0,3.0,13.0
127,9.0,11.0,4.0,9.0,1.0,14.0,15.0,6.0,7.0
128,20.0,8.0,2.0,6.0,1.0,19.0,22.0,9.0,6.0
129,16.0,13.0,5.0,11.0,5.0,16.0,23.0,2.0,7.0
130,14.0,9.0,7.0,9.0,3.0,16.0,17.0,4.0,12.0
131,14.0,4.0,8.0,8.0,2.0,17.0,18.0,1.0,12.0
132,17.0,10.0,8.0,14.0,6.0,14.0,19.0,8.0,4.0
133,14.0,6.0,5.0,10.0,3.0,17.0,18.0,6.0,5.0
134,21.0,10.0,1.0,11.0,6.0,21.0,14.0,6.0,10.0
135,16.0,7.0,8.0,7.0,3.0,18.0,16.0,6.0,6.0
136,17.0,9.0,7.0,15.0,6.0,17.0,11.0,8.0,7.0
137,18.0,5.0,7.0,12.0,3.0,17.0,14.0,6.0,8.0
138,18.0,10.0,8.0,10.0,4.0,22.0,16.0,8.0,5.0
139,15.0,8.0,5.0,16.0,2.0,23.0,7.0,5.0,5.0
140,16.0,19.0,1.0,11.0,5.0,16.0,13.0,7.0,7.0
141,13.0,12.0,4.0,15.0,3.0,15.0,12.0,6.0,14.0
142,12.0,10.0,4.0,12.0,1.0,13.0,19.0,4.0,7.0
143,12.0,9.0,6.0,8.0,0.0,13.0,25.0,9.0,9.0
144,14.0,10.0,4.0,9.0,0.0,20.0,14.0,6.0,7.0
145,6.0,7.0,5.0,10.0,3.0,23.0,13.0,4.0,9.0
146,12.0,13.0,8.0,11.0,2.0,22.0,20.0,4.0,9.0
147,16.0,7.0,4.0,13.0,6.0,14.0,19.0,8.0,6.0
148,20.0,13.0,3.0,12.0,2.0,8.0,23.0,4.0,8.0
149,15.0,16.0,2.0,8.0,3.0,20.0,15.0,2.0,14.0
150,11.0,9.0,6.0,11.0,5.0,16.0,13.0,4.0,7.0
151,11.0,9.0,8.0,8.0,2.0,17.0,19.0,8.0,11.0
152,23.0,3.0,7.0,12.0,1.0,15.0,17.0,4.0,2.0
153,16.0,4.0,6.0,10.0,4.0,17.0,24.0,3.0,8.0
154,14.0,9.0,4.0,11.0,1.0,12.0,21.0,4.0,12.0
155,24.0,7.0,7.0,18.0,1.0,16.0,12.0,5.0,9.0
156,20.0,18.0,4.0,9.0,4.0,16.0,23.0,9.0,10.0
157,16.0,11.0,9.0,15.0,4.0,26.0,15.0,10.0,8.0
158,16.0,11.0,9.0,8.0,5.0,16.0,11.0,6.0,6.0
159,13.0,7.0,7.0,11.0,1.0,9.0,9.0,6.0,10.0
160,19.0,12.0,7.0,10.0,4.0,17.0,20.0,10.0,4.0
161,21.0,3.0,2.0,7.0,3.0,13.0,22.0,6.0,3.0
162,16.0,15.0,9.0,10.0,4.0,19.0,20.0,8.0,14.0
163,17.0,9.0,8.0,8.0,5.0,16.0,26.0,7.0,7.0
164,25.0,7.0,8.0,11.0,5.0,16.0,23.0,4.0,5.0
165,13.0,5.0,4.0,12.0,3.0,21.0,26.0,10.0,9.0
166,18.0,7.0,9.0,7.0,4.0,14.0,15.0,8.0,6.0
167,14.0,15.0,4.0,7.0,2.0,13.0,17.0,13.0,9.0
168,16.0,13.0,6.0,16.0,2.0,17.0,23.0,10.0,8.0
169,16.0,14.0,5.0,22.0,6.0,18.0,9.0,8.0,4.0
170,17.0,7.0,6.0,18.0,7.0,11.0,18.0,5.0,10.0
171,14.0,7.0,5.0,11.0,9.0,19.0,21.0,12.0,12.0
172,18.0,8.0,7.0,12.0,6.0,23.0,22.0,4.0,6.0
173,21.0,11.0,9.0,16.0,9.0,20.0,21.0,4.0,11.0
174,19.0,6.0,7.0,13.0,7.0,25.0,22.0,10.0,13.0
175,21.0,9.0,3.0,10.0,4.0,10.0,28.0,6.0,7.0
176,14.0,5.0,8.0,10.0,5.0,19.0,17.0,5.0,5.0
177,18.0,12.0,4.0,16.0,5.0,13.0,19.0,5.0,7.0
178,15.0,5.0,4.0,11.0,3.0,17.0,20.0,3.0,14.0
179,17.0,12.0,3.0,12.0,5.0,27.0,28.0,6.0,7.0
180,21.0,10.0,9.0,11.0,2.0,16.0,14.0,5.0,11.0
181,19.0,10.0,7.0,13.0,11.0,14.0,32.0,8.0,16.0
182,10.0,8.0,6.0,17.0,4.0,20.0,21.0,12.0,14.0
183,24.0,13.0,8.0,19.0,2.0,15.0,28.0,5.0,6.0
184,23.0,8.0,8.0,9.0,4.0,25.0,10.0,4.0,11.0
185,12.0,11.0,5.0,23.0,3.0,21.0,16.0,6.0,5.0
186,18.0,14.0,4.0,15.0,10.0,12.0,14.0,8.0,8.0
187,25.0,7.0,3.0,12.0,4.0,16.0,21.0,5.0,7.0
188,22.0,9.0,8.0,14.0,3.0,14.0,26.0,8.0,13.0
189,18.0,7.0,5.0,10.0,2.0,14.0,17.0,6.0,7.0
190,14.0,4.0,9.0,12.0,3.0,11.0,16.0,6.0,10.0
191,18.0,9.0,9.0,14.0,3.0,17.0,26.0,5.0,9.0
192,18.0,18.0,12.0,13.0,4.0,19.0,22.0,8.0,7.0
193,23.0,10.0,6.0,17.0,3.0,25.0,22.0,1.0,14.0
194,15.0,7.0,8.0,8.0,5.0,20.0,17.0,7.0,5.0
195,24.0,10.0,7.0,18.0,3.0,14.0,26.0,5.0,13.0
196,17.0,2.0,9.0,10.0,4.0,17.0,24.0,3.0,7.0
197,25.0,8.0,8.0,22.0,6.0,17.0,20.0,5.0,6.0
198,20.0,15.0,8.0,19.0,3.0,19.0,23.0,3.0,5.0
199,19.0,11.0,4.0,10.0,2.0,11.0,31.0,6.0,10.0
200,29.0,9.0,4.0,9.0,4.0,16.0,28.0,7.0,9.0
201,17.0,6.0,10.0,14.0,8.0,18.0,20.0,3.0,5.0
202,20.0,11.0,7.0,19.0,4.0,19.0,32.0,3.0,8.0
203,23.0,10.0,2.0,18.0,5.0,23.0,22.0,7.0,11.0
204,10.0,7.0,4.0,13.0,3.0,24.0,18.0,7.0,6.0
205,18.0,9.0,8.0,17.0,1.0,18.0,25.0,1.0,8.0
206,15.0,8.0,6.0,9.0,2.0,22.0,22.0,6.0,13.0
207,21.0,12.0,7.0,17.0,1.0,22.0,18.0,6.0,9.0
208,15.0,5.0,5.0,11.0,3.0,22.0,25.0,12.0,13.0
209,21.0,10.0,8.0,16.0,4.0,14.0,22.0,6.0,7.0
210,22.0,8.0,7.0,18.0,11.0,19.0,20.0,5.0,11.0
211,13.0,10.0,8.0,12.0,6.0,17.0,13.0,4.0,16.0
212,14.0,10.0,1.0,17.0,5.0,16.0,16.0,11.0,7.0
213,18.0,4.0,8.0,12.0,4.0,28.0,17.0,9.0,9.0
214,18.0,10.0,6.0,15.0,6.0,13.0,18.0,9.0,6.0
215,23.0,8.0,5.0,17.0,7.0,11.0,15.0,6.0,8.0
216,23.0,10.0,6.0,12.0,7.0,19.0,20.0,6.0,11.0
217,17.0,12.0,7.0,12.0,7.0,22.0,18.0,14.0,10.0
218,20.0,7.0,3.0,14.0,9.0,29.0,31.0,5.0,8.0
219,15.0,8.0,5.0,11.0,10.0,19.0,16.0,5.0,8.0
220,16.0,8.0,1.0,15.0,7.0,15.0,16.0,5.0,10.0
221,16.0,7.0,2.0,7.0,5.0,20.0,16.0,4.0,8.0
222,16.0,2.0,12.0,13.0,4.0,9.0,14.0,3.0,4.0
223,26.0,12.0,10.0,11.0,3.0,16.0,17.0,6.0,13.0
224,18.0,6.0,4.0,13.0,5.0,13.0,17.0,10.0,8.0
225,14.0,15.0,5.0,12.0,2.0,15.0,18.0,7.0,9.0
226,19.0,8.0,0.0,13.0,8.0,23.0,15.0,6.0,13.0
227,25.0,11.0,3.0,11.0,2.0,14.0,22.0,6.0,10.0
228,25.0,11.0,7.0,16.0,2.0,18.0,22.0,9.0,11.0
229,14.0,10.0,7.0,12.0,8.0,15.0,14.0,3.0,9.0
230,15.0,15.0,6.0,13.0,8.0,26.0,14.0,6.0,8.0
231,15.0,8.0,14.0,20.0,4.0,18.0,23.0,7.0,19.0
232,14.0,10.0,7.0,13.0,2.0,26.0,23.0,2.0,10.0
233,21.0,11.0,3.0,9.0,3.0,19.0,19.0,7.0,12.0
234,16.0,14.0,10.0,7.0,3.0,16.0,22.0,7.0,11.0
235,23.0,16.0,5.0,10.0,7.0,19.0,19.0,7.0,19.0
236,14.0,10.0,4.0,18.0,5.0,25.0,15.0,6.0,8.0
237,19.0,12.0,10.0,18.0,6.0,17.0,19.0,2.0,9.0
238,15.0,10.0,4.0,16.0,3.0,16.0,26.0,5.0,5.0
239,21.0,14.0,7.0,10.0,3.0,16.0,17.0,6.0,6.0
240,17.0,10.0,12.0,3.0,3.0,27.0,16.0,5.0,5.0
241,21.0,7.0,5.0,14.0,1.0,24.0,22.0,8.0,10.0
242,23.0,11.0,3.0,11.0,2.0,24.0,17.0,7.0,9.0
243,22.0,11.0,9.0,10.0,1.0,27.0,22.0,4.0,13.0
244,27.0,13.0,6.0,20.0,2.0,18.0,20.0,7.0,8.0
245,10.0,8.0,7.0,16.0,3.0,26.0,21.0,6.0,11.0
246,19.0,12.0,6.0,13.0,2.0,21.0,22.0,6.0,10.0
247,25.0,9.0,5.0,12.0,2.0,22.0,20.0,4.0,9.0
248,22.0,11.0,9.0,13.0,5.0,19.0,22.0,8.0,11.0
249,20.0,8.0,3.0,13.0,6.0,23.0,20.0,2.0,5.0
250,21.0,12.0,9.0,15.0,3.0,20.0,20.0,9.0,10.0
251,18.0,11.0,5.0,23.0,5.0,24.0,22.0,6.0,6.0
252,22.0,6.0,11.0,12.0,4.0,21.0,18.0,8.0,9.0
253,26.0,7.0,6.0,16.0,4.0,30.0,16.0,7.0,9.0
254,19.0,5.0,7.0,18.0,4.0,20.0,23.0,7.0,9.0
255,21.0,15.0,5.0,17.0,7.0,18.0,14.0,10.0,8.0
256,21.0,9.0,7.0,16.0,6.0,18.0,20.0,9.0,7.0
257,19.0,14.0,4.0,15.0,8.0,19.0,21.0,11.0,14.0
258,18.0,11.0,10.0,17.0,5.0,17.0,26.0,6.0,9.0
259,14.0,16.0,8.0,20.0,3.0,33.0,26.0,5.0,3.0
260,17.0,11.0,9.0,7.0,2.0,19.0,15.0,2.0,17.0
261,23.0,8.0,5.0,14.0,5.0,16.0,26.0,8.0,9.0
262,27.0,2.0,10.0,16.0,3.0,19.0,23.0,6.0,13.0
263,13.0,11.0,3.0,11.0,5.0,20.0,18.0,6.0,13.0
264,24.0,9.0,10.0,14.0,3.0,16.0,21.0,8.0,9.0
265,23.0,15.0,3.0,19.0,2.0,27.0,13.0,5.0,10.0
266,14.0,17.0,8.0,22.0,4.0,21.0,24.0,9.0,11.0
267,27.0,13.0,7.0,16.0,4.0,27.0,24.0,3.0,11.0
268,22.0,10.0,7.0,14.0,5.0,26.0,21.0,2.0,15.0
269,23.0,12.0,7.0,15.0,3.0,18.0,18.0,6.0,13.0
270,21.0,6.0,5.0,14.0,1.0,26.0,24.0,4.0,10.0
271,17.0,12.0,7.0,14.0,5.0,17.0,21.0,6.0,10.0
272,17.0,11.0,6.0,11.0,3.0,29.0,26.0,5.0,17.0
273,13.0,6.0,7.0,16.0,4.0,20.0,21.0,4.0,14.0
274,20.0,13.0,2.0,13.0,2.0,19.0,31.0,6.0,11.0
275,19.0,7.0,4.0,13.0,1.0,19.0,15.0,6.0,11.0
276,27.0,15.0,6.0,22.0,3.0,24.0,30.0,7.0,8.0
277,25.0,17.0,7.0,11.0,3.0,19.0,25.0,0.0,12.0
278,19.0,10.0,7.0,24.0,4.0,17.0,20.0,8.0,13.0
279,25.0,12.0,3.0,13.0,4.0,31.0,22.0,9.0,9.0
280,15.0,10.0,2.0,24.0,5.0,21.0,11.0,6.0,8.0
281,24.0,10.0,10.0,11.0,5.0,23.0,22.0,8.0,8.0
282,27.0,8.0,5.0,17.0,2.0,16.0,29.0,12.0,7.0
283,28.0,11.0,5.0,15.0,5.0,22.0,23.0,13.0,7.0
284,27.0,18.0,7.0,21.0,6.0,29.0,32.0,8.0,7.0
285,20.0,9.0,3.0,7.0,14.0,24.0,25.0,5.0,7.0
286,28.0,16.0,6.0,15.0,5.0,18.0,24.0,2.0,9.0
287,21.0,11.0,9.0,11.0,6.0,16.0,21.0,4.0,12.0
288,24.0,13.0,13.0,14.0,7.0,24.0,29.0,11.0,9.0
289,23.0,8.0,11.0,20.0,3.0,17.0,23.0,3.0,11.0
290,25.0,9.0,7.0,23.0,3.0,15.0,24.0,3.0,14.0
291,26.0,9.0,13.0,15.0,2.0,23.0,21.0,5.0,11.0
292,20.0,5.0,11.0,18.0,6.0,25.0,22.0,9.0,10.0
293,21.0,9.0,12.0,19.0,1.0,16.0,30.0,7.0,11.0
294,26.0,8.0,7.0,19.0,2.0,29.0,24.0,5.0,11.0
295,23.0,9.0,7.0,11.0,5.0,20.0,19.0,7.0,16.0
296,13.0,7.0,7.0,15.0,5.0,27.0,27.0,9.0,9.0
297,28.0,8.0,6.0,12.0,4.0,22.0,20.0,12.0,13.0
298,13.0,4.0,2.0,14.0,3.0,28.0,17.0,4.0,6.0
299,27.0,8.0,5.0,11.0,5.0,19.0,29.0,5.0,8.0
300,21.0,9.0,8.0,20.0,2.0,24.0,17.0,6.0,8.0
301,16.0,8.0,10.0,18.0,4.0,22.0,35.0,7.0,13.0
302,14.0,8.0,5.0,17.0,4.0,22.0,40.0,3.0,9.0
303,22.0,9.0,7.0,21.0,5.0,17.0,18.0,9.0,9.0
304,20.0,13.0,7.0,18.0,7.0,25.0,34.0,5.0,12.0
305,24.0,11.0,5.0,8.0,5.0,31.0,27.0,3.0,10.0
306,22.0,5.0,7.0,16.0,4.0,18.0,19.0,5.0,7.0
307,18.0,8.0,6.0,11.0,8.0,17.0,19.0,4.0,10.0
308,23.0,7.0,8.0,15.0,4.0,26.0,28.0,5.0,9.0
309,26.0,7.0,12.0,16.0,1.0,24.0,25.0,9.0,10.0
310,16.0,11.0,11.0,16.0,3.0,24.0,30.0,6.0,11.0
311,26.0,11.0,12.0,21.0,5.0,18.0,15.0,3.0,17.0
312,33.0,15.0,13.0,15.0,5.0,17.0,27.0,10.0,9.0
313,18.0,13.0,11.0,20.0,6.0,15.0,20.0,13.0,7.0
314,21.0,13.0,14.0,14.0,3.0,21.0,26.0,8.0,10.0
315,26.0,14.0,11.0,16.0,4.0,22.0,30.0,10.0,11.0
316,24.0,13.0,15.0,15.0,5.0,21.0,32.0,4.0,8.0
317,21.0,7.0,13.0,18.0,7.0,19.0,19.0,6.0,18.0
318,19.0,9.0,14.0,17.0,5.0,24.0,20.0,4.0,16.0
319,22.0,11.0,10.0,8.0,8.0,27.0,27.0,7.0,13.0
320,17.0,12.0,15.0,19.0,4.0,33.0,33.0,8.0,15.0
321,23.0,7.0,14.0,22.0,8.0,22.0,24.0,7.0,13.0
322,15.0,8.0,11.0,12.0,3.0,35.0,24.0,12.0,12.0
323,23.0,10.0,9.0,15.0,7.0,16.0,32.0,4.0,9.0
324,22.0,7.0,14.0,14.0,2.0,28.0,21.0,8.0,10.0
325,12.0,9.0,10.0,21.0,5.0,19.0,24.0,8.0,14.0
326,20.0,7.0,9.0,11.0,4.0,17.0,24.0,4.0,15.0
327,21.0,13.0,10.0,26.0,7.0,29.0,15.0,8.0,15.0
328,25.0,11.0,5.0,19.0,3.0,21.0,27.0,6.0,9.0
329,27.0,15.0,9.0,19.0,3.0,16.0,22.0,12.0,10.0
330,19.0,13.0,13.0,18.0,3.0,21.0,12.0,6.0,18.0
331,17.0,8.0,11.0,6.0,5.0,25.0,34.0,4.0,13.0
332,21.0,10.0,7.0,26.0,6.0,32.0,21.0,9.0,5.0
333,20.0,18.0,11.0,22.0,2.0,25.0,27.0,4.0,9.0
334,20.0,14.0,8.0,21.0,8.0,24.0,24.0,6.0,9.0
335,23.0,9.0,10.0,20.0,4.0,23.0,14.0,8.0,19.0
336,25.0,13.0,13.0,16.0,8.0,27.0,23.0,13.0,9.0
337,18.0,6.0,13.0,17.0,4.0,19.0,22.0,4.0,10.0
338,15.0,12.0,9.0,16.0,4.0,22.0,28.0,7.0,16.0
339,15.0,13.0,5.0,19.0,4.0,25.0,24.0,8.0,9.0
340,26.0,10.0,11.0,19.0,9.0,16.0,19.0,7.0,21.0
341,35.0,8.0,5.0,13.0,2.0,22.0,24.0,5.0,10.0
342,21.0,12.0,5.0,20.0,3.0,12.0,16.0,9.0,14.0
343,28.0,13.0,13.0,23.0,6.0,21.0,14.0,9.0,9.0
344,26.0,9.0,8.0,10.0,8.0,22.0,27.0,8.0,13.0
345,31.0,15.0,7.0,11.0,2.0,17.0,27.0,1.0,12.0
346,17.0,13.0,9.0,16.0,4.0,24.0,24.0,10.0,14.0
347,28.0,12.0,5.0,17.0,5.0,23.0,26.0,7.0,9.0
348,20.0,3.0,4.0,16.0,4.0,26.0,33.0,11.0,10.0
349,31.0,11.0,6.0,11.0,3.0,24.0,20.0,11.0,16.0
350,21.0,13.0,11.0,13.0,3.0,22.0,27.0,11.0,14.0
351,26.0,10.0,13.0,16.0,6.0,28.0,22.0,3.0,12.0
352,21.0,16.0,7.0,18.0,6.0,20.0,16.0,11.0,13.0
353,30.0,7.0,11.0,18.0,5.0,20.0,18.0,15.0,12.0
354,24.0,13.0,9.0,15.0,3.0,19.0,22.0,6.0,13.0
355,16.0,16.0,10.0,19.0,1.0,22.0,16.0,7.0,9.0
356,24.0,7.0,10.0,15.0,7.0,22.0,34.0,9.0,13.0
357,26.0,13.0,17.0,16.0,3.0,19.0,17.0,11.0,10.0
358,27.0,6.0,9.0,10.0,4.0,26.0,30.0,10.0,15.0
359,24.0,16.0,11.0,12.0,1.0,28.0,14.0,7.0,9.0
360,29.0,16.0,7.0,14.0,5.0,15.0,27.0,6.0,9.0
361,26.0,11.0,13.0,9.0,8.0,20.0,23.0,7.0,11.0
362,25.0,12.0,12.0,18.0,7.0,20.0,29.0,10.0,9.0
363,19.0,8.0,14.0,18.0,7.0,27.0,19.0,12.0,10.0
364,28.0,14.0,10.0,15.0,3.0,33.0,18.0,3.0,5.0
365,28.0,8.0,11.0,14.0,3.0,18.0,29.0,2.0,14.0
366,20.0,5.0,11.0,21.0,2.0,15.0,28.0,4.0,14.0
367,16.0,13.0,10.0,14.0,7.0,16.0,26.0,5.0,17.0
368,22.0,11.0,13.0,15.0,5.0,29.0,21.0,7.0,13.0
369,22.0,10.0,7.0,15.0,6.0,22.0,25.0,7.0,13.0
370,23.0,10.0,9.0,17.0,3.0,17.0,27.0,2.0,11.0
371,21.0,4.0,9.0,18.0,7.0,15.0,26.0,4.0,15.0
372,22.0,11.0,11.0,16.0,4.0,21.0,32.0,2.0,10.0
373,25.0,8.0,16.0,18.0,6.0,19.0,28.0,9.0,8.0
374,22.0,12.0,5.0,20.0,4.0,25.0,26.0,6.0,8.0
375,20.0,10.0,10.0,11.0,5.0,28.0,21.0,2.0,7.0
376,23.0,11.0,1.0,11.0,5.0,20.0,20.0,6.0,13.0
377,28.0,19.0,7.0,28.0,2.0,18.0,35.0,4.0,18.0
378,24.0,12.0,13.0,22.0,9.0,27.0,33.0,9.0,17.0
379,24.0,12.0,5.0,11.0,3.0,13.0,20.0,8.0,6.0
380,20.0,4.0,6.0,19.0,1.0,33.0,18.0,6.0,2.0
381,21.0,10.0,8.0,13.0,5.0,18.0,24.0,4.0,8.0
382,34.0,7.0,2.0,8.0,4.0,19.0,19.0,8.0,6.0
383,27.0,10.0,7.0,21.0,3.0,26.0,25.0,6.0,7.0
384,22.0,9.0,4.0,13.0,5.0,26.0,16.0,7.0,13.0
385,17.0,12.0,8.0,16.0,6.0,24.0,28.0,3.0,10.0
386,25.0,8.0,0.0,24.0,4.0,23.0,20.0,7.0,11.0
387,17.0,11.0,6.0,15.0,4.0,19.0,15.0,11.0,14.0
388,22.0,8.0,5.0,22.0,1.0,19.0,21.0,6.0,16.0
389,17.0,13.0,7.0,19.0,1.0,23.0,24.0,8.0,15.0
390,23.0,6.0,7.0,16.0,4.0,27.0,19.0,7.0,11.0
391,24.0,10.0,9.0,17.0,8.0,34.0,15.0,7.0,9.0
392,31.0,9.0,7.0,9.0,5.0,16.0,25.0,5.0,4.0
393,18.0,13.0,4.0,13.0,3.0,16.0,19.0,5.0,8.0
394,20.0,14.0,4.0,16.0,3.0,17.0,20.0,7.0,7.0
395,21.0,11.0,5.0,9.0,4.0,18.0,30.0,8.0,9.0
396,15.0,11.0,9.0,10.0,7.0,18.0,19.0,2.0,7.0
397,21.0,5.0,14.0,22.0,8.0,17.0,21.0,5.0,9.0
398,28.0,8.0,7.0,28.0,5.0,21.0,19.0,1.0,13.0
399,30.0,10.0,9.0,24.0,1.0,32.0,27.0,5.0,7.0
400,22.0,10.0,4.0,10.0,3.0,22.0,29.0,8.0,16.0
401,29.0,10.0,4.0,18.0,4.0,20.0,25.0,5.0,8.0
402,18.0,13.0,7.0,17.0,6.0,22.0,19.0,6.0,4.0
403,24.0,13.0,10.0,21.0,5.0,21.0,30.0,8.0,6.0
404,37.0,7.0,6.0,12.0,4.0,17.0,25.0,5.0,6.0
405,22.0,10.0,7.0,9.0,7.0,21.0,19.0,5.0,9.0
406,27.0,15.0,6.0,11.0,1.0,28.0,20.0,6.0,8.0
407,25.0,8.0,5.0,18.0,5.0,24.0,21.0,8.0,15.0
408,27.0,6.0,6.0,14.0,6.0,22.0,17.0,5.0,12.0
409,16.0,8.0,3.0,14.0,4.0,26.0,20.0,7.0,12.0
410,25.0,14.0,3.0,16.0,2.0,21.0,18.0,5.0,12.0
411,24.0,8.0,8.0,18.0,2.0,22.0,21.0,9.0,10.0
412,14.0,6.0,9.0,15.0,6.0,31.0,30.0,10.0,9.0
413,27.0,13.0,9.0,19.0,6.0,19.0,27.0,1.0,12.0
414,19.0,11.0,6.0,15.0,4.0,21.0,31.0,3.0,12.0
415,26.0,4.0,3.0,11.0,2.0,20.0,20.0,5.0,10.0
416,21.0,12.0,4.0,16.0,1.0,18.0,27.0,5.0,11.0
417,16.0,8.0,8.0,21.0,5.0,27.0,17.0,6.0,12.0
418,21.0,11.0,7.0,18.0,2.0,25.0,27.0,4.0,8.0
419,25.0,11.0,8.0,16.0,4.0,19.0,23.0,3.0,13.0
420,26.0,8.0,4.0,13.0,3.0,14.0,27.0,7.0,13.0
421,20.0,10.0,6.0,13.0,6.0,16.0,26.0,6.0,8.0
422,19.0,8.0,5.0,18.0,7.0,26.0,25.0,6.0,7.0
423,20.0,7.0,4.0,11.0,3.0,21.0,20.0,8.0,11.0
424,21.0,11.0,6.0,10.0,3.0,16.0,34.0,4.0,9.0
425,20.0,8.0,4.0,14.0,2.0,19.0,27.0,3.0,12.0
426,12.0,5.0,6.0,15.0,10.0,23.0,28.0,4.0,8.0
427,26.0,6.0,6.0,15.0,5.0,17.0,27.0,6.0,14.0
428,17.0,4.0,3.0,17.0,0.0,27.0,24.0,10.0,13.0
429,24.0,4.0,7.0,20.0,3.0,34.0,16.0,3.0,7.0
430,21.0,10.0,5.0,16.0,3.0,22.0,18.0,4.0,10.0
431,21.0,3.0,2.0,15.0,7.0,25.0,24.0,4.0,3.0
432,18.0,8.0,7.0,16.0,6.0,21.0,31.0,5.0,6.0
433,16.0,8.0,4.0,14.0,7.0,22.0,17.0,9.0,15.0
434,22.0,8.0,6.0,17.0,6.0,23.0,27.0,3.0,9.0
435,21.0,8.0,5.0,11.0,1.0,13.0,32.0,5.0,11.0
436,27.0,6.0,5.0,12.0,2.0,24.0,18.0,14.0,10.0
437,20.0,6.0,7.0,14.0,0.0,25.0,23.0,9.0,10.0
438,24.0,9.0,2.0,15.0,6.0,22.0,25.0,5.0,6.0
439,21.0,4.0,3.0,16.0,6.0,34.0,21.0,8.0,7.0
440,17.0,8.0,6.0,17.0,6.0,18.0,26.0,4.0,6.0
441,19.0,10.0,5.0,17.0,6.0,18.0,30.0,7.0,9.0
442,20.0,5.0,5.0,19.0,3.0,27.0,24.0,10.0,5.0
443,28.0,7.0,6.0,14.0,6.0,24.0,21.0,6.0,11.0
444,17.0,10.0,7.0,23.0,4.0,25.0,23.0,4.0,6.0
445,16.0,7.0,1.0,21.0,2.0,30.0,18.0,5.0,10.0
446,25.0,7.0,3.0,14.0,3.0,19.0,16.0,7.0,7.0
447,23.0,9.0,7.0,12.0,4.0,17.0,20.0,3.0,1.0
448,25.0,11.0,6.0,15.0,3.0,27.0,20.0,6.0,5.0
449,22.0,13.0,6.0,10.0,6.0,18.0,32.0,3.0,13.0
450,25.0,28.0,6.0,19.0,4.0,30.0,23.0,9.0,10.0
451,21.0,8.0,5.0,20.0,6.0,19.0,21.0,7.0,3.0
452,18.0,13.0,8.0,12.0,3.0,21.0,28.0,4.0,5.0
453,16.0,9.0,7.0,22.0,5.0,26.0,22.0,4.0,6.0
454,19.0,5.0,1.0,10.0,1.0,32.0,31.0,8.0,12.0
455,19.0,8.0,2.0,16.0,2.0,25.0,28.0,3.0,10.0
456,20.0,6.0,2.0,13.0,4.0,23.0,27.0,4.0,13.0
457,17.0,10.0,2.0,11.0,5.0,17.0,20.0,5.0,6.0
458,17.0,8.0,2.0,10.0,4.0,25.0,28.0,2.0,14.0
459,16.0,11.0,1.0,11.0,4.0,21.0,23.0,7.0,6.0
460,11.0,4.0,4.0,12.0,5.0,25.0,25.0,6.0,4.0
461,15.0,10.0,0.0,11.0,3.0,28.0,32.0,7.0,10.0
462,32.0,7.0,7.0,23.0,3.0,24.0,18.0,4.0,12.0
463,22.0,8.0,7.0,11.0,4.0,24.0,20.0,5.0,4.0
464,22.0,8.0,4.0,15.0,4.0,19.0,21.0,2.0,5.0
465,31.0,8.0,7.0,5.0,2.0,28.0,24.0,4.0,9.0
466,26.0,9.0,5.0,12.0,5.0,24.0,27.0,7.0,10.0
467,28.0,4.0,7.0,18.0,6.0,15.0,15.0,10.0,6.0
468,17.0,5.0,4.0,13.0,0.0,26.0,24.0,5.0,7.0
469,21.0,12.0,6.0,14.0,4.0,17.0,14.0,7.0,10.0
470,22.0,8.0,5.0,17.0,3.0,14.0,22.0,3.0,9.0
471,19.0,15.0,8.0,23.0,4.0,25.0,18.0,1.0,6.0
472,29.0,5.0,2.0,15.0,1.0,22.0,26.0,5.0,8.0
473,21.0,6.0,6.0,15.0,4.0,23.0,23.0,7.0,10.0
474,24.0,7.0,5.0,13.0,9.0,17.0,26.0,8.0,10.0
475,22.0,7.0,7.0,13.0,5.0,22.0,22.0,4.0,6.0
476,21.0,7.0,1.0,13.0,4.0,23.0,23.0,8.0,9.0
477,24.0,6.0,7.0,17.0,5.0,21.0,18.0,3.0,9.0
478,25.0,6.0,2.0,10.0,5.0,31.0,19.0,5.0,11.0
479,23.0,8.0,3.0,7.0,4.0,18.0,23.0,6.0,10.0
480,36.0,4.0,3.0,15.0,3.0,28.0,19.0,5.0,14.0
481,27.0,6.0,2.0,13.0,7.0,24.0,19.0,5.0,8.0
482,26.0,8.0,9.0,10.0,3.0,25.0,21.0,7.0,6.0
483,25.0,13.0,7.0,10.0,6.0,21.0,29.0,4.0,7.0
484,15.0,5.0,4.0,15.0,2.0,22.0,18.0,6.0,1.0
485,21.0,5.0,3.0,18.0,4.0,23.0,22.0,7.0,7.0
486,20.0,11.0,7.0,11.0,4.0,26.0,14.0,7.0,14.0
487,30.0,12.0,5.0,12.0,9.0,24.0,21.0,7.0,4.0
488,20.0,12.0,2.0,17.0,5.0,22.0,25.0,2.0,11.0
489,19.0,4.0,6.0,20.0,4.0,22.0,20.0,4.0,8.0
490,26.0,8.0,3.0,12.0,6.0,25.0,26.0,4.0,8.0
491,25.0,7.0,5.0,15.0,9.0,24.0,26.0,14.0,8.0
492,18.0,9.0,14.0,13.0,3.0,23.0,18.0,9.0,14.0
493,25.0,2.0,10.0,12.0,3.0,27.0,28.0,5.0,8.0
494,20.0,12.0,7.0,8.0,5.0,17.0,9.0,8.0,7.0
495,20.0,8.0,10.0,7.0,2.0,22.0,20.0,3.0,9.0
496,28.0,8.0,3.0,12.0,7.0,15.0,20.0,4.0,13.0
497,26.0,5.0,3.0,17.0,2.0,13.0,23.0,8.0,14.0
498,23.0,8.0,7.0,16.0,4.0,22.0,26.0,7.0,10.0
499,14.0,12.0,3.0,23.0,9.0,27.0,14.0,7.0,13.0
500,31.0,12.0,4.0,12.0,4.0,21.0,22.0,5.0,4.0
501,24.0,11.0,7.0,8.0,5.0,26.0,10.0,8.0,12.0
502,24.0,7.0,4.0,10.0,0.0,25.0,24.0,7.0,17.0
503,23.0,9.0,5.0,15.0,7.0,22.0,17.0,8.0,9.0
504,30.0,11.0,2.0,13.0,3.0,20.0,17.0,11.0,16.0
505,25.0,5.0,5.0,12.0,3.0,22.0,12.0,7.0,8.0
506,18.0,12.0,7.0,13.0,2.0,28.0,23.0,8.0,3.0
507,25.0,4.0,6.0,11.0,2.0,23.0,25.0,6.0,7.0
508,12.0,8.0,6.0,15.0,2.0,13.0,26.0,7.0,10.0
509,24.0,10.0,2.0,11.0,4.0,24.0,13.0,4.0,4.0
510,24.0,7.0,2.0,13.0,6.0,32.0,17.0,6.0,8.0
511,22.0,6.0,2.0,13.0,1.0,20.0,19.0,7.0,8.0
512,20.0,8.0,3.0,16.0,3.0,19.0,18.0,4.0,5.0
513,15.0,6.0,3.0,13.0,6.0,20.0,9.0,7.0,2.0
514,12.0,6.0,6.0,6.0,3.0,19.0,28.0,5.0,7.0
515,25.0,9.0,5.0,16.0,5.0,22.0,14.0,11.0,5.0
516,13.0,10.0,2.0,15.0,5.0,19.0,21.0,6.0,5.0
517,23.0,6.0,1.0,13.0,3.0,21.0,14.0,10.0,8.0
518,24.0,5.0,8.0,8.0,2.0,25.0,19.0,5.0,7.0
519,22.0,9.0,5.0,13.0,2.0,22.0,18.0,8.0,3.0
520,20.0,9.0,4.0,12.0,2.0,22.0,19.0,9.0,7.0
521,25.0,13.0,7.0,7.0,4.0,13.0,24.0,9.0,12.0
522,28.0,10.0,3.0,12.0,6.0,20.0,24.0,9.0,7.0
523,14.0,7.0,6.0,11.0,4.0,15.0,17.0,2.0,10.0
524,21.0,7.0,3.0,16.0,1.0,24.0,17.0,2.0,9.0
525,17.0,6.0,4.0,15.0,4.0,22.0,18.0,4.0,5.0
526,18.0,3.0,5.0,10.0,3.0,22.0,22.0,1.0,7.0
527,22.0,10.0,6.0,16.0,5.0,24.0,19.0,5.0,13.0
528,13.0,8.0,5.0,14.0,6.0,25.0,26.0,4.0,5.0
529,22.0,6.0,7.0,11.0,3.0,18.0,24.0,5.0,9.0
530,21.0,8.0,3.0,10.0,4.0,17.0,14.0,8.0,9.0
531,23.0,5.0,5.0,13.0,3.0,24.0,19.0,5.0,7.0
532,27.0,7.0,3.0,13.0,1.0,24.0,14.0,4.0,8.0
533,20.0,6.0,2.0,13.0,3.0,12.0,15.0,7.0,6.0
534,19.0,10.0,9.0,12.0,2.0,21.0,20.0,6.0,6.0
535,26.0,6.0,4.0,15.0,5.0,24.0,17.0,6.0,10.0
536,22.0,9.0,10.0,8.0,3.0,27.0,23.0,3.0,5.0
537,27.0,7.0,6.0,16.0,1.0,33.0,16.0,2.0,10.0
538,21.0,10.0,4.0,10.0,2.0,21.0,18.0,4.0,4.0
539,17.0,2.0,4.0,16.0,6.0,29.0,22.0,10.0,11.0
540,24.0,8.0,5.0,13.0,8.0,16.0,23.0,5.0,7.0
541,23.0,12.0,5.0,13.0,1.0,14.0,24.0,6.0,7.0
542,16.0,7.0,4.0,6.0,2.0,16.0,19.0,6.0,7.0
543,19.0,4.0,3.0,6.0,2.0,21.0,21.0,4.0,6.0
544,19.0,8.0,5.0,10.0,3.0,23.0,17.0,3.0,11.0
545,18.0,8.0,6.0,18.0,4.0,23.0,19.0,6.0,9.0
546,22.0,20.0,5.0,7.0,6.0,19.0,24.0,6.0,9.0
547,22.0,25.0,8.0,16.0,1.0,27.0,22.0,4.0,8.0
548,25.0,6.0,3.0,17.0,3.0,12.0,24.0,3.0,3.0
549,22.0,3.0,6.0,6.0,1.0,25.0,22.0,7.0,8.0
550,9.0,10.0,3.0,17.0,1.0,27.0,20.0,5.0,14.0
551,17.0,3.0,6.0,16.0,6.0,20.0,21.0,8.0,6.0
552,17.0,12.0,6.0,15.0,3.0,14.0,17.0,10.0,10.0
553,27.0,6.0,8.0,17.0,3.0,14.0,18.0,4.0,11.0
554,17.0,10.0,3.0,10.0,4.0,20.0,20.0,3.0,1.0
555,24.0,5.0,2.0,10.0,2.0,22.0,29.0,9.0,6.0
556,15.0,4.0,5.0,16.0,4.0,20.0,18.0,4.0,4.0
557,21.0,3.0,9.0,11.0,2.0,23.0,18.0,5.0,3.0
558,12.0,7.0,4.0,10.0,4.0,19.0,12.0,2.0,8.0
559,23.0,3.0,3.0,9.0,4.0,21.0,19.0,6.0,7.0
560,28.0,11.0,4.0,11.0,3.0,25.0,18.0,7.0,10.0
561,19.0,7.0,3.0,14.0,3.0,17.0,15.0,9.0,9.0
562,25.0,14.0,4.0,13.0,4.0,30.0,24.0,6.0,5.0
563,23.0,10.0,1.0,11.0,3.0,28.0,20.0,3.0,9.0
564,13.0,7.0,6.0,16.0,4.0,21.0,22.0,2.0,8.0
565,14.0,10.0,7.0,9.0,2.0,19.0,19.0,5.0,5.0
566,21.0,3.0,2.0,10.0,7.0,19.0,10.0,5.0,5.0
567,13.0,8.0,6.0,14.0,7.0,14.0,12.0,4.0,4.0
568,24.0,6.0,4.0,21.0,2.0,21.0,27.0,1.0,15.0
569,19.0,1.0,2.0,10.0,3.0,33.0,16.0,4.0,5.0
570,16.0,8.0,2.0,11.0,4.0,25.0,22.0,4.0,8.0
571,21.0,5.0,7.0,14.0,8.0,24.0,17.0,4.0,8.0
572,10.0,10.0,2.0,13.0,1.0,24.0,11.0,5.0,9.0
573,14.0,5.0,12.0,13.0,0.0,10.0,9.0,3.0,8.0
574,22.0,6.0,1.0,15.0,1.0,15.0,21.0,4.0,5.0
575,24.0,6.0,3.0,6.0,5.0,28.0,27.0,6.0,3.0
576,18.0,7.0,2.0,14.0,1.0,20.0,16.0,10.0,9.0
577,20.0,5.0,2.0,16.0,4.0,20.0,17.0,4.0,5.0
578,13.0,6.0,3.0,15.0,3.0,22.0,12.0,5.0,5.0
579,12.0,9.0,8.0,10.0,4.0,19.0,23.0,4.0,11.0
580,19.0,8.0,3.0,13.0,4.0,27.0,23.0,4.0,4.0
581,18.0,6.0,5.0,11.0,5.0,23.0,24.0,5.0,4.0
582,20.0,12.0,5.0,6.0,6.0,22.0,19.0,4.0,8.0
583,21.0,7.0,4.0,15.0,4.0,31.0,23.0,5.0,6.0
584,16.0,6.0,2.0,15.0,3.0,14.0,11.0,3.0,6.0
585,19.0,7.0,3.0,15.0,5.0,17.0,21.0,7.0,9.0
586,24.0,7.0,5.0,9.0,0.0,20.0,16.0,6.0,4.0
587,20.0,8.0,0.0,13.0,5.0,17.0,26.0,6.0,6.0
588,20.0,9.0,3.0,13.0,3.0,28.0,21.0,3.0,3.0
589,13.0,1.0,7.0,10.0,2.0,22.0,26.0,5.0,11.0
590,12.0,11.0,3.0,15.0,8.0,14.0,25.0,7.0,7.0
591,16.0,6.0,4.0,15.0,2.0,26.0,16.0,3.0,5.0
592,21.0,3.0,5.0,14.0,4.0,31.0,19.0,2.0,9.0
593,21.0,8.0,1.0,11.0,4.0,18.0,16.0,7.0,2.0
594,16.0,5.0,6.0,13.0,2.0,29.0,12.0,2.0,6.0
595,18.0,8.0,7.0,14.0,4.0,23.0,9.0,1.0,5.0
596,22.0,7.0,5.0,16.0,5.0,23.0,13.0,5.0,8.0
597,20.0,5.0,4.0,8.0,4.0,26.0,14.0,6.0,7.0
598,13.0,5.0,4.0,13.0,6.0,23.0,13.0,5.0,8.0
599,20.0,6.0,9.0,15.0,2.0,22.0,24.0,7.0,11.0
600,27.0,3.0,4.0,11.0,2.0,22.0,16.0,7.0,6.0
601,18.0,5.0,3.0,13.0,2.0,23.0,16.0,5.0,5.0
602,22.0,2.0,5.0,9.0,2.0,24.0,18.0,4.0,8.0
603,15.0,6.0,4.0,7.0,0.0,21.0,25.0,3.0,4.0
604,19.0,7.0,5.0,14.0,1.0,21.0,19.0,4.0,2.0
605,23.0,2.0,8.0,7.0,2.0,22.0,18.0,6.0,5.0
606,21.0,10.0,5.0,19.0,7.0,20.0,22.0,8.0,6.0
607,16.0,8.0,6.0,13.0,5.0,17.0,19.0,3.0,7.0
608,22.0,3.0,5.0,15.0,6.0,14.0,27.0,6.0,8.0
609,27.0,4.0,4.0,11.0,2.0,15.0,22.0,1.0,6.0
610,19.0,4.0,4.0,4.0,3.0,25.0,13.0,4.0,4.0
611,16.0,9.0,6.0,11.0,7.0,25.0,18.0,9.0,5.0
612,15.0,10.0,8.0,10.0,5.0,19.0,22.0,5.0,8.0
613,15.0,4.0,5.0,7.0,3.0,21.0,20.0,6.0,6.0
614,27.0,6.0,5.0,19.0,5.0,16.0,13.0,6.0,8.0
615,12.0,10.0,9.0,14.0,5.0,18.0,21.0,2.0,4.0
616,22.0,2.0,3.0,17.0,7.0,8.0,15.0,2.0,6.0
617,18.0,10.0,3.0,9.0,3.0,19.0,20.0,6.0,5.0
618,19.0,9.0,2.0,12.0,3.0,17.0,21.0,3.0,6.0
619,18.0,7.0,6.0,14.0,2.0,23.0,22.0,9.0,7.0
620,17.0,3.0,4.0,16.0,1.0,22.0,21.0,7.0,9.0
621,15.0,4.0,6.0,7.0,5.0,20.0,19.0,3.0,5.0
622,14.0,12.0,5.0,17.0,4.0,20.0,18.0,5.0,8.0
623,18.0,6.0,8.0,19.0,7.0,22.0,14.0,1.0,4.0
624,20.0,3.0,0.0,9.0,2.0,21.0,15.0,1.0,12.0
625,19.0,8.0,3.0,9.0,6.0,18.0,18.0,7.0,2.0
626,23.0,3.0,2.0,12.0,0.0,16.0,19.0,7.0,7.0
627,14.0,3.0,6.0,10.0,4.0,20.0,21.0,5.0,7.0
628,27.0,5.0,7.0,11.0,2.0,37.0,20.0,5.0,4.0
629,34.0,8.0,5.0,11.0,2.0,12.0,15.0,4.0,5.0
630,25.0,5.0,8.0,17.0,1.0,30.0,22.0,5.0,6.0
631,24.0,2.0,5.0,10.0,3.0,27.0,16.0,4.0,9.0
632,13.0,6.0,5.0,11.0,7.0,22.0,26.0,7.0,5.0
633,16.0,9.0,4.0,10.0,7.0,18.0,15.0,2.0,7.0
634,22.0,8.0,2.0,11.0,3.0,17.0,26.0,2.0,1.0
635,20.0,3.0,7.0,12.0,5.0,17.0,26.0,4.0,4.0
636,25.0,8.0,3.0,10.0,3.0,24.0,26.0,4.0,6.0
637,23.0,7.0,5.0,12.0,2.0,20.0,14.0,8.0,6.0
638,19.0,5.0,6.0,10.0,4.0,18.0,19.0,10.0,6.0
639,25.0,1.0,11.0,9.0,5.0,20.0,16.0,10.0,5.0
640,18.0,7.0,4.0,10.0,2.0,17.0,19.0,7.0,7.0
641,18.0,9.0,8.0,13.0,2.0,17.0,22.0,2.0,4.0
642,21.0,9.0,5.0,9.0,3.0,18.0,20.0,5.0,9.0
643,19.0,4.0,5.0,14.0,3.0,27.0,16.0,5.0,10.0
644,20.0,10.0,8.0,14.0,1.0,20.0,16.0,10.0,10.0
645,20.0,4.0,3.0,13.0,6.0,22.0,13.0,4.0,2.0
646,17.0,5.0,4.0,9.0,3.0,26.0,20.0,6.0,4.0
647,18.0,9.0,8.0,11.0,2.0,18.0,22.0,5.0,5.0
648,25.0,2.0,5.0,16.0,3.0,17.0,20.0,2.0,12.0
649,21.0,6.0,2.0,9.0,2.0,22.0,27.0,5.0,8.0
650,20.0,6.0,4.0,12.0,6.0,14.0,25.0,2.0,6.0
651,25.0,3.0,5.0,15.0,3.0,26.0,19.0,8.0,4.0
652,18.0,2.0,2.0,12.0,2.0,14.0,21.0,2.0,7.0
653,15.0,12.0,1.0,15.0,2.0,19.0,15.0,8.0,3.0
654,24.0,6.0,2.0,13.0,3.0,16.0,21.0,8.0,3.0
655,20.0,8.0,9.0,11.0,5.0,25.0,18.0,4.0,9.0
656,18.0,8.0,4.0,9.0,2.0,23.0,18.0,2.0,4.0
657,18.0,7.0,2.0,17.0,2.0,22.0,16.0,4.0,4.0
658,23.0,4.0,3.0,7.0,2.0,27.0,29.0,8.0,8.0
659,11.0,9.0,4.0,11.0,4.0,9.0,16.0,1.0,4.0
660,11.0,6.0,2.0,6.0,2.0,26.0,13.0,3.0,5.0
661,21.0,5.0,5.0,9.0,1.0,14.0,9.0,3.0,12.0
662,21.0,13.0,3.0,21.0,4.0,17.0,18.0,6.0,6.0
663,17.0,6.0,6.0,18.0,4.0,29.0,26.0,11.0,6.0
664,19.0,13.0,5.0,17.0,3.0,21.0,15.0,5.0,4.0
665,20.0,11.0,3.0,10.0,2.0,11.0,27.0,4.0,5.0
666,17.0,7.0,3.0,13.0,1.0,28.0,21.0,11.0,4.0
667,16.0,8.0,3.0,12.0,6.0,22.0,15.0,6.0,5.0
668,20.0,3.0,2.0,14.0,4.0,14.0,21.0,3.0,4.0
669,14.0,4.0,4.0,4.0,3.0,17.0,15.0,8.0,10.0
670,17.0,8.0,3.0,7.0,1.0,25.0,22.0,7.0,6.0
671,19.0,5.0,5.0,11.0,3.0,23.0,19.0,3.0,3.0
672,20.0,14.0,4.0,7.0,2.0,19.0,23.0,5.0,8.0
673,13.0,3.0,4.0,16.0,2.0,19.0,19.0,2.0,5.0
674,20.0,10.0,1.0,6.0,5.0,27.0,11.0,6.0,7.0
675,22.0,8.0,7.0,6.0,2.0,29.0,22.0,3.0,4.0
676,22.0,2.0,4.0,6.0,0.0,26.0,26.0,4.0,8.0
677,11.0,4.0,3.0,14.0,1.0,24.0,24.0,1.0,8.0
678,12.0,5.0,2.0,14.0,2.0,30.0,21.0,3.0,8.0
679,17.0,5.0,6.0,8.0,2.0,29.0,20.0,7.0,4.0
680,24.0,4.0,2.0,10.0,2.0,25.0,26.0,4.0,4.0
681,28.0,6.0,6.0,10.0,4.0,22.0,17.0,7.0,9.0
682,22.0,6.0,3.0,6.0,2.0,18.0,19.0,2.0,5.0
683,21.0,4.0,7.0,16.0,2.0,22.0,19.0,2.0,10.0
684,16.0,5.0,2.0,11.0,6.0,19.0,17.0,4.0,3.0
685,34.0,8.0,5.0,15.0,2.0,33.0,37.0,9.0,10.0
686,13.0,6.0,5.0,11.0,2.0,25.0,17.0,6.0,3.0
687,19.0,12.0,5.0,13.0,3.0,28.0,23.0,1.0,8.0
688,17.0,8.0,8.0,12.0,2.0,17.0,19.0,6.0,8.0
689,19.0,5.0,4.0,12.0,3.0,28.0,11.0,4.0,7.0
690,23.0,4.0,9.0,6.0,2.0,18.0,16.0,3.0,4.0
691,18.0,9.0,4.0,8.0,2.0,29.0,17.0,6.0,5.0
692,15.0,11.0,2.0,11.0,0.0,27.0,16.0,6.0,3.0
693,19.0,6.0,7.0,13.0,5.0,21.0,16.0,7.0,6.0
694,14.0,6.0,4.0,6.0,2.0,20.0,19.0,5.0,4.0
695,25.0,6.0,4.0,9.0,4.0,21.0,23.0,6.0,2.0
696,10.0,6.0,5.0,15.0,4.0,17.0,8.0,2.0,14.0
697,25.0,6.0,3.0,8.0,1.0,25.0,25.0,8.0,8.0
698,13.0,4.0,5.0,16.0,1.0,21.0,25.0,7.0,6.0
699,17.0,4.0,4.0,5.0,6.0,31.0,24.0,8.0,5.0
700,20.0,8.0,4.0,15.0,4.0,26.0,19.0,5.0,7.0
701,20.0,5.0,3.0,11.0,3.0,27.0,19.0,4.0,8.0
702,28.0,9.0,8.0,13.0,2.0,26.0,17.0,6.0,6.0
703,23.0,4.0,5.0,15.0,3.0,26.0,17.0,6.0,9.0
704,14.0,8.0,5.0,7.0,5.0,21.0,18.0,3.0,5.0
705,20.0,11.0,2.0,6.0,4.0,19.0,22.0,5.0,5.0
706,22.0,9.0,3.0,12.0,5.0,26.0,18.0,3.0,9.0
707,19.0,4.0,2.0,13.0,3.0,25.0,17.0,7.0,8.0
708,13.0,4.0,2.0,8.0,3.0,17.0,17.0,3.0,13.0
709,16.0,5.0,7.0,11.0,1.0,20.0,20.0,6.0,4.0
710,20.0,11.0,11.0,11.0,5.0,13.0,21.0,5.0,7.0
711,26.0,3.0,5.0,8.0,7.0,26.0,18.0,8.0,3.0
712,18.0,1.0,4.0,14.0,2.0,17.0,19.0,4.0,7.0
713,22.0,2.0,7.0,14.0,1.0,20.0,21.0,3.0,4.0
714,19.0,6.0,6.0,8.0,6.0,25.0,15.0,2.0,6.0
715,13.0,3.0,3.0,12.0,5.0,17.0,20.0,2.0,8.0
716,24.0,7.0,5.0,16.0,5.0,21.0,27.0,3.0,11.0
717,30.0,7.0,2.0,14.0,8.0,24.0,8.0,5.0,8.0
718,14.0,5.0,2.0,7.0,2.0,17.0,12.0,4.0,5.0
719,31.0,6.0,6.0,17.0,5.0,24.0,25.0,3.0,6.0
720,14.0,5.0,3.0,11.0,4.0,28.0,15.0,4.0,7.0
721,17.0,7.0,5.0,13.0,4.0,21.0,17.0,5.0,4.0
722,22.0,3.0,4.0,10.0,3.0,18.0,19.0,3.0,8.0
723,14.0,4.0,4.0,14.0,1.0,16.0,15.0,5.0,5.0
724,18.0,6.0,4.0,11.0,3.0,18.0,17.0,8.0,4.0
725,25.0,4.0,3.0,11.0,2.0,27.0,15.0,6.0,7.0
726,16.0,10.0,3.0,7.0,4.0,20.0,14.0,3.0,7.0
727,10.0,6.0,3.0,10.0,3.0,15.0,17.0,3.0,5.0
728,11.0,1.0,6.0,8.0,7.0,27.0,20.0,3.0,3.0
729,11.0,9.0,2.0,13.0,3.0,27.0,19.0,4.0,6.0
730,21.0,5.0,5.0,14.0,4.0,18.0,16.0,4.0,4.0
731,21.0,8.0,2.0,7.0,0.0,26.0,22.0,5.0,9.0
732,14.0,4.0,1.0,11.0,5.0,20.0,24.0,3.0,5.0
733,18.0,7.0,5.0,9.0,4.0,20.0,15.0,4.0,6.0
734,20.0,9.0,5.0,8.0,4.0,20.0,24.0,5.0,8.0
735,23.0,5.0,7.0,8.0,4.0,17.0,15.0,7.0,7.0
736,16.0,7.0,5.0,11.0,2.0,15.0,15.0,8.0,8.0
737,14.0,4.0,3.0,8.0,1.0,17.0,23.0,4.0,3.0
738,20.0,9.0,6.0,10.0,1.0,16.0,22.0,7.0,9.0
739,21.0,3.0,5.0,13.0,5.0,19.0,26.0,7.0,6.0
740,23.0,6.0,6.0,15.0,3.0,16.0,21.0,9.0,6.0
741,16.0,5.0,1.0,9.0,2.0,15.0,16.0,6.0,6.0
742,13.0,7.0,2.0,8.0,6.0,16.0,9.0,8.0,8.0
743,18.0,4.0,3.0,11.0,2.0,18.0,28.0,6.0,10.0
744,14.0,10.0,4.0,14.0,6.0,20.0,16.0,6.0,5.0
745,9.0,4.0,3.0,13.0,3.0,14.0,28.0,4.0,6.0
746,15.0,4.0,3.0,6.0,3.0,17.0,16.0,5.0,7.0
747,22.0,4.0,4.0,10.0,3.0,14.0,18.0,5.0,9.0
748,13.0,6.0,6.0,8.0,3.0,31.0,14.0,4.0,5.0
749,18.0,4.0,5.0,10.0,4.0,19.0,19.0,2.0,9.0
750,9.0,6.0,5.0,12.0,1.0,21.0,19.0,4.0,2.0
751,11.0,5.0,4.0,12.0,2.0,14.0,22.0,4.0,4.0
752,15.0,4.0,2.0,10.0,0.0,26.0,8.0,2.0,7.0
753,8.0,8.0,5.0,6.0,3.0,23.0,18.0,9.0,6.0
754,9.0,4.0,4.0,9.0,2.0,13.0,18.0,3.0,4.0
755,13.0,7.0,4.0,8.0,6.0,11.0,9.0,5.0,3.0
756,18.0,8.0,3.0,14.0,7.0,19.0,26.0,4.0,5.0
757,13.0,4.0,5.0,9.0,3.0,24.0,20.0,5.0,9.0
758,15.0,3.0,7.0,6.0,1.0,13.0,18.0,5.0,3.0
759,19.0,5.0,3.0,10.0,4.0,20.0,18.0,3.0,6.0
760,11.0,4.0,4.0,17.0,3.0,20.0,13.0,6.0,6.0
761,12.0,7.0,6.0,8.0,8.0,27.0,22.0,6.0,10.0
762,9.0,12.0,6.0,8.0,2.0,24.0,18.0,5.0,6.0
763,16.0,3.0,4.0,15.0,0.0,23.0,22.0,4.0,8.0
764,11.0,7.0,5.0,11.0,2.0,20.0,20.0,3.0,9.0
765,23.0,3.0,6.0,16.0,3.0,24.0,19.0,6.0,4.0
766,18.0,9.0,5.0,15.0,3.0,25.0,21.0,5.0,4.0
767,12.0,5.0,4.0,13.0,2.0,21.0,16.0,3.0,5.0
768,17.0,6.0,5.0,8.0,4.0,17.0,14.0,5.0,5.0
769,26.0,3.0,3.0,13.0,2.0,22.0,20.0,8.0,5.0
770,15.0,3.0,3.0,10.0,4.0,24.0,22.0,1.0,4.0
771,16.0,6.0,6.0,12.0,3.0,18.0,27.0,5.0,4.0
772,15.0,8.0,2.0,9.0,4.0,15.0,12.0,7.0,7.0
773,14.0,7.0,4.0,12.0,3.0,27.0,23.0,5.0,5.0
774,16.0,9.0,2.0,13.0,1.0,21.0,14.0,6.0,7.0
775,14.0,9.0,2.0,11.0,4.0,26.0,11.0,8.0,7.0
776,16.0,11.0,5.0,11.0,5.0,19.0,29.0,9.0,10.0
777,20.0,9.0,3.0,10.0,4.0,15.0,14.0,5.0,10.0
778,14.0,6.0,3.0,12.0,3.0,22.0,19.0,9.0,8.0
779,11.0,9.0,6.0,15.0,4.0,25.0,12.0,5.0,3.0
780,17.0,7.0,2.0,16.0,2.0,26.0,12.0,5.0,4.0
781,21.0,5.0,2.0,8.0,4.0,14.0,15.0,5.0,9.0
782,21.0,7.0,0.0,11.0,9.0,18.0,16.0,5.0,4.0
783,13.0,1.0,3.0,12.0,3.0,17.0,14.0,2.0,9.0
784,12.0,11.0,3.0,12.0,2.0,25.0,19.0,4.0,6.0
785,18.0,5.0,2.0,12.0,7.0,27.0,15.0,6.0,4.0
786,16.0,2.0,5.0,10.0,5.0,20.0,20.0,6.0,6.0
787,18.0,2.0,1.0,11.0,4.0,21.0,16.0,4.0,3.0
788,11.0,8.0,3.0,10.0,4.0,22.0,16.0,7.0,9.0
789,18.0,10.0,4.0,12.0,4.0,22.0,22.0,5.0,4.0
790,21.0,9.0,2.0,11.0,3.0,20.0,20.0,4.0,6.0
791,13.0,8.0,2.0,11.0,1.0,19.0,16.0,1.0,8.0
792,23.0,2.0,2.0,19.0,1.0,29.0,33.0,10.0,12.0
793,21.0,8.0,4.0,13.0,5.0,19.0,23.0,13.0,5.0
794,17.0,7.0,4.0,17.0,5.0,21.0,14.0,4.0,12.0
795,13.0,5.0,1.0,16.0,3.0,29.0,21.0,7.0,7.0
796,17.0,13.0,4.0,15.0,2.0,27.0,17.0,6.0,7.0
797,18.0,4.0,7.0,10.0,2.0,18.0,25.0,4.0,5.0
798,17.0,8.0,8.0,9.0,7.0,22.0,28.0,7.0,11.0
799,20.0,10.0,5.0,7.0,3.0,18.0,21.0,5.0,6.0
800,16.0,8.0,7.0,6.0,5.0,21.0,23.0,5.0,7.0
801,11.0,9.0,4.0,8.0,5.0,17.0,9.0,4.0,11.0
802,15.0,9.0,6.0,18.0,1.0,22.0,20.0,8.0,5.0
803,4.0,4.0,9.0,10.0,1.0,18.0,23.0,2.0,5.0
804,11.0,6.0,13.0,12.0,2.0,26.0,26.0,6.0,4.0
805,15.0,5.0,7.0,11.0,2.0,19.0,17.0,5.0,7.0
806,15.0,8.0,4.0,5.0,5.0,16.0,19.0,4.0,8.0
807,14.0,5.0,11.0,13.0,1.0,19.0,20.0,11.0,7.0
808,18.0,4.0,3.0,10.0,5.0,17.0,14.0,6.0,5.0
809,18.0,6.0,11.0,14.0,3.0,20.0,25.0,3.0,7.0
810,10.0,9.0,7.0,12.0,3.0,19.0,19.0,9.0,7.0
811,18.0,5.0,8.0,9.0,4.0,25.0,21.0,3.0,15.0
812,11.0,4.0,3.0,16.0,5.0,16.0,10.0,4.0,10.0
813,17.0,5.0,9.0,11.0,2.0,15.0,8.0,8.0,6.0
814,17.0,5.0,4.0,13.0,5.0,30.0,23.0,5.0,10.0
815,12.0,10.0,9.0,11.0,2.0,18.0,15.0,5.0,6.0
816,10.0,2.0,3.0,15.0,4.0,20.0,20.0,6.0,2.0
817,22.0,8.0,5.0,10.0,5.0,21.0,15.0,5.0,9.0
818,19.0,6.0,9.0,13.0,4.0,16.0,25.0,1.0,14.0
819,19.0,4.0,6.0,11.0,7.0,20.0,21.0,3.0,7.0
820,15.0,9.0,7.0,17.0,2.0,21.0,19.0,7.0,7.0
821,23.0,3.0,4.0,15.0,3.0,13.0,21.0,4.0,3.0
822,21.0,5.0,6.0,10.0,4.0,17.0,22.0,5.0,7.0
823,20.0,7.0,5.0,12.0,2.0,17.0,19.0,5.0,3.0
824,24.0,8.0,6.0,5.0,7.0,21.0,18.0,9.0,8.0
825,16.0,4.0,7.0,16.0,5.0,17.0,25.0,1.0,7.0
826,22.0,6.0,3.0,10.0,5.0,26.0,23.0,8.0,10.0
827,18.0,5.0,0.0,19.0,4.0,30.0,19.0,6.0,8.0
828,21.0,9.0,5.0,8.0,9.0,26.0,22.0,7.0,7.0
829,15.0,15.0,2.0,10.0,5.0,28.0,14.0,3.0,9.0
830,19.0,7.0,6.0,13.0,1.0,23.0,17.0,5.0,6.0
831,29.0,10.0,3.0,13.0,7.0,20.0,14.0,1.0,8.0
832,18.0,10.0,10.0,9.0,4.0,19.0,10.0,6.0,7.0
833,32.0,13.0,3.0,14.0,2.0,16.0,13.0,4.0,5.0
834,19.0,5.0,3.0,13.0,1.0,19.0,21.0,5.0,5.0
835,22.0,6.0,8.0,15.0,6.0,11.0,16.0,2.0,11.0
836,23.0,5.0,6.0,13.0,1.0,22.0,20.0,6.0,8.0
837,23.0,9.0,3.0,9.0,2.0,21.0,14.0,7.0,7.0
838,21.0,9.0,9.0,10.0,2.0,20.0,21.0,2.0,5.0
839,20.0,10.0,3.0,14.0,2.0,19.0,16.0,7.0,3.0
840,21.0,9.0,7.0,14.0,2.0,24.0,25.0,4.0,3.0
841,20.0,6.0,6.0,14.0,3.0,22.0,29.0,6.0,7.0
842,18.0,7.0,8.0,14.0,1.0,19.0,22.0,4.0,7.0
843,23.0,7.0,8.0,14.0,3.0,23.0,24.0,9.0,8.0
844,17.0,9.0,8.0,9.0,6.0,21.0,29.0,5.0,4.0
845,24.0,10.0,4.0,7.0,2.0,27.0,15.0,5.0,12.0
846,23.0,3.0,8.0,17.0,3.0,18.0,17.0,5.0,5.0
847,15.0,4.0,4.0,7.0,4.0,25.0,31.0,5.0,13.0
848,19.0,7.0,10.0,10.0,4.0,23.0,15.0,6.0,6.0
849,19.0,8.0,8.0,9.0,0.0,25.0,20.0,6.0,6.0
850,14.0,6.0,6.0,13.0,2.0,17.0,24.0,3.0,2.0
851,27.0,4.0,6.0,10.0,4.0,23.0,16.0,4.0,3.0
852,13.0,8.0,14.0,17.0,5.0,21.0,34.0,3.0,8.0
853,18.0,6.0,1.0,11.0,1.0,20.0,17.0,4.0,4.0
854,16.0,7.0,2.0,8.0,0.0,23.0,8.0,1.0,5.0
855,20.0,5.0,4.0,10.0,3.0,13.0,12.0,2.0,15.0
856,7.0,8.0,4.0,13.0,6.0,24.0,24.0,4.0,6.0
857,14.0,6.0,4.0,13.0,6.0,19.0,11.0,4.0,5.0
858,13.0,6.0,3.0,8.0,5.0,21.0,20.0,4.0,10.0
859,16.0,4.0,1.0,10.0,1.0,21.0,15.0,4.0,7.0
860,10.0,8.0,0.0,8.0,3.0,17.0,23.0,5.0,6.0
861,19.0,8.0,2.0,11.0,1.0,20.0,17.0,6.0,5.0
862,22.0,6.0,4.0,17.0,5.0,17.0,23.0,7.0,6.0
863,17.0,8.0,3.0,14.0,4.0,12.0,29.0,5.0,7.0
864,21.0,7.0,2.0,9.0,3.0,21.0,19.0,3.0,12.0
865,20.0,5.0,3.0,9.0,3.0,31.0,22.0,6.0,4.0
866,22.0,6.0,5.0,17.0,2.0,20.0,16.0,5.0,6.0
867,16.0,10.0,4.0,16.0,2.0,31.0,14.0,5.0,8.0
868,20.0,9.0,4.0,13.0,4.0,18.0,27.0,3.0,5.0
869,16.0,9.0,3.0,12.0,4.0,23.0,23.0,5.0,3.0
870,9.0,2.0,3.0,13.0,5.0,14.0,16.0,8.0,13.0
871,14.0,11.0,5.0,9.0,2.0,18.0,25.0,9.0,12.0
872,15.0,7.0,3.0,11.0,6.0,22.0,23.0,7.0,11.0
873,20.0,9.0,6.0,12.0,4.0,15.0,19.0,8.0,8.0
874,12.0,6.0,3.0,15.0,3.0,31.0,24.0,8.0,4.0
875,20.0,11.0,6.0,8.0,5.0,25.0,26.0,6.0,10.0
876,14.0,13.0,1.0,14.0,4.0,30.0,13.0,5.0,9.0
877,18.0,6.0,5.0,15.0,1.0,14.0,15.0,7.0,6.0
878,14.0,13.0,2.0,12.0,5.0,18.0,22.0,6.0,6.0
879,13.0,7.0,4.0,9.0,1.0,26.0,16.0,7.0,8.0
880,15.0,6.0,5.0,12.0,2.0,29.0,13.0,1.0,6.0
881,15.0,8.0,2.0,12.0,4.0,31.0,20.0,7.0,6.0
882,13.0,6.0,4.0,12.0,2.0,19.0,14.0,7.0,10.0
883,19.0,12.0,2.0,7.0,7.0,23.0,20.0,6.0,9.0
884,19.0,13.0,5.0,19.0,3.0,15.0,17.0,5.0,12.0
885,20.0,5.0,0.0,13.0,1.0,17.0,13.0,3.0,14.0
886,13.0,6.0,5.0,10.0,2.0,16.0,17.0,3.0,1.0
887,24.0,11.0,5.0,17.0,7.0,21.0,25.0,3.0,9.0
888,11.0,3.0,6.0,13.0,3.0,20.0,10.0,1.0,1.0
889,20.0,5.0,3.0,18.0,1.0,24.0,22.0,5.0,4.0
890,22.0,11.0,4.0,13.0,1.0,20.0,17.0,4.0,4.0
891,14.0,8.0,6.0,16.0,2.0,28.0,17.0,7.0,9.0
892,19.0,8.0,6.0,8.0,3.0,28.0,24.0,7.0,6.0
893,26.0,5.0,4.0,14.0,3.0,20.0,15.0,7.0,9.0
894,14.0,6.0,3.0,7.0,1.0,21.0,13.0,7.0,11.0
895,14.0,8.0,5.0,13.0,1.0,25.0,13.0,1.0,8.0
896,23.0,3.0,4.0,11.0,3.0,27.0,21.0,4.0,5.0
897,12.0,9.0,2.0,13.0,3.0,18.0,18.0,3.0,10.0
898,23.0,8.0,6.0,11.0,2.0,15.0,22.0,9.0,12.0
899,16.0,6.0,5.0,14.0,3.0,26.0,15.0,5.0,8.0
900,14.0,13.0,1.0,11.0,3.0,17.0,15.0,5.0,6.0
901,18.0,10.0,4.0,16.0,3.0,22.0,13.0,5.0,11.0
902,21.0,9.0,6.0,13.0,2.0,31.0,22.0,4.0,11.0
903,15.0,7.0,6.0,11.0,4.0,15.0,6.0,5.0,11.0
904,13.0,8.0,2.0,14.0,4.0,18.0,21.0,5.0,6.0
905,14.0,11.0,4.0,7.0,4.0,20.0,30.0,5.0,9.0
906,21.0,7.0,2.0,7.0,2.0,15.0,13.0,5.0,8.0
907,16.0,10.0,3.0,8.0,4.0,23.0,19.0,7.0,8.0
908,15.0,9.0,4.0,7.0,3.0,14.0,24.0,3.0,7.0
909,14.0,6.0,4.0,10.0,2.0,20.0,16.0,11.0,5.0
910,8.0,6.0,4.0,15.0,6.0,17.0,17.0,2.0,12.0
911,8.0,7.0,1.0,13.0,5.0,19.0,10.0,7.0,6.0
912,15.0,8.0,8.0,16.0,3.0,23.0,16.0,11.0,13.0
913,15.0,7.0,6.0,11.0,3.0,22.0,15.0,6.0,3.0
914,16.0,8.0,4.0,10.0,2.0,18.0,14.0,7.0,7.0
915,15.0,7.0,7.0,19.0,1.0,16.0,11.0,2.0,8.0
916,9.0,6.0,5.0,12.0,3.0,21.0,21.0,7.0,9.0
917,12.0,10.0,5.0,11.0,6.0,16.0,15.0,4.0,7.0
918,15.0,3.0,5.0,10.0,3.0,16.0,23.0,7.0,6.0
919,18.0,4.0,1.0,14.0,3.0,23.0,14.0,3.0,9.0
920,12.0,8.0,5.0,15.0,5.0,21.0,18.0,2.0,9.0
921,16.0,7.0,4.0,13.0,7.0,22.0,16.0,7.0,8.0
922,11.0,8.0,7.0,9.0,3.0,29.0,13.0,1.0,7.0
923,13.0,5.0,7.0,10.0,2.0,28.0,16.0,6.0,7.0
924,13.0,3.0,11.0,11.0,4.0,18.0,18.0,2.0,6.0
925,9.0,11.0,4.0,4.0,1.0,21.0,18.0,5.0,5.0
926,7.0,4.0,5.0,13.0,2.0,19.0,11.0,8.0,5.0
927,15.0,4.0,4.0,20.0,4.0,19.0,12.0,7.0,10.0
928,14.0,8.0,5.0,6.0,2.0,21.0,9.0,1.0,7.0
929,15.0,5.0,4.0,11.0,2.0,17.0,18.0,4.0,15.0
930,24.0,6.0,2.0,13.0,4.0,22.0,23.0,3.0,9.0
931,14.0,10.0,6.0,17.0,8.0,17.0,21.0,6.0,5.0
932,18.0,8.0,4.0,15.0,5.0,21.0,15.0,6.0,12.0
933,12.0,9.0,5.0,12.0,1.0,8.0,15.0,5.0,9.0
934,13.0,8.0,5.0,16.0,6.0,37.0,14.0,7.0,10.0
935,16.0,10.0,4.0,8.0,4.0,16.0,13.0,5.0,7.0
936,18.0,10.0,9.0,15.0,7.0,19.0,26.0,6.0,6.0
937,18.0,11.0,4.0,5.0,3.0,27.0,13.0,9.0,8.0
938,14.0,14.0,7.0,14.0,6.0,20.0,17.0,6.0,5.0
939,14.0,9.0,6.0,11.0,4.0,24.0,19.0,7.0,10.0
940,16.0,6.0,5.0,8.0,5.0,13.0,19.0,9.0,4.0
941,11.0,8.0,8.0,18.0,8.0,16.0,18.0,6.0,13.0
942,11.0,7.0,10.0,19.0,3.0,17.0,17.0,4.0,12.0
943,18.0,6.0,6.0,13.0,1.0,27.0,24.0,6.0,10.0
944,12.0,6.0,2.0,18.0,3.0,19.0,16.0,3.0,4.0
945,9.0,8.0,3.0,14.0,7.0,21.0,17.0,7.0,5.0
946,20.0,8.0,6.0,14.0,3.0,23.0,26.0,3.0,4.0
947,16.0,11.0,2.0,9.0,1.0,25.0,27.0,4.0,7.0
948,16.0,7.0,0.0,9.0,5.0,21.0,16.0,6.0,7.0
949,17.0,11.0,6.0,7.0,4.0,26.0,20.0,4.0,6.0
950,12.0,9.0,2.0,15.0,0.0,14.0,17.0,2.0,5.0
951,11.0,3.0,7.0,9.0,3.0,18.0,25.0,4.0,3.0
952,11.0,10.0,5.0,13.0,0.0,20.0,27.0,9.0,7.0
953,16.0,11.0,9.0,20.0,1.0,24.0,26.0,5.0,4.0
954,20.0,14.0,6.0,16.0,1.0,14.0,20.0,1.0,9.0
955,20.0,9.0,3.0,12.0,2.0,23.0,9.0,3.0,5.0
956,12.0,7.0,7.0,12.0,3.0,20.0,27.0,4.0,8.0
957,14.0,7.0,2.0,10.0,3.0,22.0,16.0,6.0,4.0
958,13.0,11.0,6.0,9.0,5.0,22.0,14.0,5.0,7.0
959,20.0,8.0,5.0,9.0,1.0,18.0,23.0,6.0,8.0
960,13.0,8.0,7.0,12.0,4.0,23.0,19.0,5.0,0.0
961,22.0,10.0,8.0,17.0,5.0,18.0,14.0,3.0,8.0
962,10.0,4.0,3.0,20.0,2.0,21.0,16.0,5.0,8.0
963,11.0,14.0,4.0,16.0,4.0,20.0,19.0,3.0,10.0
964,12.0,8.0,4.0,18.0,2.0,16.0,20.0,5.0,6.0
965,16.0,9.0,6.0,15.0,1.0,18.0,19.0,8.0,4.0
966,16.0,7.0,7.0,17.0,4.0,14.0,27.0,5.0,9.0
967,13.0,13.0,1.0,18.0,2.0,18.0,23.0,5.0,6.0
968,16.0,9.0,6.0,14.0,3.0,14.0,23.0,7.0,5.0
969,16.0,3.0,3.0,9.0,6.0,25.0,13.0,3.0,5.0
970,14.0,11.0,5.0,9.0,0.0,27.0,17.0,2.0,5.0
971,16.0,5.0,1.0,7.0,3.0,18.0,17.0,5.0,9.0
972,13.0,7.0,6.0,19.0,3.0,25.0,18.0,6.0,9.0
973,12.0,8.0,5.0,12.0,5.0,14.0,26.0,4.0,6.0
974,14.0,6.0,4.0,15.0,1.0,17.0,26.0,7.0,1.0
975,22.0,3.0,8.0,17.0,0.0,21.0,16.0,0.0,6.0
976,10.0,6.0,8.0,8.0,2.0,21.0,20.0,3.0,4.0
977,23.0,4.0,15.0,16.0,3.0,16.0,11.0,6.0,7.0
978,18.0,7.0,6.0,9.0,0.0,17.0,20.0,3.0,5.0
979,17.0,9.0,5.0,11.0,3.0,21.0,15.0,3.0,7.0
980,10.0,7.0,5.0,11.0,1.0,16.0,23.0,5.0,3.0
981,16.0,11.0,4.0,12.0,6.0,18.0,24.0,6.0,5.0
982,16.0,8.0,5.0,17.0,0.0,21.0,20.0,2.0,9.0
983,11.0,5.0,7.0,15.0,5.0,18.0,13.0,3.0,13.0
984,9.0,5.0,10.0,8.0,2.0,14.0,16.0,4.0,4.0
985,15.0,11.0,1.0,16.0,2.0,13.0,22.0,1.0,8.0
986,13.0,5.0,4.0,11.0,4.0,19.0,21.0,4.0,7.0
987,14.0,8.0,2.0,13.0,4.0,23.0,27.0,8.0,7.0
988,16.0,5.0,4.0,17.0,2.0,17.0,21.0,7.0,9.0
989,14.0,6.0,3.0,11.0,1.0,15.0,21.0,5.0,6.0
990,20.0,8.0,4.0,13.0,4.0,14.0,19.0,4.0,9.0
991,9.0,10.0,2.0,10.0,4.0,29.0,10.0,9.0,6.0
992,15.0,7.0,3.0,16.0,5.0,19.0,21.0,8.0,9.0
993,15.0,9.0,3.0,19.0,3.0,25.0,21.0,7.0,1.0
994,10.0,8.0,7.0,14.0,1.0,22.0,15.0,4.0,7.0
995,6.0,3.0,6.0,11.0,2.0,27.0,20.0,2.0,5.0
996,16.0,7.0,6.0,18.0,4.0,14.0,15.0,4.0,13.0
997,13.0,8.0,7.0,12.0,5.0,25.0,21.0,10.0,5.0
998,9.0,6.0,3.0,8.0,4.0,22.0,16.0,2.0,4.0
999,25.0,9.0,6.0,14.0,3.0,14.0,16.0,2.0,10.0
