,sq,fcx,cop
0,-0.3376895314568529,0.0,0.3982212835529353
1,0.3376895314568529,1.779676568673061,0.3980627664850189
2,3.10140485920396,0.7109847437787309,-0.2653575708819744
3,-0.9428880008890417,0.0,-0.26542800421269774
4,1.1488580363430145,0.35530289945606697,0.0
5,0.12719559637730526,-0.710732083933685,-0.9295532174542487
6,-0.5688042978597707,-1.5369074192590482,0.13284623068354762
7,-4.32675593892462,-2.381174173645473,-0.531490844294602
8,0.7179221937416713,-0.6854597132410767,0.7971303730185397
9,0.4702232566096143,-0.3857776682578695,0.5310674580467634
10,-0.9771769825928089,-0.35733429002693384,-0.7967069867707011
11,-0.05138565475881762,0.6431098152983594,-0.7973422349336623
12,-0.997133830455077,-1.7158794515252929,0.5316321231005894
13,1.4203106780454888,-1.432152052877278,0.0
14,-1.1834520984281838,0.0,0.3985386967397808
15,0.30445004717361,-0.35835872091105614,0.26560425122967857
16,0.33816915543294357,-1.1332583822349918,0.0
17,3.4765033748636043,0.05741104877188263,0.0
18,0.44668077519283145,-0.35887314219706923,0.5309969592439678
19,0.26064002426640087,0.0,0.663349941405933
20,-2.2246950221109785,-0.3590019783668019,1.0604454864391322
21,-0.2699966266828113,1.076619519030153,0.0
22,-1.0807160795174298,-1.076619519030153,-0.5300821751474949
23,0.13515339931302606,-0.06463404564671649,0.7950179297768756
24,-0.38726330028815426,0.7825091662105876,0.4316948858233971
25,-0.6268327200942281,0.0,0.09796614350854327
26,0.8093314938033558,0.3587443984662819,-0.6621201327772219
27,-0.6740592582232807,1.4336920018487298,-0.36302786836284184
28,3.2639762349795376,-0.35823034594084646,0.23055121717874272
29,0.6509798284630719,-1.4342060543741653,-0.13779433687055587
30,-0.8087343748517384,0.3587443984662819,-1.1879383244894903
31,-0.9025107001603416,0.35861574707451993,0.7956504862125513
32,-0.5143501785029869,-0.35861574707451993,0.26507621096261147
33,0.27003308069240006,0.35861574707451993,0.7948073010806134
34,0.2247469328642282,-0.7173601455408019,0.0
35,0.9895003830830973,0.7173601455408019,1.3232766255413253
36,-1.5241164476638147,0.0,-0.2645152772990933
37,-0.29780787290523136,0.7168459088333634,1.0576415581353693
38,1.0800595082605113,0.716332408854381,0.0
39,-1.012521602585359,-0.3581020629135345,-1.0576415581353693
40,-1.0473504682249057,-0.35823034594084646,0.7933360193956851
41,-2.9960667327175727,-1.4342060543741653,0.2643055387396842
42,0.864194446687172,-0.7178751205638711,0.0
43,-1.0506872799691536,-0.7183908354932989,0.2642356997801798
44,-0.5664732781189841,0.0,0.26416589771915966
45,-0.06582668650167989,-1.0785548412082235,-0.7927071362390237
46,-0.6829530175203047,-1.4398850579877553,0.08987172139462984
47,-1.5033243146955755,-0.3602954461601193,0.17443381734505436
48,-0.13603591369104606,-1.0816658707408777,-0.793126280836276
49,1.4817939211706488,0.7212405649830167,0.0
50,0.013584280271317084,-0.36055525899891805,-0.5291005414433947
51,-1.2743292381971472,-0.36068530598409865,0.2645852641443014
52,-1.3100029944910219,0.9807598790017025,0.39674668245082145
53,-2.454490902950468,-0.6200745730176038,0.9251305754647277
54,-0.6705777120998846,0.2668233969469469,-0.528541238519864
55,-0.5527793358925948,-0.6275087029310455,0.2643055387396842
56,-0.48743722134592105,-0.7217611284096037,-0.22994186800895378
57,-1.2275069810261385,-1.8066852249494225,-0.4309530076755941
58,0.5804140540996983,-1.8099552452395251,0.6608948756845479
59,1.8116256599771674,-1.0875476873986045,-0.925375173444376
60,-2.1195864487371097,-1.8079445551100193,-1.3234517548443847
61,-1.4384056728493633,-1.461813126446998,0.13242402191115943
62,-2.663080862260969,-1.4566644964637554,-0.13242402191115943
63,1.4827286154162067,0.3643650978548685,0.6619448179749909
64,-1.187243691587625,0.36423238428540117,0.5292405521784005
65,1.1330278803907134,0.3640997673577395,0.0
66,-3.2307984796275946,0.9242178464270445,-0.2645852641443014
67,-0.8265601793082666,-0.7276590801832405,0.1323013827421171
68,-0.8272439462526648,0.5312433037278907,0.26455026609317756
69,3.5110703516130215,2.1802334217690955,-0.13226638469099328
70,-1.3066054191863685,-0.7988671037444384,1.1897681355885759
71,-1.9975897808421905,0.07265065933692583,-0.5286110867110949
72,-0.4751870060601959,-0.3633060893730722,0.6607202090380682
73,0.957729324043477,-1.2871652511803333,0.7922884344195857
74,-2.0696799385264697,-0.16738045981412597,-0.6601967626074234
75,0.05179423876633393,-0.7280670143234858,0.5281922742632617
76,2.25011235125816,1.8191745966582573,0.13200448834416179
77,2.5894262305472537,0.0,-0.13200448834416179
78,1.5793994699491165,1.8158712089744178,-0.13202191582983858
79,1.171949200639233,0.0,0.39601346963324957
80,-1.5150847768712339,0.36277889024782795,-0.39601346963324957
81,0.06863653525446267,-1.052421573794149,-0.13203934791716776
82,1.9199128223270634,1.052421573794149,0.6600224647232977
83,1.1884974575648855,0.36264732945046063,-0.1319696471728804
84,1.0695349090203976,0.7249003579481439,-0.7921838280666726
85,0.5124788714629958,0.36225321895910767,0.6601967626074234
86,1.7404662699149753,0.19556218758776112,-0.13200448834416179
87,0.2297881084203368,1.6137381069611934,0.13200448834416179
88,2.0561949670430124,0.0,-0.327403115366387
89,1.2185073162953586,0.3614675622225505,0.5913598279985166
90,-0.23651362714183222,0.0,0.3958044777578884
91,0.7474095812511905,-0.3614675622225505,0.3956478785536177
92,-1.6314326234212473,0.0,0.39549140321737397
93,0.20407469204553053,-0.00723068413099881,0.4216851655662879
94,-0.7484775636061869,0.00723068413099881,0.6111278132179265
95,1.2924732250567672,0.3614675622225505,-0.24229910362549845
96,1.0871043331786012,0.0,0.13169157851411484
97,-2.3795775582353684,0.0,0.9213557742926426
98,-3.272655815169223,-1.8086458176886921,0.5261081273526536
99,0.8874023586544766,0.3619909541789923,-0.13150108507353764
100,0.06345322697587363,1.0851873012871494,0.23143034575934252
101,-1.4030509608611297,-1.0851873012871494,-0.7576076796564912
102,-1.1484840590849643,-1.6444929504690897,-1.3166558847470533
103,1.3144949376195925,0.19574224433904774,-0.3953350516003873
104,0.695852671208641,2.1723397391486543,-0.39549140321737397
105,2.7949164381526614,0.361598268268537,0.5272871200472373
106,-1.3623980308956618,-1.0851873012871494,-0.2636088060605779
107,2.518978763286661,0.9188683372878259,0.5271481408311018
108,-0.13599891221804938,-0.5570083731436526,0.9218411135463178
109,0.4079412621162959,0.723327337142976,0.3948147712007355
110,-2.3479381267099697,0.3614675622225505,0.0
111,-1.3977672095899507,-0.3614675622225505,-0.6581112445491755
112,1.295557782385437,-0.361598268268537,0.6581112445491755
113,0.3747168376859733,0.7230658304910875,-0.7897854826746098
114,-0.03405936547729027,1.083619394458335,0.3949707114738743
115,-0.40880289456701746,-1.4450869566808855,-0.6583712134577979
116,-0.23854555481239714,-0.361598268268537,-1.4499442334598989
117,-0.30678506538173167,-0.7235890330186123,-0.2638522442750535
118,0.13636053747134724,-0.46337190768097614,-0.9240314828153906
119,-3.2777958874463664,-2.4362314287205145,-1.3215278783356155
120,0.6837607103999943,0.0,0.2644453274704972
121,-1.115454423920248,0.0,0.13219644410789044
122,0.4850438635628507,1.088336766232434,0.7928118808502305
123,-1.4976210615245122,0.24652508517553073,0.13207422590699736
124,-0.7297732373769961,-0.24652508517553073,0.5281225367004261
125,1.2851402989380034,1.8112665701690567,0.2639567126321296
126,-1.3365528590378872,0.2822620061513348,-0.2639567126321296
127,-3.3646945154224284,-1.7310127122813768,-0.13200448834416179
128,-1.6177056206583273,0.0,0.7469157084729616
129,-0.6202405353725737,0.3623844939091292,-0.5647540830873155
130,-1.3796911680863388,-0.3623844939091292,0.4776866334621488
131,-1.1742360181896672,-0.3625158640390147,-1.320132204923219
132,-1.7985616359155188,-0.36264732945046063,1.5839496447855872
133,-1.0044508403863617,1.0875476873986045,0.3955957063528359
134,-1.2913348521985668,-0.27540023800476376,0.5272176212800517
135,-4.926800310079749,-1.3926568626918545,0.028988906474847198
136,4.518663670264544,0.5805094132980138,0.36624197937618064
137,2.2191409939127382,-0.7256894367819733,-0.2634699000885199
138,-0.9355996316342541,1.088336766232434,-0.36897451858886043
139,-1.7001791017960954,0.0,0.895844920661304
140,-0.17365030345661836,1.0147134305462657,-0.2634005019839236
141,-0.7296607401432453,-2.4660924951933616,-0.39523088585102784
142,-1.8919519775915106,-2.5449931933261283,-0.3953871550685939
143,1.613845878322806,-0.932360249934483,0.7906180409196217
144,2.292065598006765,-0.1603369995635262,-0.7906180409196217
145,0.7628558919137163,0.0,0.7616397496095217
146,0.5544389912630621,1.0926972494980092,1.0821642759686334
147,1.8689653451922084,0.3639672469657462,0.5261773338971487
148,0.0,1.0911075823347716,0.525900616906938
149,1.451228615846567,-0.36357026395750225,-0.525900616906938
150,-1.1055069183667499,0.5598432585141033,0.2629848798854084
151,-0.02557931090141352,0.8936453694690094,-0.13148379481187078
152,-2.8128732161807335,0.0,-0.9208709458223829
153,0.9701338159526784,0.25414344719010273,-0.03422011695697336
154,-1.5249188509871558,-0.6173175931829533,-1.0192432409383834
155,-0.27750798013492783,1.0891269909416579,0.2634699000885199
156,2.564015125627428,0.5586247819180379,1.0531859846585334
157,-0.27687409327548096,3.4247228714590072,-0.2631925268516966
158,-2.009633052217019,1.4445650760523954,-0.7899934578068368
159,1.1120340690702335,1.442481317556421,0.0
160,0.620648209376462,-0.7209805647567791,0.6583712134577979
161,-0.06924967974875074,-1.8047288782176985,-0.1316395710451168
162,-0.9699993831988607,-0.7228045128568894,0.2632618153941557
163,1.385425547174357,0.0,1.0523547406342537
164,1.6599810147370775,0.0,0.2629157370215296
165,1.795208657231484,-0.361598268268537,-0.525900616906938
166,-1.1734255013395867,-0.7235890330186123,0.0
167,1.2424076694763642,0.3618599641441733,-0.2630540591255226
168,0.17243460460392157,2.2478335227047452,0.526038939010931
169,0.7928164355908152,2.084303216429717,0.39434768831769773
170,-0.3446255677346244,-2.1637224453106008,-0.39434768831769773
171,0.03446790177008552,0.0,0.6335095192295803
172,-1.897501043706562,0.3609456815940604,-1.1595484582405113
173,2.0698227342634823,1.08205601179856,0.526038939010931
174,-0.8274150647871181,0.7207207519179804,0.5257623675265499
175,1.585277927889095,0.4897935762091521,0.0
176,0.10261181511772577,-0.4897935762091521,-0.5257623675265499
177,-1.894850524677416,-0.3602954461601193,-0.3945032597680864
178,-0.6211394657764657,-0.360425305757861,-0.3946589540144707
179,0.48314181151720703,0.0,1.0520779508040867
180,2.4865554188746586,0.7207207519179804,-0.2629157370215296
181,0.2697859072497977,-0.3602954461601193,-0.2629848798854084
182,-1.4406188061375502,-1.442481317556421,0.0
183,0.0771794229015299,0.5051051808511176,0.0
184,0.26181437510430783,-1.2271268728678564,-1.5793633185556821
185,-1.3097578820628897,0.0,-0.2634699000885199
186,1.1030680194652476,-1.084010946258207,0.2634699000885199
187,3.0271780942978666,1.8060326382749459,1.8423481984410905
188,1.6473337516247355,0.86573845678517,0.4390306169494984
189,-0.5213621389676959,0.3893379141737263,0.08673175057705151
190,1.2741135218199418,0.1874049465975247,0.6568144735306092
191,1.234163045607417,0.0,-0.09192805979152396
192,-2.2269816484339344,1.0804971337541325,0.6170692035389891
193,1.6792615197198657,0.0,0.1312422076824582
194,1.642261214865215,0.0,0.26243275311355063
195,1.9917250300007794,0.35990642821470686,-0.13120776768804632
196,-1.4449034169219388,-0.7199424357042794,0.13120776768804632
197,0.23299185214664675,0.9142380607061185,0.2623639002323763
198,0.8590725550021716,-0.19429562500183906,0.0
199,-2.459679499961176,-1.8008288677267004,-0.2623639002323763
200,0.27367268917366516,1.080886432022421,0.7868852865042797
201,-0.13682698249350977,0.0,-0.7868852865042797
202,1.3674280812541184,-0.3601656801044406,0.0
203,-1.709577467012835,-0.7351404665523198,-1.0501444913626479
204,0.6841817453535626,0.7351404665523198,0.5252100961063988
205,0.7178873908859629,0.7202016875940132,1.0495933789598233
206,0.23918131766276218,-0.36003600748957254,0.26222630280070547
207,-0.6835270259291093,0.0,-0.39336524469746337
208,0.8884940611153525,-0.3601656801044406,0.39336524469746337
209,0.8877053401405988,1.6125320241462404,0.7862665848650252
210,1.0914797454422143,0.9059078750497385,0.3929015832091487
211,1.3626765071066416,0.7183908354932989,-0.6549217602618285
212,0.4084411220839357,0.7178751205638711,0.7858546573391578
213,-0.4526989272104487,0.6599902675796798,0.2618143751047519
214,0.5670325528548403,0.4158570658834293,0.523423199597417
215,0.9699486742089647,0.1648609616560215,0.4446944107185935
216,2.3807481738593594,1.6256498121323126,0.9933083209019422
217,-0.33917851290077294,-0.38647896675669813,0.0
218,0.5426304141824545,0.38647896675669813,0.9140171688102328
219,0.0,-1.432152052877278,0.26099439010218717
220,-0.20345190128168156,0.35823034594084646,0.6521881141625663
221,0.27126000437593945,0.06446783594471484,0.1303865964428219
222,-2.1374875733162213,-0.4226981818855613,-0.7825747106053882
223,-0.9184382030609228,0.716332408854381,-1.3579152867388977
224,2.513332165669624,1.0735374085242277,0.313528768832505
225,-0.7465472537839801,-0.37202913703371365,-0.3919263228691072
226,0.8822232596905621,0.014311372532382904,0.52253430320226
227,0.6103143308155978,0.0,-0.1306079803331528
228,0.1369304930749493,1.4301039262538673,-0.2586541377525009
229,-1.154328078036393,-1.0723861617525365,-0.3946417631857102
230,0.2035623416700716,-0.30047432243751615,-0.6197188452965463
231,-1.3578656441710635,0.30047432243751615,1.7953443480815956
232,-0.13588802847408488,0.0,0.26106252595736734
233,0.4190089076967496,-2.82486063555476,-1.219401606596282
234,-6.800373638098378,4.93828164058252,3.855486400181629
235,3.448137142149754,0.703482266085409,0.8065267056296399
236,-4.48606247739658,-0.3516792721316442,3.6110433873881576
237,4.362949180019449,-1.0557804957480599,-3.3526788335676017
238,-0.8506439887545625,0.9010024260844851,-4.660805951490321
239,-2.1468376479116813,0.15477806966357477,3.6269469811394117
240,2.1127968329714975,0.7032349094315826,-1.0349289410158669
241,-1.303272638242703,0.351432089366277,1.2934939069038087
242,0.28150898543799485,-2.1104474945459195,2.0661164374717877
243,-0.26173942354112967,1.0557804957480599,-1.8076183101438659
244,-4.210866196593166,-0.3518029939537648,-2.32889224163646
245,-4.456941972867057,1.4064699927516244,1.8118291484205962
246,-4.103974813609135,-0.351432089366277,0.25856496588794187
247,0.6764265610383902,-0.35155563729993844,1.2246892654825814
248,-0.8145290332928212,0.35155563729993844,-0.1910974422001388
249,-0.027622783273173468,5.964601651743617,-0.516662372640031
250,1.4422697887948033,-2.4558261220644084,-0.24809278797466305
251,-4.284585525582862,5.588558030953372,1.2811507310881431
252,-1.0740209253876642,-0.3553400327933609,-0.7746933892929242
253,2.2506545052136673,-1.3877317001531608,1.548787093280879
254,-1.40797028450379,0.34885749525237486,-1.0322581561768018
255,-6.05661366837662,-1.7455057669732987,-0.002581981128013666
256,0.6973668588905468,-3.850871203724626,-1.5478059263269728
257,-3.2087081101606074,4.200216185443306,2.3246814033597296
258,-3.2106260863402625,-1.7479466083023532,-1.5491869868293762
259,-3.062062818049327,-0.7000350303378866,1.5491869868293762
260,3.123741198955088,2.0986366569215598,-0.9447185518989265
261,2.8344987745905215,0.0,0.17042505599418334
262,-1.4337421370926862,0.6985679641400289,-0.258231118284602
263,-0.7701733270595312,-2.097169590723702,-1.809487374945018
264,-0.6656273783569588,-0.7000350303378866,0.0
265,-0.23412588088156383,1.7491695906355353,3.3578747810745213
266,-4.108916863325263,-0.34958923621219995,-1.2901562878449013
267,1.5706734016891488,0.6990563024982244,1.8057531025670315
268,3.7181283845875157,-0.3494670662860244,0.5153311116363746
269,-2.804152035873031,0.48921970434445683,0.7724990727924208
270,4.413387996235585,-0.48921970434445683,-2.061325130819025
271,-1.3291827484227525,0.3494670662860244,-0.25796466027205867
272,-0.2100325558176408,0.6985679641400289,0.25796466027205867
273,3.5645678141600357,0.698080307580895,1.0311936979774394
274,0.714877324372587,0.34885749525237486,1.0301314328415856
275,-0.6799934006247454,-0.41864360086707464,1.0290713539995444
276,4.038299656836664,1.2344948683287171,1.541624149101306
277,-2.12085911308435,-1.4997264938689803,-0.25677237270382847
278,-0.6275900921384192,1.032611062548483,0.12839442785850252
279,-2.267060594642878,0.36952725335348546,1.1548086225938725
280,-0.8034233250260314,-0.20914959849793746,-0.7697242201714083
281,-1.0489144697931607,-0.8579709862490681,2.3073975113603318
282,-0.5738720422874266,-1.7461153380069483,1.279590705625111
283,-2.5093060710386084,0.0,-1.279590705625111
284,1.1951589076026892,0.0,0.6400000218453883
285,-0.2131161799692194,2.4437086694004684,0.6395906837797227
286,-1.47342598135225,-0.8930067010815002,0.25572177610300173
287,1.1929407400490533,-0.43283697382712205,1.5329589103170171
288,1.2615645071010206,0.6282503435151021,-0.7661857098097968
289,0.9101411346925659,0.6975933313935201,0.5108556943795861
290,0.6701742633898888,0.6971070341559304,0.1276731568919942
291,-0.3203404308909086,-1.7436796048269088,0.1276568585382165
292,-2.7319550458209108,0.3489792392774582,-0.3830194748388749
293,-3.0911925696734954,0.6975933313935201,-0.09450069797090066
294,-2.5010140376968693,0.0,2.263007192231825
295,2.958269457985274,0.6971070341559304,-0.38233607806548164
296,-1.7245934762772919,0.0,-0.1274778508961738
297,0.21133457864497274,1.0447502256227814,-2.8086320007774113
298,-1.127634202227057,1.0436598616476722,2.2985580289938135
299,-1.326597050235634,-0.6956522019669897,0.5100739717835978
300,-1.7102356802114471,-2.0828914430768286,1.0193680801147131
301,-0.5072725085373264,-1.053546047053544,0.229214686024104
302,2.3050613738337944,-0.3491010683034368,-0.229214686024104
303,-0.9493725248121976,-0.6985679641400289,0.2546797416029811
304,1.0877474108390572,1.0476690324434657,0.2546148963471495
305,-4.4148307899822825,0.6978367345298331,3.177228319347858
306,0.14180374385652783,-1.0469378028332699,-0.2538071079616344
307,0.531585021820824,-0.6985679641400289,-0.38083148667222844
308,1.1331044730633621,-0.6920633199558601,-0.3809765745486082
309,-5.583026134288183,-0.0069929825423642455,1.9034330980041148
310,1.6470601998745948,-0.3497114915864685,0.0
311,-1.920410277602258,1.048767794084693,-0.2535818448987648
312,-1.8527761303843704,0.0,-2.285134928623034
313,-6.7990957930961216,-0.3494670662860244,-0.5085176819470405
314,1.8654044726229557,0.0,0.0
315,3.0060142876058293,-3.501404137438602,-1.272426689047812
316,2.747597582160921,3.850871203724626,0.0
317,0.0356334740896358,0.0,1.526717853800097
318,-1.818928047545576,0.34934498171868,-1.2721029574529474
319,-0.6899177300407899,-2.7981830080046066,-0.7640392578478483
320,-1.4893015084345151,0.9242662544601821,-1.0196279241769801
321,-1.2178268131854963,-3.3791158127041143,0.0
322,1.360203524316539,0.3510619660418435,1.529052285677679
323,1.0010726613636223,1.05244703627827,-0.9630304098839915
324,3.923112132471651,0.0,-0.05607795857276443
325,-0.5141208895453886,1.751620696586631,1.019108368456756
326,0.8700054443533389,2.0979028673417943,-0.5094243615006988
327,-0.2135155340665662,1.0473032900022439,0.3820925984205914
328,0.8537887391648624,0.34885749525237486,-2.1160791609977636
329,0.8296109728540557,-0.7676471991469036,0.45928913057657894
330,0.5945930569426494,-0.27929060368636627,-0.5103342800221178
331,-1.3886453134626109,-1.1109520743244339,-0.765990079582668
332,1.2643569970798296,-0.9862175163992681,-0.12772207693467763
333,2.5614766286574664,0.6995453240854488,0.2554278430237922
334,2.0594559984496996,0.4614319854234772,-0.8942830362843601
335,-0.4596482004375346,0.936192281214776,-0.5113781752967839
336,-0.919930716257511,-0.6985679641400289,1.2779554454920294
337,1.9958830059296773,0.23058138052700627,-0.5109862144911936
338,0.2663350093330408,0.4679865836130226,-1.0227564174574155
339,2.117557282081073,-0.6985679641400289,-1.2799182599714243
340,0.7968911101210452,-0.3494670662860244,0.5121639036409498
341,0.5407632074829749,0.3494670662860244,0.6398362237609589
342,-0.492167055232251,-1.048767794084693,-1.1520001274019087
343,2.791367777843945,-2.4514107881250524,-0.735413793069295
344,0.5132581860971541,0.04908715425200327,1.2475776967102448
345,0.6315568084733769,-0.04908715425200327,0.25598361844636486
346,0.8414557680422874,1.0513405559238187,0.9133273506125583
347,0.5843949891533029,-2.4548495582439323,-0.9133273506125583
348,-0.9699743268782868,-1.1664103291977312,-1.152442665483644
349,1.9928941903879505,0.4639164471287316,-0.12813120653065724
350,0.21341394163787442,0.3513086282400657,-0.25631167640005614
351,-0.1749260941714681,0.7022472198707774,1.5368855484143573
352,0.1749260941714681,0.7017544147633892,0.0665450087651287
353,2.9272164509919207,0.0,-0.32252862721149356
354,0.7043260553585284,0.7012623008284535,-1.2809019299679925
355,0.2857730354248744,-0.7012623008284535,1.7928036560168614
356,-1.5064550249981323,0.7012623008284535,1.5341347933484073
357,-0.9426881273491006,1.050972245974613,0.5108556943795861
358,0.2794076575867166,-0.7005254226930546,1.1484720205756638
359,2.546691568513282,-0.3504468232815583,0.9560534843395807
360,0.8258800339069339,-0.35056967931357264,-0.5097814422514446
361,-4.191456874289123,0.35056967931357264,0.5097814422514446
362,-3.240186715974147,-0.35056967931357264,1.2096904031433375
363,0.44520242546841615,-1.3332867488591305,-0.2800086566425719
364,-2.9497386842187723,0.2808397125808604,0.8525095469336108
365,-2.832259782939772,0.0,-0.3180155854440869
366,-0.8534319412341063,0.0,1.144383111731262
367,-1.4122301457417663,0.0,-0.25419420574079865
368,-0.989749108721405,0.0,1.5241969164456748
369,-2.4077626531928686,-0.3510619660418435,0.38068650926081915
370,2.089420857532609,0.3510619660418435,-0.12687940129918474
371,-1.309804247649815,0.7578734994759806,-0.7793925956200987
372,1.1640406264534775,0.6451432161158621,0.20823598799424303
373,0.32263268548948787,0.0,-0.06348198700800722
374,-1.4158292043715548,-1.0520779508040867,0.1269599443083358
375,0.5672802675924515,1.0520779508040867,-0.1269599443083358
376,0.707056188046451,-0.35056967931357264,0.38083148667222844
377,0.28296548009976163,-0.7015082714905141,-0.12692771483679977
378,0.7777424650523557,0.0,1.2355907479326689
379,2.9640106385855347,0.813703940855337,0.3726608917782315
380,0.2113792503912748,-0.813703940855337,-0.3396988880908225
381,1.1969725069329584,1.0520779508040867,1.0136848308461843
382,0.59724614330392,0.0700991903830328,0.31150163030480016
383,0.41132255545051066,-0.7713614912114863,-0.4381560538799789
384,-0.8678425516039923,-0.7017544147633892,-0.8870304072710056
385,-0.7038288578842256,0.0,-0.2535818448987648
386,0.8797086972318624,0.0,1.0139417852199628
387,-0.9501188363207902,0.0,-0.5068423828729074
388,2.489505283728377,0.7017544147633892,-1.0144560849707496
389,2.050938779250444,-0.3508156499756332,-1.015486251266129
390,-0.11425915741725134,-0.350938764787756,-0.2540327715934154
391,-1.262626430368563,-0.3510619660418435,-0.2540973206404118
392,-2.741171985280566,0.6879655446176969,0.795109483749723
393,-0.6688610250593641,0.014035186211902584,-0.03301113618281448
394,-1.3566969159057862,0.0,-0.5080010269264967
395,-1.0407939197527583,0.1684068713982967,0.5080010269264967
396,1.44623387171805,-0.7580543635277159,-0.5080010269264967
397,-0.3525471568330829,0.9404631421050524,1.0157441198352934
398,0.5640158073942914,-1.5936929652555776,-1.0157441198352934
399,-1.1212937659541566,-0.7028740809351675,0.0
400,-0.4305158139903398,-1.5621484825047993,-0.7624857403345509
401,0.9877937725502051,1.4004175391550966,-0.38146100023883633
402,0.6344954211945364,0.16173094334970273,0.38146100023883633
403,0.14094432722444594,0.5412567833165127,-0.25429116475228497
404,-2.2567902852497213,-0.7029877266662155,0.0
405,-0.9192719533528404,0.35155563729993844,0.3814125022398862
406,0.6360199500647923,0.7027407176063427,-0.4144751037356009
407,0.14764010737522426,-0.3513086282400657,0.2873537662479997
408,-0.6422873280031993,-0.351432089366277,0.3813155432283999
409,-0.38882310806087617,-0.7032349094315826,0.12707287646573917
410,-0.6012059665110314,-0.7530094341237081,-0.025413283524677865
411,-0.10613270135362285,0.04927963731216067,-0.1016595929410613
412,-0.24768678363784602,0.35192680285778266,-0.3813155432283999
413,2.2622844572506295,0.703482266085409,-0.25429116475228497
414,0.21182700873545457,-1.407459767879704,1.4054208854252792
415,0.423519452931842,0.0,-0.8969032034782387
416,1.9036209788474423,0.0,0.6352836755176838
417,3.44549087472501,0.9643236228762397,0.1270083192155269
418,-0.42125957233185574,-0.9643236228762397,-0.7622919947332107
419,-0.10534262699124497,-0.7044734352636972,-0.5085176819470405
420,-1.6222724363998964,-0.7049700679697679,-0.6360109608278819
421,-0.09989651573505398,0.7049700679697679,0.249364503492
422,1.054741158850625,-1.4104374693619803,-1.1200832069033773
423,1.194029992607426,1.5725103108890082,-0.5299309175645917
424,1.4029182996848633,0.8944512926731818,0.7642338927560388
425,-0.2453686676524569,-0.13376466591141778,0.2546148963471495
426,1.1057862895080817,0.13376466591141778,0.2545500841031334
427,-0.3348302659000879,-0.3520506989365124,-0.763844722053264
428,-0.6868228407297394,0.0,-0.7644286268537748
429,0.32384668455875953,-0.7044734352636972,0.5096840069560571
430,0.7202178339626997,0.7044734352636972,0.5781767726369402
431,0.99679968381583,-0.35217468228054827,-0.32343215273922254
432,0.7203810077802686,0.7042253812170607,0.0
433,2.5737415902842287,-0.3520506989365124,0.2546797416029811
434,-0.5580357287664484,0.0,-0.7642338927560388
435,0.7672188693685911,1.0557804957480599,-0.2548744757007171
436,-0.9765625776108067,-0.7037297968115475,0.5096840069560571
437,0.27981289701362044,0.0,0.30059176044483493
438,2.9253180519352995,0.0,0.4634474974030134
439,-0.5914792371877198,0.7037297968115475,0.5090353889500854
440,-0.8077601113258837,0.0,0.6359300691261005
441,-2.0850847340971868,0.0,0.12713749937676155
442,1.1448940967841992,0.0,-0.6358491979985281
443,-1.2147045614012697,-0.35884031639321634,0.38155803324624316
444,-0.34423684672635346,-0.3448894804183311,1.0167769050868358
445,0.4224242396073663,0.021119101171418464,0.0
446,-0.5020415179961546,-0.3731698001079309,-0.1270405896391935
447,0.8077513849640283,0.7039775017942951,-0.12705673100121828
448,1.9172787495218557,1.4837684809019258,-0.25416190249938353
449,-1.2545304126554413,-0.4287305775165784,0.2795745402055516
450,0.4852717338001966,0.351432089366277,0.2286846829342437
451,1.6743306242315015,0.3513086282400657,0.5080010269264967
452,-0.1670285622719092,-0.7027407176063427,0.25390377183542867
453,0.5149151547527708,1.4049879374771201,-1.2701640219017207
454,-0.7404479769990147,0.7017544147633892,-0.5085176819470405
455,0.25337285342885707,-1.2283935913348643,-0.9923538682841127
456,-1.18388537104952,-0.17560804329930235,-0.2800728207636993
457,-0.4188738627153299,0.7022472198707774,0.5091649804502829
458,-2.0928137760005683,-0.37915224821061244,-0.38184942868335625
459,-0.9078517212106618,-0.323094971660165,-0.8915494445229655
460,1.4672481463726683,1.0531859846585334,0.5095541511530577
461,-0.07051839049232456,-0.350938764787756,0.0
462,-0.20948989287905562,0.350938764787756,0.0
463,0.24440060872610303,0.3508156499756332,0.763844722053264
464,0.47675838711747076,0.6451794103012887,0.12725074776964718
465,1.0929637456156271,1.5411345798548304,0.1272345570773048
466,0.6968641396989383,-0.08400067205460715,0.0
467,0.9747946740423785,0.0,-0.5090353889500854
468,-1.3928548807999874,-0.7002801406628123,0.4047042469004225
469,0.1637610694817937,-0.35032405332868777,-0.7866509063276794
470,-1.5794954826748864,0.0,1.0182004188816762
471,1.5272342251524407,0.35032405332868777,0.38155803324624316
472,-1.6458842669937468,-0.35032405332868777,0.5085176819470405
473,-0.4719477426426977,0.35032405332868777,-0.6356875174335919
474,-0.01675963609315545,0.7002801406628123,0.1297130672472946
475,0.5578052915522491,0.3149661437436002,0.5059744501862973
476,-0.20870422324836824,-0.3149661437436002,-0.25422651719475553
477,0.9070928298768877,0.0,-0.5086470099491258
478,0.017436031559903142,0.34995625903944116,0.5086470099491258
479,-0.08718319810974151,0.34983383249898026,0.25422651719475553
480,-1.4658153603512858,-1.0288606801487354,-0.25422651719475553
481,0.5195632433716568,0.329070588610314,0.25422651719475553
482,-1.0785347503796672,-0.3010603648769816,-0.5085176819470405
483,-0.5243197072068995,-0.3992197757858307,0.25429116475228497
484,1.6419504466220758,0.0,-0.25429116475228497
485,-1.5370645099821445,0.0,0.25429116475228497
486,-1.5394307147662545,-0.7007708766102461,0.0
487,-1.050972245974613,-0.35056967931357264,-0.6358491979985281
488,0.7708209624501805,0.5398262171145696,0.8900757151932837
489,-2.173837678041579,-0.18925653780099694,0.12708902603364436
490,2.2438828572113323,0.0,-0.3813155432283999
491,-0.6305833104383041,0.0,0.3813155432283999
492,-0.8413967681910606,-0.7012623008284535,0.12707287646573917
493,0.56100983238494,0.5189814054644692,-0.12707287646573917
494,-2.1756684723506226,0.5327277186455426,0.0
495,-0.30005203703620253,-0.3504468232815583,0.0
496,-0.9182827493443568,1.7510072763124995,0.25412960746695745
497,-1.0677020471892007,0.6995453240854488,-0.5083238132077561
498,-1.3141972165255922,-1.04950158312489,0.3812670822065378
499,1.0324773146725974,0.34995625903944116,0.0
500,-0.8103870922511192,-0.7000350303378866,0.0
501,-0.7757678727502437,0.35007877129844545,0.2540973206404118
502,0.17636373301943564,0.5178917721972986,0.6349609712348325
503,2.0787464545346523,0.8811990471397912,1.6490141365954614
504,0.03378796923403371,0.0,-0.659279380828437
505,-0.31539878495046025,-0.34958923621219995,0.025364938047278685
506,0.07041013908892779,-0.3497114915864685,-0.1268311245277154
507,-0.8734363228555253,-1.0498688628368669,0.0
508,0.5917660160852378,-0.7005254226930546,0.0
509,-0.433222921097709,0.35032405332868777,-0.266397733389212
510,-0.37702142950113426,0.0,-1.1298073547543197
511,-0.8355912999427062,-0.35032405332868777,1.1424945704816558
512,-1.8110798524322291,0.35032405332868777,0.2537105176618759
513,-0.28272547544894167,-1.4020331774386996,-1.1422045787767843
514,0.010603648009421818,0.0,0.5078075518540892
515,-0.15199636651974657,0.8905188386294505,1.141625036783278
516,-0.07070385692475867,-0.18925653780099694,0.25351755744829063
517,0.03535255334163878,-0.35056967931357264,0.7601672733978937
518,-0.42431314946522747,0.0,0.37986705110126806
519,0.9191177117626737,0.35056967931357264,0.15950114153095996
520,-1.5099199640902228,0.5886805316750454,0.7262945506809615
521,-1.320838091932508,0.11209034493520065,0.005059435721044281
522,2.7600866779016187,0.35020136936436685,0.02782643891352521
523,-0.4453445662040423,0.0,0.09359233966144132
524,0.05797671176033248,-0.7005254226930546,-0.3794826432232945
525,0.04241985476127752,1.0506041939915,0.12651021586895794
526,0.09755883759954287,0.6997900915384214,0.3794346469350174
527,-0.04736433388785599,0.0,-0.25294043387669163
528,0.18166890150528303,0.6993007277986685,-1.012402010036162
529,0.14842090783151463,1.7461153380069483,0.12660631782424048
530,0.0,0.7045668077760858,0.1265902906939509
531,0.07066888098794522,1.038504925170436,0.25313251622316457
532,-0.24736293569294077,1.0443865179063927,0.2530684563675223
533,0.0,0.0,0.04554552149160784
534,-2.6187289365626754,-0.856316429899362,-1.0582038358775137
535,-2.563788287137214,-0.18807008800703073,0.5849352749800474
536,-0.3105416845441411,1.0443865179063927,-0.07847793318482843
537,-0.15424075021464034,-0.6961364708555351,-0.25319660851819137
538,1.3617559020868697,-0.3482500470508576,0.0
539,-0.9587898676652884,-2.4411520405274167,-0.5065856238020139
540,-2.0271358542975904,0.0,0.2533248905249863
541,-1.710254817212764,-1.7473357582247218,0.0
542,1.3150183021837236,-1.7503942855299215,-0.8869180182280445
543,0.1816145538793279,0.0,-0.12676681261813982
544,-1.6264465735602585,0.0,1.3935518819474524
545,-0.4052413167583424,-0.3504468232815583,-0.8865810219127468
546,-2.107331791559197,1.4010510172730584,-0.5069708600347056
547,0.5004468379690152,-0.7002801406628123,0.25351755744829063
548,-0.21444655001889856,-0.35032405332868777,0.0
549,1.2138754799835283,0.007007683925142061,0.7854962332651816
550,1.3207991362298444,1.029595712020548,0.35453809123398017
551,-0.8996094333024729,0.3639570570852513,0.5062650405567304
552,0.6186129924055095,-0.5879964889623501,0.12652622272790737
553,1.0650865801489218,0.23804022992290896,0.20999819175138157
554,0.1781165955936359,0.34995625903944116,0.12648365342116108
555,-0.8552491434281606,0.0,0.6751520296717217
556,0.5702473602378078,0.34983383249898026,-0.21488658495139035
557,0.07125806109886668,-0.34983383249898026,0.7203200048597758
558,2.5619142962005625,1.0491345602976487,-0.5054334199083854
559,-1.0723587085834652,-0.34958923621219995,0.37657216161468554
560,0.46805390729875995,0.34958923621219995,0.12886125829369988
561,0.28442422063967854,-0.6993007277986685,-0.5054334199083854
562,0.4620168896041221,0.0,-0.20224491928555466
563,0.29628924583757765,0.0,-0.556384526631426
564,1.2367874075280838,-0.34983383249898026,0.25294043387669163
565,1.5888217244013347,1.0491345602976487,0.25287647119220935
566,-0.00070841623323048,0.0,-0.7588213339961847
567,-1.1334000126677068,-1.0491345602976487,-0.22016593514573302
568,0.7798376915006955,0.34983383249898026,0.16449636943027812
569,-1.1338010383559194,-1.6943341890920394,0.3086739946427386
570,-0.21357355827600344,-0.08409132322650947,0.1264782142960108
571,-1.6334650839153753,-0.32241559649293094,0.12646221958068082
572,-0.6925419765950735,-0.7012623008284535,-0.5059448628039753
573,-1.2284148234238401,-0.18942516534847798,-0.6327912632846378
574,-0.6411398260590673,-0.16139048462715522,0.0
575,-2.6687042661306393,1.0520779508040867,0.37972280691711546
576,0.17146776448040413,-0.6732023648030605,-0.12655824860274834
577,-0.28579594364330774,-1.0808763168306257,-0.3797708761386076
578,0.5000893120836736,-0.18962471920414004,0.25319660851819137
579,-1.4294906301008936,-0.5128691628648596,-0.25319660851819137
580,1.536620096162622,0.3513086282400657,-0.2532607332770276
581,0.4583844812158233,0.0,0.506457341795219
582,0.719282803332888,2.4557107587441784,0.8097986068613672
583,-1.7848860626941132,-0.7010165025951309,0.7130918395232833
584,0.0,0.35056967931357264,1.0055559069739317
585,-2.1460770809147434,0.0,-0.05050632592773496
586,2.253260131804602,0.3854847518427462,-0.7073565371737978
587,-1.0365843689070786,-0.19622821404174928,0.5053057207060618
588,0.786472710613495,-0.18925653780099694,0.37881179820375976
589,-0.33524772726156726,0.0,0.0
590,-0.30818393032561175,-0.7012623008284535,-1.1368661617319198
591,1.0835863476250651,1.7522345468030665,1.5155345158937017
592,-0.2614971225209928,0.1610514562884191,-0.25242963657934325
593,0.8928093730915521,1.2385288981349163,-0.757671459405973
594,-0.35702810190407774,0.34958923621219995,-1.0111224319486745
595,-0.21427806231688606,-0.6993007277986685,-0.12646221958068082
596,-0.2857755252714256,0.0,1.0112502441854687
597,-1.8595342220031341,0.0,-0.6319115534125785
598,0.35214645075321016,0.0,0.2528125408480797
599,-0.8533816479570078,-0.6997900915384214,0.0
600,-1.218332468758021,0.6997900915384214,-0.7586294459169807
601,-0.2151540152448561,0.0,0.7586294459169807
602,-1.4355443177320737,0.3497114915864685,-0.37924278313061777
603,-0.14366784020136691,-0.3497114915864685,0.37924278313061777
604,-1.4018441935546022,-0.34983383249898026,-0.7586294459169807
605,1.4018441935546022,0.6995453240854488,0.3793866627863629
606,-0.5849411596710041,1.74672533494169,0.37924278313061777
607,-0.8672622026804078,0.6978367345298331,0.6317518688860879
608,-0.345388349455078,-0.06976176360540265,0.09346538061727472
609,-0.6479248633857182,0.4184975997465479,0.7903172663903391
610,0.43199655074577237,0.6971070341559304,-0.5049230099700708
611,0.791509305578586,0.3483713673970712,-1.010611505923631
612,-0.6475519167166155,1.7400387198733824,0.5054334199083854
613,-0.07197610396492138,0.34764471061077273,-0.2526847770862872
614,0.7195280206815369,-0.34764471061077273,-0.5055611836701779
615,-0.14386419245049353,0.34764471061077273,0.5055611836701779
616,1.868622075999582,0.0,-0.1263663361763534
617,-2.084457178819221,0.34752389576508946,0.0
618,-0.9358241333732309,0.347403164862925,-0.5056250897763626
619,0.7919081800409344,0.0,0.0
620,1.4382283508922455,0.3472825178154615,1.3898542890542487
621,0.7542426504638655,-30.3160333130843,1.7661162658040297
622,0.0,0.0,-0.5042864453819185
623,0.8607937710083391,0.0,0.0
624,0.0,30.3160333130843,0.0
625,0.0,-0.6946856826783865,0.0
626,-3.6144674975107094,-3.636026350396726,0.12291807525777187
627,1.659198215257618,-2.0916571452778143,2.4551939659498423
628,-3.886775207000426,2.9479735751771763,1.9598242431668744
629,-1.180019215739847,1.390820808342852,-0.7344840579919243
630,-5.34402670329559,-0.5074254523651511,0.36730946234841966
631,1.7365284886965426,2.5900364098916384,1.59011714747459
632,6.986501323500427,1.7322020613956823,-0.9782343651214553
633,4.42877064526126,1.7292067251939436,-0.24470818670963013
634,-0.22922334995723048,2.0711087831362107,-0.9794320077771701
635,0.5211515376961628,-2.7693483491453286,2.4467837017265737
636,-4.6077975108351765,-4.151094495428609,0.24434942088591427
637,4.7734288603402675,-3.129893008927631,-2.2012972078466753
638,0.8189975796701887,3.129893008927631,3.1780982623148546
639,-0.8386967873619255,1.0411245084105403,-0.24411082752706648
640,-5.450402153096334,-0.18732243449059993,0.9760859730554294
641,0.7699782219923179,-0.8538020739199403,-3.542853867637419
642,1.135552055208322,-5.221943981151611,-0.6121075051863656
643,-0.2563022916470814,-2.0964368265281585,0.0
644,-2.1995756357018337,-1.0708774868777304,-0.9801520020169541
645,0.9904077988025506,-2.432980337525592,-3.4381173356474726
646,-4.667152877622982,0.350938764787756,1.474926521067843
647,4.117047426874798,1.7528488274143328,-0.7371913345282088
648,1.4662759225272382,-1.0513405559238187,0.3686635986452913
649,2.305033675217061,2.4514107881250524,-1.3524315087782846
650,-3.3304676779088993,-1.0498688628368669,2.5803295019568573
651,-1.468515797258263,-1.4015419252881856,2.206424038055932
652,3.519065215195738,-3.5124728771407376,0.6120325792369208
653,0.8047112618303487,0.3518029939537648,-1.2244399717618037
654,-0.4388531375285609,0.0,-0.2475189909940667
655,-2.270481072055297,-1.0557804957480599,0.49252695497870036
656,-1.4690356832058882,0.3520506989365124,1.9579056670568917
657,2.1287388407218444,1.40696470624313,0.2224691394365763
658,-3.431542329982662,1.0539259714352767,1.8536139168014998
659,-1.629974218746888,-1.2015642859553033,1.5846897934430615
660,0.9863966408403257,-2.315850525923313,-0.9748964944691352
661,3.8919126816834293,-3.529830703524528,0.12191405074535311
662,-7.688242545642154,-0.7074637719908239,-1.09776189593358
663,-0.03692830370294331,-2.1253993123133696,-0.6103888366282284
664,-0.008862995810154928,2.1253993123133696,-1.8334051459656386
665,0.3780846807019955,0.7074637719908239,1.8040971087227575
666,1.328070435360651,-0.7074637719908239,-1.5618949764042434
667,1.5847344282304832,-3.978178477875627,-2.8146295936299914
668,4.772893145149837,-0.9881318360411839,-1.8415081012759238
669,-0.5628369475143558,-1.4234877848542382,1.4734776732732158
670,1.2952230942104848,0.3560619585423197,-2.2110314866710112
671,-1.0987804643551868,-0.7122507423611424,-0.984252047961931
672,-0.19424343160956425,2.2134373883844205,1.59891799638201
673,0.45073354898583773,3.0452444287902836,-0.6146659484200789
674,1.5009795792693126,1.345752230583308,0.45980573403481273
675,3.214027602378877,-4.11377273530622,-0.6836379641046442
676,1.675957691813501,-2.583291181375902,-2.9785353299134343
677,-0.4369356317699413,-0.2636858305522516,0.24670038363661106
678,-2.9908473255755297,0.35631569947636166,1.9714151283847237
679,1.387114659351596,1.068185965908519,-0.9852217545698316
680,1.1666060382520271,1.4224753465432727,0.8448869450288221
681,1.8928369076007812,0.0,-1.8310803188437141
682,3.412600879498129,-2.490661312451792,0.4932182590735579
683,2.8951960003276156,1.068185965908519,1.4781968693111658
684,0.6863790165247963,0.355808578740735,0.984252047961931
685,-1.9881800248437997,-1.0678057608304314,0.860426578804141
686,-0.4343105388571189,1.0678057608304314,0.0
687,-1.0141254038291692,0.3556820240238068,1.963913728072697
688,-3.5939268712734673,0.42665150330734036,0.6129329030386543
689,2.0708078098179428,0.9237875945640184,0.0
690,0.7618495171595185,2.6245803326330197,0.9799118863487166
691,1.9201860871600474,-0.42513994830084556,-5.524536793547696
692,0.6505773832161665,1.0766703595757043,1.1073516972834874
693,5.051968116727146,2.460652041275324,2.5790619146737193
694,2.3724803536309125,-0.7064641763268042,0.6130832145929688
695,-2.0846070159104,0.0,-1.4720316691461122
696,-4.0377875898798266,-0.3534193357164206,1.4720316691461122
697,-0.21677083794546803,-1.0610080570945257,0.9801520020169541
698,3.6067268413750853,-0.7079646313399302,-1.9612656446126309
699,0.39594694828259946,1.0617590804575805,-0.5596657861373089
700,-1.0607704290093167,0.0,1.4721327970490528
701,5.907393569242636,-0.7077141130489295,-1.4033850374621792
702,-1.218419788791003,0.35391966393127916,0.8589484545531434
703,-0.5021340803468277,0.0,-0.368030428002708
704,-1.5079168476770377,-1.7708522424761952,-0.7364674446042052
705,-1.5101940952284565,1.062887611136265,1.9627091678486863
706,-0.539908228718744,-0.7084662003733477,0.49007597158290395
707,1.5469576592446188,-0.35442141076291733,0.9794320077771701
708,1.436885080901007,0.0,-0.24476808346429735
709,1.1121675855338964,-0.9930487409919309,0.9787130705389835
710,-0.8250381599737011,0.6385016711547564,0.2445286722050355
711,-1.9397254546280607,0.0,0.12224191690579644
712,1.4012901346225348,-0.7094714735336183,1.3436757655909126
713,0.5384353200055259,-0.7099751806927124,0.41983373248344336
714,-0.6461571822615753,0.0,0.06832834701775425
715,1.2940488843247167,-0.7104796035983796,0.36596523738730014
716,2.6481846554737842,0.7104796035983796,0.3658313558267956
717,1.1417758534051359,1.9299546207292018,0.9748964944691352
718,1.2874908456845802,0.9069267144705684,0.9739469968814696
719,-1.3982510574424012,0.0,-0.4868549268510769
720,1.9689866083556495,-0.34708572303188134,1.2166931784420854
721,-0.14265335259544543,-0.3613804773414664,-0.24322023712253227
722,0.4991977283195226,0.16299167715549956,0.7294833150242042
723,3.3453178997122635,0.8995194906264992,-0.24310198247867731
724,2.136563360457977,0.35391966393127916,-1.0533140834727561
725,1.693228554638715,-0.7079646313399302,-1.049551845212715
726,-1.5585154755672903,1.415428403330754,0.15591958478999857
727,0.26441027270962536,-0.35366932287317354,0.0
728,0.940110367485758,-2.1246466915938456,-0.48732944434215497
729,3.3931886084337393,0.17722640719819438,-2.4402159497833864
730,-1.1297840489961075,0.531490844294602,-0.48875856300423237
731,-0.35331943977823244,-0.3542958407298791,-0.7335860458583809
732,-1.9808991266998532,-0.7089684806000918,0.977995187976699
733,0.0885167252926422,0.7089684806000918,1.4652017273282247
734,-3.2093079665793667,-1.41843995413371,-2.198608434202942
735,2.9083191274521525,-0.5466362484951581,-1.7133769948518562
736,-1.7723587639064675,0.3833865861659902,-0.24500796398463365
737,-0.28386913823386095,-0.5467255183635444,-0.4901960882470746
738,5.132663787403402,-0.3551767041423126,0.24512808064880431
739,-2.3683709969395395,-1.4219696672586046,-0.4903162638068004
740,-0.9205821561515393,0.4268032501832941,-0.8586323741259783
741,2.2645257713449496,-0.7826118289240291,0.12270691468829753
742,-0.7424824001533992,-0.7119971820896964,-1.2031775155905144
743,0.4950495150604084,0.8756848521476179,0.0982728546601308
744,-1.308877559199395,-0.5196228936052982,-0.6143638455817779
745,-0.8527528709310062,0.3559352235473767,-0.9837679101329933
746,-1.0605808098897995,0.7114906027645418,0.24603272359335904
747,1.5238773215635604,-0.7114906027645418,-0.8613794909027028
748,-1.4529477900238064,0.7114906027645418,1.1073516972834874
749,-1.3485221533278136,1.0662876432347979,0.9832842483485926
750,1.9157773624689511,-0.19184788653126006,0.2456700663384659
751,-0.992907882991112,1.611798426853106,1.840604237655974
752,-2.7000158508787564,-1.419950540321846,0.24515812821990224
753,-1.0678057608304314,-0.710732083933685,-3.0688049616305335
754,1.7790433441557951,-0.3555555593011128,0.9511088999301087
755,-0.3911180693076943,0.07112122615948735,0.7685819795963944
756,-0.6759280927575162,0.14222727943202784,0.9813543476497877
757,1.2803188319807646,0.4976362381872157,2.326864071108048
758,2.9456147640303243,-0.4194198560814044,1.5889510157260922
759,-0.6026125206730626,-0.6472469117211332,-1.3443326192028593
760,-1.0643205318743298,-0.5693545097225083,-0.6116582244644064
761,0.6862616998573046,-0.1423892925656034,0.7339449870746861
762,-0.32710428212912035,-0.7122507423611424,0.4889975647563993
763,-0.9982938951189624,-0.7127584050858893,0.48875856300423237
764,0.44033778880692154,-0.3565698023160202,0.48851979476705054
765,0.6800118660761356,-0.17833259075361596,-0.8550663197333108
766,-3.680988368206073,-0.17836439893903488,0.8550663197333108
767,-0.24930106794318618,-1.0708550014930651,-0.7328692156529648
768,-0.03561951237340821,1.0708550014930651,0.48863914971786215
769,-1.4258218712681625,-0.7137759046798031,-0.24428972883194788
770,0.39230371943421716,-1.7866719064074665,0.24428972883194788
771,2.3790540595891585,-2.506715726211972,0.3663227344219422
772,2.2002115279100565,0.0,-0.12209266848683953
773,1.0741833089946695,0.0,1.09829774906256
774,-0.046093815104342184,1.0750762547742099,0.4877454065721487
775,1.1092074203187252,0.0,-2.5633215134059917
776,0.0,0.716075934644067,0.0
777,-4.330394017267203,0.0,-0.4620964836981045
778,0.39121544021725185,1.3805784168758883,0.4620964836981045
779,-0.9868680479030445,0.4073712816703434,0.0
780,1.4845573578563531,0.1929074371798123,0.48875856300423237
781,0.6750395509733664,-0.08573204454709327,-0.48875856300423237
782,-0.1775978124616273,0.607110352022211,0.0
783,0.10656247235019123,0.7137759046798031,-0.611284327366679
784,2.0296218104656205,0.0,-0.3669500377547763
785,-0.39708427217099995,0.0,0.9782343651214553
786,-0.851426190218163,0.713266792008671,0.9772783577712829
787,0.0,-1.070091059844458,-1.2193022655364594
788,0.28388928508693567,1.7828494649303472,-0.12470184660484662
789,2.091198238471037,-0.9980040748516217,-0.9785933502666211
790,0.6371230570891839,0.0,0.36708473951518883
791,0.21935954178164963,-0.0713241325502878,-0.6118827823531348
792,-0.8210762221780854,0.0,-1.4700480412890293
793,0.4792789810394993,1.4255169912207322,0.1225865769236556
794,0.6884287293598135,0.7119971820896964,-0.36780482238985
795,-0.14146772791079343,-0.3559352235473767,0.37025640065424525
796,2.666833084475684,0.04271891665474925,-0.0024515782643952377
797,1.6347285032569658,1.7356916534359002,-0.24518818315799606
798,0.6379396877518317,2.838894738424802,0.12260160623434047
799,1.0201390384310116,-0.7089684806000918,-0.8585270656720212
800,-0.5627066336844067,1.0632643213299708,-0.12270691468829753
801,-1.5490779044746716,-0.09210484371680039,0.12270691468829753
802,0.9508549606200845,2.5686672275111455,0.12269185954894013
803,0.7037545594652528,0.7064641763268042,-0.8591593041531453
804,-1.9365180426369477,0.705965437015621,-0.36843721632617843
805,-0.9167519417845327,-0.5717936474924912,-0.8602151068082264
806,-0.8469791584815312,1.6298082057177865,0.8602151068082264
807,0.7058657736429552,1.0568963464003822,-0.49146087732054866
808,0.2822068594996452,0.7039775017942951,-0.8606381548008635
809,-0.7409629328298806,-1.8454738313251617,0.7377351865396342
810,-0.8333569227172433,-0.6206186638681999,-1.22986118072399
811,1.9269664720313884,1.7621149933990665,-0.24615384739679058
812,1.7261730811117815,-1.7621149933990665,1.1072154664999445
813,0.24635309561737984,0.1340298183079014,0.614590394859782
814,-0.3871535464110565,-0.4868257295345124,0.0
815,1.1610112655668914,0.7054674013922124,0.7370102286690106
816,1.545921184838761,-1.4114328384078334,-0.7370102286690106
817,1.6136391055301402,-1.0245359572067514,0.24818743438936863
818,-0.455764552913962,-0.3888918399401753,0.24321306689989441
819,0.385660448289471,0.35354428510370184,-0.36852773588291754
820,2.170945213435971,0.3534193357164206,0.36852773588291754
821,-0.9798433034786669,-0.3534193357164206,0.2456097273797475
822,0.490041663346652,0.8409329904548457,-0.2456097273797475
823,-2.5227763905535383,-0.3249826939994982,0.8593702572956552
824,-1.430295469548426,0.5439332155878773,-0.8593702572956552
825,0.09555722163412383,0.35304501690625045,0.2456097273797475
826,-0.08712533476717965,0.0,-1.9665689720409496
827,3.2445069193611786,0.7057163313359816,-0.04429231947300494
828,0.3494276669515628,-0.1834383405387996,0.04429231947300494
829,-2.4527727598604443,-0.16935757068781143,-0.24609327059099684
830,-0.9830771102805613,0.0,-1.2313756019666222
831,-1.5496052451977604,-1.0591351387265746,-0.49297511474133415
832,-0.41945305626356344,-0.7067138103322712,0.3081379249723071
833,0.5629838290852618,-1.4149277210258049,0.4312336429066477
834,-1.9718316248082957,-0.1345223220581282,2.09192225429522
835,0.6342271450394676,0.48844198598940736,0.24582104351900114
836,-0.7738111145405568,1.767721867426797,-0.44989841167852873
837,0.3073409393854476,0.0,0.08114418219085096
838,-0.6260601983676395,0.0,0.24585126122644851
839,-2.718880225772047,0.35316970171095363,-0.49176298015884967
840,1.7684657502661238,-0.35316970171095363,0.0
841,1.5849322632917051,0.7062147186172041,0.24591171893240116
842,-0.035240427822103015,1.058387821501583,-0.3688902593319554
843,-0.2819681394683471,0.3525471568330829,0.12297854039955425
844,-0.14101389010257037,0.0,-0.984252047961931
845,-0.21155812638351534,-0.8886569875374839,-0.9852217545698316
846,-0.6377659220246912,0.1834383405387996,0.1232058154703175
847,0.2850695546676718,-0.352795911226611,-1.1093991892852095
848,-0.9882121224906726,-0.1482114061976958,0.739736194502072
849,-2.26244440396961,-0.9109237325288788,0.12323618229892475
850,-1.346460998287391,-0.7067138103322712,0.8622282975516704
851,-1.300345122058566,0.3532944746158506,0.7375538133977955
852,2.0709619936392087,-0.3532944746158506,0.24573043495079716
853,1.8391460231068635,0.0,0.7368292117719832
854,1.588843127074746,1.4124296133424252,0.7362866942028923
855,0.8816010444929745,0.7054674013922124,-0.12267680810351678
856,-1.7639799952409163,-1.058387821501583,0.6132335998887406
857,0.0,-0.35304501690625045,0.3677597344542427
858,-0.42381861198048654,0.0,0.367624536950828
859,-0.06994733816156895,0.705965437015621,-0.6127826651707302
860,0.6703040386932813,-0.705965437015621,-0.24521824546619442
861,-0.7536820051949888,0.35304501690625045,-0.8587377084179337
862,-2.1936403156521678,-0.7062147186172041,-0.24548913833832842
863,-0.5670397175299158,1.4119310499531856,-0.8605323537973497
864,-0.4596725923073919,0.0,-0.1229936659812303
865,-0.6023562942338856,0.3526714901656014,0.0
866,-0.852422470183356,0.7049700679697679,0.24597220638078454
867,-1.4043221059090172,-0.352422911136685,0.24591171893240116
868,0.3054552194443616,-1.0580145582252953,0.24585126122644851
869,1.1712304581070754,0.0,-0.9837679101329933
870,0.21280368939979866,-0.705965437015621,-0.4922471179877874
871,-0.03546413689470285,-0.7064641763268042,0.24615384739679058
872,-0.6030828357408424,0.3532944746158506,0.8610616191031539
873,-1.4915305155120961,-0.7067138103322712,-0.6149683485121571
874,0.42424718968536723,0.0,-0.12303906505817253
875,-0.8152540372865502,1.0598835120432248,0.8609557139647173
876,-0.3477690720421478,-0.7064641763268042,0.5973135815704467
877,1.271720807992871,0.7064641763268042,0.6313387415639582
878,0.35513886302673825,0.0,-0.04420529924020755
879,-0.24858396051286036,-1.0598835120432248,-0.1694717520437372
880,-0.035517039303378795,0.0,0.4592264693377146
881,1.3132910471878034,-0.35354428510370184,0.0
882,0.9218224371965178,1.4134277971469267,-0.24554941805376984
883,0.35432094761755906,0.705965437015621,0.12278224584161279
884,0.6374615082886947,-0.6706553259618886,0.12276717221215705
885,0.6016740877683446,-0.035310111053732385,0.24548913833832842
886,-0.1684322570154606,0.35304501690625045,0.24542888821210695
887,0.13304968292970898,-0.7627334475257541,-1.7192685065121616
888,-1.9479720693444946,-1.003739366527423,0.2015529415113626
889,-1.2415972080459525,0.35354428510370184,-0.2015529415113626
890,-0.8522727788617956,-0.35354428510370184,-0.08112423443495942
891,0.0028421161832881126,0.0,-0.9026436756980338
892,0.5654204364011761,0.35354428510370184,-0.33716313231391126
893,-0.21306061655135267,0.3534193357164206,0.33716313231391126
894,-0.27472468986911025,0.0,1.4763782209263887
895,-4.137100661606219,0.0,-0.7379166489065447
896,0.3573215217036463,0.0,0.0
897,0.20075866839430745,0.35316970171095363,0.9837679101329933
898,0.7990628753482554,0.35304501690625045,0.0
899,-0.10707593478631594,-0.16238522753742046,-0.6147415205584039
900,-0.2855918911315314,-0.5438294910797836,-0.1229936659812303
901,0.2855918911315314,0.35316970171095363,1.2292564547293772
902,-0.8570204781088719,-0.31784711821325473,-0.7373725294161915
903,-0.07145153802490256,-2.156964114855775,-0.5115643157727057
904,-1.976227980128975,-0.7082153270521196,-0.964813905153683
905,-0.5994334566672421,-0.3542958407298791,-0.9854644798505952
906,-0.9317327318019153,0.0,0.24645717931282007
907,-1.1479410071046914,-0.7089684806000918,0.1232058154703175
908,-0.6261830899640941,0.382905405771794,-1.3560995729218206
909,2.5625698247573325,-0.02835833593461956,0.0
910,0.5014147162825111,0.35442141076291733,-0.3701647275287101
911,1.3597168159238393,0.0,-0.9877763489898328
912,-2.3627977913394105,-1.41843995413371,-1.8547145965941425
913,-1.6501061964193653,0.16322301622695434,-0.49517208241312005
914,2.6531871718349365,0.19157563925986665,0.49517208241312005
915,-1.5767221785827346,0.0,-0.37135607284488614
916,1.2544130096774353,0.7092198878839717,0.49511079115127643
917,2.25398567726387,0.7087172514927964,0.12373940497134583
918,-0.7150007454610474,-1.0632643213299708,-0.8664975475616288
919,0.5362984808279236,-0.3546728180467973,0.6685071494492156
920,0.07148473803919586,-0.12061741943014681,0.07425099314106731
921,-0.178721427387174,0.12061741943014681,-1.7339612964732964
922,-0.3575387073739833,-0.354798655486821,-1.3645105385760026
923,0.8578782339112578,1.0640185433707927,0.7445092787126129
924,0.5000893120836736,-0.9007955271438384,-0.3721853525999741
925,-1.3579675459949314,-0.16322301622695434,0.0
926,0.6434776613550852,0.7094714735336183,0.4962163605108927
927,-1.2158056208892987,0.35454706983717443,0.37200074829168983
928,0.4292766754048216,1.7708522424761952,-0.620078149712544
929,-0.4579016736183661,0.7074637719908239,1.5792014804905108
930,2.528717427260574,-0.35366932287317354,0.5274973592666043
931,1.356779718625134,0.35366932287317354,-0.12380068106176978
932,-1.283971929015415,0.35354428510370184,-0.49535604728090377
933,0.03568815688836935,0.7067138103322712,0.8667121201257899
934,-0.14285714309991704,0.0,-0.12404639350993563
935,-1.9420230880484723,0.0,-1.1171105239191625
936,-0.4896760074997175,-1.0595091932330547,0.9930487409919309
937,0.35797387173008843,0.3532944746158506,-0.24816974938124403
938,0.9658898563369434,0.5508902667061832,0.24816974938124403
939,-0.1072750354138563,-0.9041847413220339,-0.12407717616280678
940,-2.219597803822637,-0.7069636208201224,-0.37232392611263876
941,-0.3584614871519065,1.4134277971469267,0.9925559127514916
942,1.5404735523478763,0.0,0.7437709528446135
943,0.1789709177035803,1.058761348242232,1.2383902511468037
944,1.2161535282970704,0.0,0.24749412327773612
945,-3.0073057177153473,-2.8258584682623322,-2.1056550791098694
946,0.28680003064618376,-0.35379444911765034,-0.6201550586353299
947,-4.95886603143969,-3.5448459665397003,-4.476505858902247
948,-0.5765350404720593,-1.7771463714009172,-0.3739482748472689
949,-1.4066982788190074,-1.7803102441256158,-1.8718418144052507
950,0.7937653757803531,-1.7834854022980018,-1.7502192241294345
951,0.9733062537256032,2.495989885593186,1.7502192241294345
952,1.2962698055938304,1.0678057608304314,-0.24984384889492617
953,-1.945035371690551,-2.4933227520511636,-0.12494533657791962
954,0.2163019583765191,-1.070472894372454,-0.6249609602826389
955,-1.58730192057277,-1.7866719064074665,-1.7269216290118905
956,3.136098311358637,2.5004478110872697,1.6018825541381787
957,0.6116538230163115,0.47081316007746565,1.3745706631667076
958,1.6172800879976634,0.9552120370170947,1.74672533494169
959,0.10772573039474764,0.5912039006457093,-0.004986300140341626
960,1.3635224043717642,1.1884726680273516,1.250781901652509
961,-0.466258997382063,0.3555555593011128,1.4929089610320467
962,-1.184557813907361,-1.4229813856130313,-0.7461758833962051
963,-2.5533612131916072,-1.7815789497630519,-2.2418741485861204
964,-1.9102891065729821,-1.427551991185716,-0.7484096644700955
965,-0.8662384140887269,-0.7145409378686018,-0.8738531234562252
966,1.659631654163718,1.785395939361667,0.6242587130751431
967,1.0088636727996203,1.2906401868582051,1.7458540411530166
968,-0.46827441736141395,0.13538501023635519,-0.9972576244097198
969,-2.3446669592539493,-2.1398011017743634,-1.747597498828135
970,1.5517026731819428,1.070472894372454,0.4996252914324373
971,-1.1184271031448034,0.3565698023160202,-1.4996253747661115
972,2.3436524816435877,0.3564427056095276,0.7500937968898391
973,-1.5057969529568282,-1.0697094976181987,-1.375602042717361
974,-0.8739546568969914,-0.3568242678357869,0.2502502515562277
975,-0.25273039217488247,-1.0712373814989462,1.3752580776049683
976,-0.3972768530138282,0.0,-0.12494533657791962
977,-0.8311801428959598,-0.9078789498859763,-1.9061013503036683
978,0.28918450172632504,-0.8800707486602555,-1.4733373750681622
979,0.6503595272047136,1.0731533850525388,-1.5408052876058065
980,0.4333381549823656,-0.17877894031714803,0.6627870436797245
981,-0.9391367856581567,-1.2666699371006729,-2.890357023204171
982,-0.8676790132229328,-0.19336195627950303,-0.3776197414122606
983,-0.7236413949183174,-1.2254947407734917,-0.881667668422903
984,-2.536876655015341,-0.7173601455408019,-2.0181641562375674
985,1.3388232396316369,1.7924364003150117,1.640068493531377
986,2.572524641280438,1.0739217069364315,2.8950866718600032
987,-0.10771924038621705,-1.0739217069364315,-1.5094342488541912
988,-0.37168431269396507,-0.35823034594084646,-0.37771482979742643
989,0.6962527353246983,-0.35835872091105614,0.37771482979742643
990,-0.6868504562840272,2.148228538289665,-0.25179403381159204
991,0.0,-0.7155635367936952,21.9186857076461
992,0.0,0.0,7.37260235374082
993,0.0,19.121041446778175,0.0
994,68.33932404675468,0.0,14.653903429983295
995,-68.33932404675468,0.0,0.0
996,0.0,-26.99789930205787,0.0
997,0.0,26.99789930205787,0.0
998,0.0,0.0,0.0
999,0.0,-26.99789930205787,0.0
