,traffic-nj511-minutes-harlem_river_drive_from_the_triborough_bridge_to_i-80_via_the_lower_level,traffic-nj511-minutes-i-87_from_the_triborough_bridge_to_i-80_via_the_upper_level,traffic-nj511-minutes-harlem_river_drive_from_the_triborough_bridge_to_i-80_via_the_upper_level,traffic-nj511-minutes-i-87_from_the_triborough_bridge_to_i-80_via_the_lower_level
0,16.0,15.0,17.0,14.0
1,16.0,15.0,16.0,14.0
2,15.0,15.0,16.0,14.0
3,14.0,15.0,14.0,15.0
4,13.0,15.0,14.0,15.0
5,12.0,16.0,13.0,15.0
6,13.0,16.0,13.0,15.0
7,12.0,17.0,15.0,14.0
8,12.0,17.0,15.0,14.0
9,12.0,20.0,19.0,14.0
10,13.0,20.0,18.0,14.0
11,13.0,24.0,23.0,14.0
12,13.0,21.0,20.0,14.0
13,14.0,26.0,25.0,14.0
14,15.0,30.0,28.0,15.0
15,16.0,29.0,27.0,15.0
16,16.0,28.0,26.0,17.0
17,17.0,28.0,26.0,17.0
18,17.0,29.0,27.0,18.0
19,18.0,28.0,27.0,18.0
20,18.0,27.0,27.0,17.0
21,17.0,24.0,23.0,18.0
22,17.0,23.0,22.0,18.0
23,16.0,19.0,17.0,17.0
24,15.0,17.0,16.0,17.0
25,13.0,16.0,14.0,16.0
26,12.0,16.0,13.0,15.0
27,12.0,15.0,12.0,15.0
28,12.0,15.0,12.0,15.0
29,11.0,15.0,12.0,15.0
30,11.0,14.0,12.0,14.0
31,12.0,13.0,12.0,13.0
32,12.0,13.0,12.0,13.0
33,12.0,13.0,12.0,13.0
34,13.0,13.0,13.0,13.0
35,13.0,13.0,12.0,13.0
36,13.0,13.0,12.0,13.0
37,12.0,13.0,12.0,13.0
38,12.0,13.0,12.0,13.0
39,12.0,13.0,12.0,13.0
40,12.0,13.0,12.0,13.0
41,13.0,13.0,13.0,13.0
42,13.0,13.0,13.0,13.0
43,13.0,13.0,13.0,13.0
44,13.0,13.0,13.0,13.0
45,12.0,13.0,12.0,13.0
46,12.0,13.0,12.0,13.0
47,11.0,13.0,11.0,13.0
48,11.0,12.0,11.0,12.0
49,11.0,12.0,11.0,12.0
50,11.0,12.0,11.0,12.0
51,11.0,12.0,11.0,12.0
52,11.0,12.0,11.0,12.0
53,11.0,12.0,11.0,12.0
54,11.0,12.0,11.0,12.0
55,11.0,12.0,11.0,12.0
56,11.0,12.0,11.0,12.0
57,11.0,12.0,11.0,11.0
58,11.0,12.0,11.0,11.0
59,11.0,12.0,11.0,12.0
60,11.0,12.0,11.0,12.0
61,11.0,12.0,11.0,11.0
62,11.0,12.0,11.0,11.0
63,11.0,12.0,11.0,12.0
64,11.0,12.0,11.0,12.0
65,11.0,12.0,11.0,12.0
66,11.0,12.0,11.0,12.0
67,11.0,12.0,11.0,11.0
68,11.0,12.0,11.0,11.0
69,11.0,12.0,11.0,11.0
70,11.0,12.0,11.0,11.0
71,11.0,12.0,11.0,11.0
72,11.0,12.0,11.0,11.0
73,11.0,12.0,11.0,11.0
74,11.0,12.0,11.0,11.0
75,11.0,12.0,11.0,11.0
76,11.0,12.0,11.0,11.0
77,11.0,12.0,11.0,11.0
78,11.0,12.0,11.0,11.0
79,12.0,12.0,11.0,12.0
80,11.0,12.0,11.0,11.0
81,11.0,12.0,11.0,11.0
82,11.0,12.0,11.0,11.0
83,11.0,12.0,11.0,11.0
84,11.0,12.0,11.0,11.0
85,12.0,12.0,12.0,11.0
86,11.0,12.0,11.0,11.0
87,11.0,12.0,11.0,11.0
88,11.0,12.0,12.0,11.0
89,11.0,12.0,11.0,11.0
90,12.0,12.0,12.0,11.0
91,11.0,12.0,11.0,11.0
92,11.0,12.0,11.0,11.0
93,11.0,12.0,11.0,11.0
94,11.0,12.0,11.0,11.0
95,11.0,12.0,11.0,11.0
96,11.0,12.0,11.0,11.0
97,11.0,12.0,11.0,11.0
98,11.0,12.0,11.0,11.0
99,11.0,12.0,11.0,11.0
100,11.0,12.0,12.0,11.0
101,11.0,12.0,11.0,11.0
102,11.0,12.0,11.0,11.0
103,11.0,12.0,11.0,11.0
104,11.0,12.0,11.0,11.0
105,11.0,12.0,11.0,11.0
106,11.0,12.0,11.0,11.0
107,11.0,12.0,11.0,11.0
108,11.0,12.0,11.0,11.0
109,11.0,12.0,11.0,11.0
110,11.0,12.0,11.0,11.0
111,11.0,12.0,11.0,11.0
112,11.0,12.0,11.0,11.0
113,11.0,12.0,11.0,11.0
114,11.0,12.0,11.0,11.0
115,11.0,12.0,11.0,11.0
116,11.0,12.0,11.0,11.0
117,11.0,12.0,11.0,11.0
118,11.0,12.0,11.0,11.0
119,11.0,12.0,11.0,11.0
120,11.0,12.0,11.0,11.0
121,11.0,12.0,11.0,11.0
122,11.0,12.0,11.0,11.0
123,11.0,12.0,11.0,11.0
124,11.0,12.0,11.0,11.0
125,11.0,12.0,11.0,11.0
126,11.0,12.0,11.0,11.0
127,11.0,12.0,11.0,11.0
128,11.0,12.0,11.0,11.0
129,11.0,12.0,11.0,11.0
130,11.0,12.0,11.0,11.0
131,11.0,12.0,11.0,11.0
132,11.0,12.0,11.0,11.0
133,11.0,12.0,11.0,11.0
134,11.0,12.0,11.0,11.0
135,11.0,12.0,11.0,11.0
136,13.0,12.0,13.0,11.0
137,11.0,12.0,11.0,11.0
138,11.0,12.0,11.0,11.0
139,11.0,12.0,11.0,11.0
140,12.0,12.0,12.0,11.0
141,16.0,12.0,16.0,11.0
142,13.0,12.0,13.0,11.0
143,11.0,12.0,11.0,11.0
144,11.0,12.0,11.0,11.0
145,11.0,12.0,11.0,11.0
146,11.0,12.0,11.0,11.0
147,11.0,12.0,11.0,11.0
148,11.0,12.0,11.0,11.0
149,11.0,12.0,11.0,11.0
150,11.0,12.0,11.0,11.0
151,11.0,12.0,11.0,11.0
152,11.0,12.0,11.0,11.0
153,11.0,12.0,11.0,11.0
154,11.0,12.0,11.0,11.0
155,11.0,12.0,11.0,11.0
156,11.0,12.0,11.0,11.0
157,11.0,12.0,11.0,11.0
158,11.0,12.0,11.0,11.0
159,11.0,12.0,11.0,11.0
160,11.0,12.0,11.0,11.0
161,11.0,12.0,11.0,11.0
162,11.0,12.0,11.0,11.0
163,11.0,12.0,11.0,11.0
164,11.0,12.0,11.0,11.0
165,22.0,12.0,21.0,12.0
166,11.0,12.0,11.0,11.0
167,13.0,12.0,13.0,11.0
168,11.0,12.0,11.0,11.0
169,11.0,12.0,11.0,11.0
170,11.0,12.0,11.0,11.0
171,11.0,12.0,11.0,11.0
172,11.0,12.0,11.0,11.0
173,11.0,12.0,11.0,11.0
174,11.0,12.0,11.0,11.0
175,11.0,12.0,11.0,11.0
176,11.0,12.0,11.0,11.0
177,11.0,12.0,11.0,11.0
178,11.0,12.0,11.0,11.0
179,11.0,12.0,11.0,11.0
180,11.0,12.0,11.0,11.0
181,11.0,12.0,11.0,11.0
182,11.0,12.0,11.0,11.0
183,11.0,12.0,11.0,11.0
184,11.0,12.0,11.0,11.0
185,11.0,12.0,11.0,11.0
186,11.0,12.0,11.0,11.0
187,11.0,12.0,11.0,11.0
188,11.0,12.0,11.0,11.0
189,11.0,12.0,11.0,11.0
190,16.0,12.0,16.0,11.0
191,11.0,12.0,11.0,11.0
192,11.0,12.0,11.0,11.0
193,11.0,12.0,11.0,11.0
194,11.0,12.0,11.0,11.0
195,11.0,12.0,11.0,11.0
196,11.0,12.0,11.0,11.0
197,11.0,12.0,11.0,11.0
198,11.0,12.0,11.0,11.0
199,12.0,12.0,12.0,11.0
200,11.0,12.0,11.0,11.0
201,11.0,12.0,11.0,11.0
202,27.0,12.0,27.0,11.0
203,11.0,12.0,11.0,11.0
204,11.0,12.0,11.0,11.0
205,11.0,12.0,11.0,11.0
206,11.0,12.0,11.0,11.0
207,11.0,12.0,11.0,11.0
208,11.0,12.0,11.0,11.0
209,11.0,12.0,11.0,11.0
210,11.0,12.0,11.0,11.0
211,11.0,12.0,11.0,11.0
212,11.0,12.0,11.0,11.0
213,11.0,12.0,11.0,11.0
214,11.0,12.0,11.0,11.0
215,11.0,12.0,11.0,11.0
216,11.0,12.0,11.0,11.0
217,11.0,12.0,11.0,11.0
218,11.0,12.0,11.0,11.0
219,11.0,12.0,11.0,11.0
220,11.0,12.0,11.0,11.0
221,11.0,12.0,11.0,11.0
222,11.0,12.0,11.0,11.0
223,11.0,12.0,11.0,11.0
224,11.0,12.0,11.0,11.0
225,11.0,12.0,11.0,11.0
226,11.0,12.0,11.0,11.0
227,11.0,12.0,11.0,11.0
228,11.0,12.0,11.0,11.0
229,11.0,12.0,11.0,11.0
230,11.0,12.0,11.0,11.0
231,11.0,12.0,11.0,11.0
232,11.0,12.0,11.0,11.0
233,11.0,12.0,11.0,11.0
234,11.0,12.0,11.0,11.0
235,11.0,12.0,11.0,11.0
236,11.0,12.0,11.0,11.0
237,11.0,12.0,11.0,11.0
238,11.0,12.0,11.0,11.0
239,11.0,12.0,11.0,11.0
240,11.0,12.0,11.0,11.0
241,11.0,12.0,11.0,11.0
242,11.0,12.0,11.0,11.0
243,11.0,12.0,11.0,11.0
244,11.0,12.0,11.0,11.0
245,11.0,12.0,11.0,11.0
246,11.0,12.0,11.0,11.0
247,11.0,12.0,11.0,11.0
248,11.0,12.0,11.0,11.0
249,11.0,12.0,11.0,11.0
250,11.0,12.0,11.0,11.0
251,11.0,12.0,11.0,11.0
252,11.0,12.0,11.0,11.0
253,11.0,12.0,11.0,11.0
254,11.0,12.0,11.0,11.0
255,11.0,12.0,11.0,11.0
256,11.0,12.0,11.0,11.0
257,11.0,12.0,11.0,11.0
258,11.0,12.0,11.0,11.0
259,11.0,12.0,11.0,11.0
260,11.0,12.0,11.0,11.0
261,11.0,12.0,11.0,11.0
262,11.0,12.0,11.0,11.0
263,11.0,12.0,11.0,11.0
264,11.0,12.0,11.0,11.0
265,11.0,12.0,11.0,11.0
266,11.0,12.0,11.0,11.0
267,11.0,12.0,11.0,11.0
268,11.0,12.0,11.0,11.0
269,11.0,12.0,11.0,11.0
270,11.0,12.0,11.0,11.0
271,11.0,12.0,11.0,11.0
272,11.0,12.0,11.0,11.0
273,11.0,12.0,11.0,11.0
274,11.0,12.0,11.0,11.0
275,14.0,12.0,13.0,11.0
276,12.0,12.0,12.0,11.0
277,12.0,12.0,12.0,11.0
278,16.0,12.0,15.0,11.0
279,11.0,12.0,11.0,11.0
280,11.0,12.0,11.0,11.0
281,11.0,12.0,11.0,11.0
282,11.0,12.0,11.0,11.0
283,11.0,12.0,11.0,11.0
284,11.0,12.0,11.0,11.0
285,11.0,12.0,11.0,11.0
286,11.0,12.0,11.0,11.0
287,11.0,12.0,11.0,11.0
288,11.0,12.0,11.0,11.0
289,11.0,12.0,11.0,11.0
290,11.0,12.0,11.0,11.0
291,11.0,12.0,11.0,11.0
292,11.0,12.0,11.0,11.0
293,11.0,12.0,11.0,12.0
294,13.0,12.0,11.0,13.0
295,15.0,12.0,11.0,15.0
296,14.0,12.0,11.0,14.0
297,12.0,12.0,11.0,12.0
298,11.0,12.0,11.0,12.0
299,11.0,12.0,11.0,11.0
300,11.0,12.0,11.0,11.0
301,11.0,12.0,11.0,12.0
302,11.0,12.0,11.0,12.0
303,11.0,12.0,11.0,12.0
304,11.0,12.0,11.0,12.0
305,11.0,12.0,11.0,12.0
306,11.0,12.0,11.0,13.0
307,12.0,12.0,11.0,13.0
308,12.0,12.0,11.0,13.0
309,12.0,12.0,12.0,13.0
310,12.0,13.0,12.0,13.0
311,12.0,13.0,12.0,13.0
312,13.0,13.0,12.0,13.0
313,12.0,12.0,12.0,13.0
314,12.0,12.0,12.0,13.0
315,12.0,13.0,12.0,13.0
316,12.0,12.0,12.0,12.0
317,12.0,13.0,12.0,12.0
318,12.0,13.0,12.0,12.0
319,12.0,12.0,12.0,12.0
320,12.0,13.0,12.0,13.0
321,12.0,12.0,12.0,13.0
322,12.0,12.0,12.0,13.0
323,12.0,12.0,12.0,12.0
324,12.0,12.0,12.0,13.0
325,12.0,13.0,12.0,13.0
326,13.0,13.0,12.0,14.0
327,13.0,13.0,12.0,13.0
328,12.0,13.0,12.0,13.0
329,12.0,12.0,12.0,13.0
330,12.0,13.0,12.0,13.0
331,13.0,13.0,12.0,13.0
332,12.0,13.0,12.0,13.0
333,13.0,12.0,13.0,12.0
334,13.0,12.0,13.0,12.0
335,12.0,12.0,12.0,13.0
336,12.0,13.0,12.0,13.0
337,12.0,13.0,11.0,13.0
338,12.0,12.0,11.0,13.0
339,12.0,12.0,11.0,13.0
340,11.0,12.0,12.0,12.0
341,12.0,12.0,11.0,12.0
342,11.0,12.0,11.0,12.0
343,11.0,12.0,11.0,12.0
344,11.0,12.0,11.0,12.0
345,11.0,12.0,11.0,12.0
346,11.0,12.0,11.0,12.0
347,11.0,12.0,11.0,12.0
348,11.0,12.0,11.0,12.0
349,11.0,12.0,11.0,12.0
350,11.0,12.0,11.0,12.0
351,11.0,12.0,11.0,12.0
352,11.0,12.0,11.0,12.0
353,11.0,12.0,11.0,12.0
354,11.0,12.0,11.0,12.0
355,11.0,12.0,11.0,12.0
356,11.0,12.0,11.0,12.0
357,11.0,12.0,11.0,12.0
358,11.0,12.0,11.0,12.0
359,13.0,12.0,13.0,12.0
360,13.0,12.0,13.0,12.0
361,12.0,12.0,12.0,12.0
362,12.0,12.0,11.0,12.0
363,12.0,12.0,11.0,12.0
364,12.0,12.0,11.0,12.0
365,12.0,13.0,11.0,12.0
366,12.0,13.0,11.0,12.0
367,12.0,12.0,11.0,12.0
368,12.0,12.0,12.0,12.0
369,12.0,12.0,11.0,13.0
370,12.0,12.0,11.0,13.0
371,12.0,12.0,12.0,13.0
372,12.0,12.0,12.0,12.0
373,12.0,12.0,12.0,12.0
374,12.0,12.0,12.0,13.0
375,13.0,13.0,13.0,12.0
376,13.0,13.0,13.0,12.0
377,12.0,12.0,11.0,13.0
378,12.0,12.0,11.0,13.0
379,12.0,12.0,11.0,12.0
380,12.0,12.0,11.0,12.0
381,12.0,13.0,12.0,12.0
382,12.0,13.0,12.0,13.0
383,12.0,13.0,12.0,12.0
384,12.0,12.0,12.0,12.0
385,12.0,12.0,11.0,13.0
386,12.0,12.0,11.0,13.0
387,12.0,12.0,11.0,13.0
388,12.0,12.0,12.0,13.0
389,12.0,12.0,11.0,13.0
390,12.0,12.0,11.0,13.0
391,12.0,12.0,12.0,13.0
392,13.0,12.0,12.0,12.0
393,13.0,12.0,12.0,12.0
394,13.0,12.0,12.0,13.0
395,12.0,12.0,12.0,13.0
396,12.0,12.0,12.0,13.0
397,12.0,12.0,12.0,13.0
398,12.0,12.0,12.0,13.0
399,12.0,12.0,12.0,13.0
400,12.0,12.0,12.0,13.0
401,12.0,12.0,12.0,13.0
402,12.0,12.0,11.0,12.0
403,12.0,12.0,12.0,13.0
404,12.0,12.0,12.0,13.0
405,12.0,12.0,12.0,12.0
406,12.0,12.0,11.0,12.0
407,12.0,12.0,11.0,13.0
408,12.0,12.0,11.0,13.0
409,12.0,12.0,12.0,12.0
410,12.0,12.0,12.0,12.0
411,12.0,12.0,12.0,12.0
412,12.0,12.0,11.0,12.0
413,12.0,12.0,11.0,12.0
414,12.0,12.0,12.0,12.0
415,12.0,12.0,12.0,12.0
416,12.0,12.0,11.0,12.0
417,12.0,12.0,12.0,12.0
418,12.0,12.0,11.0,12.0
419,12.0,12.0,11.0,12.0
420,12.0,12.0,11.0,12.0
421,11.0,12.0,11.0,12.0
422,11.0,12.0,11.0,12.0
423,11.0,12.0,11.0,12.0
424,12.0,12.0,11.0,12.0
425,12.0,12.0,11.0,12.0
426,11.0,12.0,11.0,12.0
427,11.0,12.0,11.0,12.0
428,12.0,12.0,11.0,12.0
429,11.0,12.0,11.0,12.0
430,11.0,12.0,11.0,12.0
431,11.0,12.0,11.0,12.0
432,11.0,12.0,11.0,12.0
433,11.0,12.0,11.0,12.0
434,11.0,12.0,11.0,12.0
435,12.0,12.0,11.0,12.0
436,11.0,12.0,11.0,12.0
437,12.0,12.0,11.0,12.0
438,11.0,12.0,11.0,12.0
439,11.0,12.0,11.0,12.0
440,11.0,12.0,11.0,12.0
441,11.0,12.0,11.0,12.0
442,11.0,12.0,11.0,12.0
443,12.0,12.0,11.0,12.0
444,12.0,12.0,11.0,12.0
445,11.0,12.0,11.0,12.0
446,11.0,12.0,11.0,12.0
447,11.0,12.0,11.0,12.0
448,11.0,12.0,11.0,12.0
449,11.0,12.0,11.0,12.0
450,11.0,12.0,11.0,11.0
451,11.0,12.0,11.0,11.0
452,11.0,12.0,11.0,12.0
453,11.0,12.0,11.0,12.0
454,11.0,12.0,11.0,12.0
455,11.0,12.0,11.0,12.0
456,13.0,12.0,12.0,12.0
457,13.0,12.0,12.0,12.0
458,12.0,12.0,12.0,11.0
459,11.0,12.0,11.0,12.0
460,11.0,12.0,11.0,11.0
461,12.0,12.0,11.0,11.0
462,12.0,12.0,12.0,11.0
463,12.0,12.0,11.0,12.0
464,11.0,12.0,11.0,12.0
465,11.0,12.0,12.0,12.0
466,11.0,12.0,11.0,12.0
467,11.0,12.0,11.0,12.0
468,11.0,12.0,11.0,12.0
469,11.0,12.0,11.0,11.0
470,12.0,12.0,12.0,12.0
471,12.0,12.0,12.0,11.0
472,11.0,12.0,11.0,12.0
473,11.0,12.0,11.0,12.0
474,11.0,12.0,11.0,12.0
475,12.0,12.0,11.0,12.0
476,11.0,12.0,11.0,12.0
477,11.0,12.0,11.0,12.0
478,11.0,12.0,11.0,12.0
479,11.0,12.0,11.0,12.0
480,11.0,12.0,11.0,12.0
481,11.0,12.0,11.0,12.0
482,11.0,12.0,11.0,12.0
483,12.0,12.0,11.0,12.0
484,13.0,12.0,12.0,12.0
485,11.0,12.0,11.0,11.0
486,11.0,12.0,11.0,11.0
487,11.0,12.0,11.0,11.0
488,11.0,12.0,11.0,11.0
489,11.0,12.0,11.0,11.0
490,11.0,12.0,11.0,12.0
491,11.0,12.0,11.0,12.0
492,11.0,12.0,11.0,12.0
493,11.0,12.0,11.0,12.0
494,11.0,12.0,11.0,12.0
495,11.0,12.0,11.0,12.0
496,11.0,12.0,11.0,12.0
497,11.0,12.0,11.0,12.0
498,11.0,12.0,11.0,12.0
499,11.0,12.0,11.0,12.0
500,11.0,12.0,11.0,11.0
501,11.0,12.0,11.0,11.0
502,11.0,12.0,11.0,11.0
503,11.0,12.0,11.0,11.0
504,11.0,12.0,11.0,11.0
505,11.0,12.0,11.0,12.0
506,11.0,12.0,11.0,11.0
507,11.0,12.0,11.0,11.0
508,11.0,12.0,11.0,11.0
509,11.0,12.0,11.0,11.0
510,11.0,12.0,11.0,11.0
511,11.0,12.0,11.0,12.0
512,11.0,12.0,11.0,12.0
513,11.0,12.0,11.0,12.0
514,11.0,12.0,11.0,12.0
515,13.0,12.0,12.0,12.0
516,12.0,12.0,11.0,12.0
517,13.0,12.0,13.0,12.0
518,12.0,12.0,12.0,12.0
519,12.0,12.0,12.0,12.0
520,11.0,12.0,11.0,12.0
521,11.0,12.0,11.0,12.0
522,11.0,12.0,11.0,11.0
523,11.0,12.0,11.0,11.0
524,11.0,12.0,11.0,12.0
525,11.0,12.0,11.0,12.0
526,11.0,12.0,11.0,12.0
527,11.0,12.0,11.0,12.0
528,11.0,12.0,11.0,12.0
529,11.0,12.0,11.0,12.0
530,11.0,12.0,11.0,12.0
531,11.0,12.0,11.0,12.0
532,11.0,12.0,11.0,12.0
533,11.0,12.0,11.0,12.0
534,11.0,12.0,11.0,12.0
535,11.0,12.0,11.0,12.0
536,11.0,12.0,11.0,12.0
537,11.0,12.0,11.0,12.0
538,11.0,12.0,11.0,12.0
539,11.0,12.0,11.0,12.0
540,11.0,12.0,11.0,12.0
541,11.0,12.0,11.0,12.0
542,11.0,12.0,11.0,12.0
543,11.0,12.0,11.0,12.0
544,11.0,12.0,11.0,12.0
545,11.0,12.0,11.0,12.0
546,11.0,12.0,11.0,12.0
547,11.0,12.0,11.0,12.0
548,11.0,12.0,11.0,12.0
549,11.0,12.0,11.0,12.0
550,11.0,12.0,11.0,12.0
551,11.0,12.0,11.0,12.0
552,11.0,12.0,11.0,12.0
553,11.0,12.0,11.0,11.0
554,11.0,12.0,11.0,12.0
555,11.0,12.0,11.0,11.0
556,11.0,12.0,11.0,12.0
557,11.0,12.0,11.0,12.0
558,11.0,12.0,11.0,12.0
559,11.0,12.0,11.0,11.0
560,11.0,12.0,11.0,11.0
561,11.0,12.0,11.0,11.0
562,11.0,12.0,11.0,11.0
563,11.0,12.0,11.0,11.0
564,11.0,12.0,11.0,11.0
565,11.0,12.0,11.0,11.0
566,11.0,12.0,11.0,11.0
567,11.0,12.0,11.0,11.0
568,11.0,12.0,11.0,11.0
569,12.0,12.0,12.0,11.0
570,12.0,12.0,12.0,11.0
571,13.0,12.0,13.0,11.0
572,12.0,12.0,12.0,11.0
573,11.0,12.0,11.0,11.0
574,11.0,12.0,11.0,11.0
575,11.0,12.0,11.0,11.0
576,11.0,12.0,11.0,11.0
577,11.0,12.0,11.0,12.0
578,12.0,12.0,11.0,11.0
579,11.0,12.0,11.0,12.0
580,11.0,12.0,11.0,11.0
581,11.0,12.0,11.0,11.0
582,11.0,12.0,11.0,11.0
583,11.0,12.0,11.0,11.0
584,13.0,12.0,13.0,11.0
585,13.0,12.0,12.0,12.0
586,12.0,12.0,12.0,12.0
587,12.0,12.0,12.0,11.0
588,11.0,12.0,12.0,11.0
589,11.0,12.0,12.0,11.0
590,11.0,12.0,11.0,11.0
591,11.0,12.0,11.0,11.0
592,11.0,12.0,11.0,11.0
593,11.0,12.0,11.0,11.0
594,11.0,12.0,11.0,11.0
595,11.0,12.0,11.0,11.0
596,11.0,12.0,11.0,12.0
597,11.0,12.0,11.0,12.0
598,11.0,12.0,11.0,12.0
599,11.0,12.0,11.0,11.0
600,11.0,12.0,11.0,11.0
601,11.0,12.0,11.0,11.0
602,11.0,12.0,11.0,11.0
603,11.0,13.0,13.0,12.0
604,11.0,13.0,12.0,12.0
605,14.0,12.0,14.0,12.0
606,15.0,12.0,15.0,12.0
607,18.0,12.0,17.0,12.0
608,11.0,12.0,11.0,12.0
609,11.0,12.0,11.0,11.0
610,11.0,12.0,11.0,11.0
611,11.0,12.0,11.0,11.0
612,11.0,12.0,11.0,11.0
613,11.0,12.0,11.0,11.0
614,11.0,12.0,11.0,12.0
615,11.0,12.0,11.0,11.0
616,11.0,12.0,11.0,11.0
617,11.0,12.0,11.0,12.0
618,11.0,12.0,11.0,12.0
619,14.0,12.0,13.0,13.0
620,13.0,12.0,13.0,12.0
621,11.0,12.0,11.0,12.0
622,11.0,12.0,11.0,12.0
623,11.0,12.0,11.0,12.0
624,11.0,12.0,11.0,12.0
625,11.0,12.0,11.0,12.0
626,11.0,12.0,11.0,12.0
627,11.0,12.0,11.0,13.0
628,12.0,12.0,12.0,13.0
629,11.0,12.0,11.0,12.0
630,11.0,12.0,11.0,12.0
631,11.0,12.0,11.0,12.0
632,17.0,12.0,17.0,12.0
633,31.0,12.0,31.0,12.0
634,14.0,12.0,13.0,11.0
635,13.0,12.0,12.0,12.0
636,13.0,12.0,12.0,12.0
637,11.0,12.0,11.0,12.0
638,11.0,12.0,11.0,12.0
639,11.0,12.0,11.0,11.0
640,11.0,12.0,11.0,11.0
641,11.0,12.0,11.0,11.0
642,11.0,12.0,11.0,11.0
643,11.0,12.0,11.0,11.0
644,11.0,12.0,11.0,11.0
645,11.0,12.0,11.0,11.0
646,11.0,12.0,11.0,11.0
647,11.0,12.0,11.0,11.0
648,11.0,12.0,11.0,11.0
649,11.0,12.0,11.0,11.0
650,11.0,12.0,11.0,11.0
651,11.0,12.0,11.0,11.0
652,11.0,12.0,11.0,11.0
653,11.0,12.0,11.0,11.0
654,11.0,12.0,11.0,11.0
655,11.0,12.0,11.0,11.0
656,11.0,12.0,11.0,11.0
657,11.0,12.0,11.0,11.0
658,11.0,12.0,11.0,11.0
659,12.0,12.0,12.0,11.0
660,15.0,12.0,15.0,11.0
661,11.0,12.0,11.0,11.0
662,11.0,12.0,11.0,11.0
663,11.0,12.0,11.0,11.0
664,11.0,12.0,11.0,11.0
665,11.0,12.0,11.0,11.0
666,11.0,12.0,11.0,11.0
667,11.0,12.0,11.0,11.0
668,11.0,12.0,11.0,11.0
669,11.0,12.0,11.0,11.0
670,11.0,12.0,11.0,11.0
671,11.0,12.0,11.0,11.0
672,11.0,12.0,11.0,11.0
673,11.0,12.0,11.0,11.0
674,11.0,12.0,11.0,11.0
675,11.0,12.0,11.0,11.0
676,11.0,12.0,11.0,11.0
677,11.0,12.0,11.0,11.0
678,11.0,12.0,11.0,11.0
679,11.0,12.0,11.0,11.0
680,11.0,12.0,11.0,11.0
681,11.0,12.0,11.0,11.0
682,11.0,12.0,11.0,11.0
683,11.0,12.0,11.0,11.0
684,11.0,12.0,11.0,11.0
685,12.0,12.0,12.0,11.0
686,11.0,12.0,11.0,11.0
687,11.0,12.0,11.0,11.0
688,11.0,12.0,11.0,11.0
689,11.0,12.0,11.0,12.0
690,11.0,12.0,11.0,12.0
691,11.0,12.0,11.0,12.0
692,11.0,12.0,11.0,11.0
693,11.0,12.0,11.0,12.0
694,11.0,12.0,11.0,12.0
695,11.0,12.0,11.0,11.0
696,11.0,12.0,11.0,11.0
697,11.0,12.0,11.0,11.0
698,11.0,12.0,11.0,11.0
699,11.0,12.0,11.0,11.0
700,11.0,12.0,11.0,11.0
701,11.0,12.0,11.0,11.0
702,11.0,12.0,11.0,11.0
703,11.0,12.0,11.0,11.0
704,11.0,12.0,11.0,12.0
705,11.0,12.0,11.0,12.0
706,11.0,12.0,11.0,12.0
707,11.0,12.0,11.0,12.0
708,11.0,12.0,11.0,11.0
709,11.0,12.0,11.0,11.0
710,11.0,12.0,11.0,11.0
711,11.0,12.0,11.0,11.0
712,11.0,12.0,11.0,11.0
713,11.0,12.0,11.0,11.0
714,11.0,12.0,11.0,11.0
715,11.0,12.0,11.0,12.0
716,11.0,12.0,11.0,12.0
717,11.0,12.0,11.0,12.0
718,11.0,12.0,11.0,12.0
719,11.0,12.0,11.0,12.0
720,11.0,12.0,11.0,12.0
721,11.0,12.0,11.0,13.0
722,11.0,12.0,11.0,12.0
723,11.0,12.0,11.0,12.0
724,11.0,13.0,11.0,12.0
725,11.0,13.0,11.0,13.0
726,11.0,14.0,12.0,13.0
727,11.0,14.0,12.0,15.0
728,12.0,14.0,13.0,15.0
729,12.0,14.0,12.0,14.0
730,11.0,14.0,11.0,14.0
731,11.0,15.0,11.0,14.0
732,12.0,15.0,12.0,15.0
733,11.0,15.0,12.0,14.0
734,11.0,15.0,12.0,14.0
735,11.0,16.0,12.0,15.0
736,11.0,16.0,12.0,15.0
737,11.0,16.0,12.0,14.0
738,11.0,16.0,12.0,14.0
739,11.0,15.0,12.0,14.0
740,11.0,15.0,12.0,14.0
741,11.0,16.0,12.0,15.0
742,11.0,16.0,12.0,15.0
743,11.0,16.0,12.0,15.0
744,11.0,16.0,12.0,15.0
745,11.0,17.0,12.0,16.0
746,11.0,17.0,12.0,16.0
747,11.0,17.0,12.0,16.0
748,11.0,16.0,12.0,16.0
749,12.0,15.0,13.0,15.0
750,12.0,16.0,13.0,15.0
751,11.0,16.0,13.0,14.0
752,12.0,17.0,14.0,14.0
753,12.0,18.0,14.0,16.0
754,13.0,17.0,14.0,16.0
755,12.0,17.0,14.0,15.0
756,12.0,17.0,14.0,15.0
757,12.0,18.0,15.0,15.0
758,12.0,18.0,15.0,14.0
759,12.0,19.0,16.0,15.0
760,12.0,18.0,16.0,14.0
761,13.0,17.0,15.0,15.0
762,13.0,17.0,15.0,15.0
763,13.0,15.0,14.0,14.0
764,13.0,15.0,15.0,13.0
765,13.0,15.0,14.0,15.0
766,13.0,16.0,14.0,17.0
767,14.0,17.0,13.0,18.0
768,14.0,17.0,13.0,18.0
769,14.0,18.0,14.0,18.0
770,14.0,18.0,15.0,18.0
771,14.0,17.0,14.0,16.0
772,13.0,17.0,14.0,17.0
773,14.0,16.0,15.0,16.0
774,14.0,17.0,15.0,16.0
775,13.0,17.0,14.0,16.0
776,13.0,17.0,14.0,16.0
777,13.0,16.0,13.0,16.0
778,13.0,16.0,13.0,16.0
779,13.0,16.0,13.0,16.0
780,13.0,16.0,13.0,16.0
781,13.0,17.0,14.0,16.0
782,13.0,16.0,14.0,15.0
783,13.0,16.0,14.0,15.0
784,13.0,16.0,13.0,15.0
785,13.0,16.0,14.0,15.0
786,13.0,16.0,14.0,16.0
787,13.0,16.0,13.0,16.0
788,12.0,16.0,13.0,15.0
789,12.0,16.0,12.0,16.0
790,12.0,16.0,12.0,16.0
791,12.0,22.0,17.0,16.0
792,11.0,17.0,12.0,16.0
793,12.0,17.0,12.0,16.0
794,12.0,16.0,12.0,15.0
795,13.0,16.0,13.0,15.0
796,13.0,16.0,13.0,16.0
797,14.0,16.0,14.0,16.0
798,14.0,17.0,14.0,16.0
799,14.0,17.0,14.0,16.0
800,15.0,17.0,14.0,17.0
801,15.0,17.0,15.0,17.0
802,16.0,17.0,15.0,18.0
803,16.0,18.0,16.0,18.0
804,15.0,19.0,15.0,19.0
805,15.0,18.0,15.0,17.0
806,15.0,18.0,15.0,16.0
807,14.0,17.0,15.0,16.0
808,14.0,17.0,15.0,17.0
809,14.0,18.0,14.0,18.0
810,14.0,18.0,14.0,18.0
811,13.0,18.0,13.0,17.0
812,14.0,20.0,14.0,20.0
813,13.0,20.0,14.0,18.0
814,18.0,20.0,14.0,24.0
815,15.0,19.0,13.0,21.0
816,13.0,19.0,13.0,19.0
817,14.0,20.0,13.0,20.0
818,14.0,20.0,13.0,20.0
819,14.0,17.0,13.0,18.0
820,14.0,17.0,14.0,17.0
821,14.0,20.0,15.0,20.0
822,14.0,20.0,15.0,19.0
823,15.0,21.0,16.0,20.0
824,15.0,22.0,16.0,21.0
825,15.0,23.0,16.0,21.0
826,15.0,23.0,17.0,22.0
827,15.0,23.0,16.0,22.0
828,14.0,20.0,16.0,19.0
829,14.0,21.0,15.0,20.0
830,15.0,22.0,15.0,21.0
831,18.0,22.0,15.0,25.0
832,18.0,24.0,15.0,26.0
833,19.0,26.0,16.0,28.0
834,17.0,22.0,18.0,21.0
835,17.0,24.0,18.0,23.0
836,17.0,24.0,18.0,23.0
837,17.0,25.0,17.0,24.0
838,18.0,25.0,18.0,25.0
839,18.0,22.0,18.0,22.0
840,18.0,22.0,18.0,22.0
841,18.0,24.0,18.0,24.0
842,17.0,25.0,17.0,25.0
843,16.0,26.0,17.0,25.0
844,16.0,26.0,16.0,26.0
845,15.0,27.0,16.0,26.0
846,15.0,27.0,16.0,26.0
847,16.0,30.0,16.0,28.0
848,16.0,30.0,16.0,28.0
849,16.0,28.0,16.0,27.0
850,16.0,28.0,16.0,28.0
851,17.0,31.0,16.0,32.0
852,18.0,27.0,17.0,28.0
853,18.0,28.0,17.0,28.0
854,18.0,31.0,18.0,30.0
855,20.0,27.0,19.0,28.0
856,20.0,27.0,19.0,29.0
857,20.0,25.0,19.0,25.0
858,19.0,26.0,19.0,26.0
859,20.0,23.0,20.0,23.0
860,20.0,24.0,21.0,22.0
861,21.0,27.0,21.0,26.0
862,20.0,22.0,21.0,20.0
863,21.0,21.0,22.0,21.0
864,22.0,22.0,21.0,22.0
865,22.0,23.0,21.0,22.0
866,22.0,22.0,21.0,22.0
867,22.0,25.0,24.0,22.0
868,21.0,22.0,22.0,22.0
869,22.0,20.0,22.0,19.0
870,22.0,21.0,22.0,20.0
871,22.0,20.0,22.0,19.0
872,22.0,21.0,22.0,20.0
873,21.0,21.0,21.0,20.0
874,21.0,21.0,21.0,20.0
875,20.0,20.0,20.0,20.0
876,18.0,21.0,19.0,20.0
877,19.0,20.0,18.0,20.0
878,18.0,20.0,19.0,20.0
879,20.0,22.0,20.0,21.0
880,20.0,22.0,21.0,22.0
881,22.0,25.0,22.0,24.0
882,22.0,26.0,24.0,24.0
883,23.0,25.0,26.0,22.0
884,24.0,26.0,27.0,23.0
885,24.0,27.0,26.0,25.0
886,23.0,26.0,26.0,23.0
887,23.0,24.0,24.0,22.0
888,23.0,22.0,24.0,21.0
889,24.0,23.0,23.0,23.0
890,23.0,23.0,23.0,24.0
891,22.0,26.0,22.0,25.0
892,21.0,26.0,21.0,25.0
893,20.0,27.0,22.0,24.0
894,20.0,27.0,21.0,25.0
895,21.0,25.0,21.0,24.0
896,22.0,24.0,23.0,23.0
897,22.0,23.0,23.0,22.0
898,23.0,24.0,24.0,23.0
899,25.0,25.0,25.0,24.0
900,25.0,25.0,26.0,24.0
901,26.0,28.0,27.0,27.0
902,25.0,28.0,27.0,26.0
903,25.0,28.0,26.0,26.0
904,25.0,28.0,27.0,27.0
905,25.0,26.0,26.0,26.0
906,24.0,27.0,25.0,26.0
907,25.0,29.0,26.0,28.0
908,26.0,29.0,26.0,28.0
909,26.0,29.0,27.0,27.0
910,26.0,27.0,27.0,26.0
911,26.0,28.0,26.0,27.0
912,25.0,27.0,26.0,26.0
913,24.0,27.0,25.0,26.0
914,23.0,27.0,24.0,27.0
915,23.0,28.0,23.0,27.0
916,23.0,28.0,24.0,27.0
917,23.0,28.0,24.0,27.0
918,24.0,29.0,24.0,28.0
919,23.0,28.0,24.0,27.0
920,22.0,25.0,23.0,24.0
921,22.0,25.0,23.0,24.0
922,22.0,26.0,23.0,25.0
923,22.0,27.0,23.0,26.0
924,22.0,28.0,23.0,27.0
925,22.0,27.0,23.0,26.0
926,22.0,28.0,23.0,27.0
927,22.0,24.0,23.0,23.0
928,21.0,25.0,21.0,24.0
929,19.0,24.0,21.0,23.0
930,19.0,22.0,20.0,21.0
931,18.0,21.0,19.0,20.0
932,18.0,22.0,19.0,20.0
933,17.0,22.0,19.0,20.0
934,17.0,21.0,19.0,19.0
935,17.0,22.0,19.0,20.0
936,17.0,22.0,17.0,21.0
937,17.0,23.0,18.0,21.0
938,18.0,23.0,19.0,21.0
939,18.0,24.0,19.0,22.0
940,17.0,24.0,19.0,22.0
941,18.0,23.0,19.0,22.0
942,18.0,23.0,19.0,21.0
943,19.0,22.0,20.0,21.0
944,20.0,22.0,20.0,21.0
945,21.0,20.0,21.0,19.0
946,21.0,20.0,21.0,19.0
947,21.0,21.0,22.0,19.0
948,21.0,20.0,22.0,19.0
949,20.0,20.0,21.0,18.0
950,20.0,19.0,21.0,18.0
951,20.0,19.0,21.0,18.0
952,20.0,19.0,20.0,18.0
953,20.0,17.0,20.0,16.0
954,20.0,18.0,20.0,17.0
955,20.0,18.0,21.0,17.0
956,21.0,18.0,22.0,17.0
957,20.0,18.0,21.0,16.0
958,20.0,18.0,20.0,17.0
959,19.0,17.0,20.0,16.0
960,19.0,18.0,21.0,16.0
961,20.0,18.0,20.0,17.0
962,19.0,18.0,20.0,17.0
963,20.0,18.0,20.0,17.0
964,20.0,17.0,21.0,16.0
965,20.0,16.0,21.0,16.0
966,20.0,17.0,21.0,15.0
967,19.0,16.0,20.0,15.0
968,19.0,16.0,19.0,15.0
969,17.0,16.0,17.0,15.0
970,17.0,16.0,17.0,16.0
971,17.0,16.0,17.0,16.0
972,16.0,16.0,15.0,16.0
973,14.0,16.0,15.0,15.0
974,14.0,17.0,15.0,15.0
975,13.0,16.0,14.0,15.0
976,13.0,16.0,14.0,15.0
977,12.0,15.0,13.0,13.0
978,13.0,15.0,13.0,14.0
979,13.0,14.0,13.0,14.0
980,13.0,14.0,13.0,14.0
981,12.0,13.0,12.0,13.0
982,12.0,13.0,13.0,13.0
983,12.0,13.0,12.0,12.0
984,12.0,13.0,13.0,12.0
985,11.0,12.0,12.0,12.0
986,11.0,12.0,12.0,12.0
987,12.0,12.0,12.0,13.0
988,13.0,12.0,12.0,13.0
989,13.0,12.0,12.0,13.0
990,13.0,12.0,11.0,13.0
991,11.0,12.0,11.0,12.0
992,11.0,12.0,11.0,11.0
993,11.0,12.0,11.0,11.0
994,11.0,12.0,11.0,12.0
995,11.0,12.0,11.0,12.0
996,11.0,12.0,11.0,12.0
997,11.0,12.0,11.0,12.0
998,12.0,12.0,12.0,12.0
999,11.0,12.0,11.0,12.0
